candidate_id,horizon_frames,outcome,n_rows,n_valid,n_signal,n_signal_valid,episodes,symbol_coverage,share_of_valid_rows,base_p_outcome,n_matched,ctrl_p_outcome,control_draws,p_up,p_down,p_outcome,mean_fwd_ticks,median_fwd_ticks,mfe,mae,median_t_favourable_s,median_t_adverse_s,lift_vs_base_pp,matched_lift_pp,matched_lift_sd,ctrl_mean_ticks,ticks_vs_ctrl,family,logic,formula,truth_class,status,reason
E1,2,up,4257,3560,1793,1658,312,14,0.46573,0.16826,1612,0.11346,20,0.22437,0.14536,0.22437,0.10163,0.0,0.2117,-0.05881,81.33513,79.72187,5.61116,11.09085,0.78,-0.31208,0.41371,reference,imb_l1 > 0.2,(bid_qty1-ask_qty1)/(bid_qty1+ask_qty1),INFERRED from OBSERVED L1 quantities,PROMISING,matched lift +11.09pp on 312 episodes
E1,4,up,4257,3533,1793,1634,312,14,0.4625,0.24455,1590,0.16538,20,0.32313,0.22705,0.32313,0.13464,0.0,0.49847,-0.28703,109.20054,115.30565,7.85786,15.77526,0.93786,-0.47604,0.61068,reference,imb_l1 > 0.2,(bid_qty1-ask_qty1)/(bid_qty1+ask_qty1),INFERRED from OBSERVED L1 quantities,PROMISING,matched lift +15.78pp on 312 episodes
E1,8,up,4257,3529,1793,1648,312,14,0.46699,0.29498,1590,0.22858,20,0.3574,0.31189,0.3574,-0.01305,0.0,0.83708,-0.71693,133.78535,170.2342,6.24156,12.88151,1.00515,-0.57619,0.56314,reference,imb_l1 > 0.2,(bid_qty1-ask_qty1)/(bid_qty1+ask_qty1),INFERRED from OBSERVED L1 quantities,PROMISING,matched lift +12.88pp on 312 episodes
REF_top3,2,up,4257,3560,2169,2025,226,14,0.56882,0.16826,1701,0.14879,20,0.18667,0.1763,0.18667,0.03309,0.0,0.15704,-0.11235,80.02505,80.54998,1.84116,3.78752,0.52614,-0.44722,0.48031,reference,imb_top3 > 0.2,,INFERRED,WEAK,matched lift +3.79pp — inside ±5pp of its control
REF_top3,4,up,4257,3533,2169,2003,226,14,0.56694,0.24455,1673,0.18757,20,0.27409,0.27059,0.27409,0.02247,0.0,0.42411,-0.37094,109.4698,112.02126,2.95386,8.65228,0.4395,-0.59308,0.61555,reference,imb_top3 > 0.2,,INFERRED,PROMISING,matched lift +8.65pp on 226 episodes
REF_top3,8,up,4257,3529,2169,2007,226,14,0.56872,0.29498,1674,0.23817,20,0.31938,0.34728,0.31938,-0.04036,0.0,0.80942,-0.79895,143.09368,156.26537,2.43956,8.1208,0.75141,-0.78747,0.74711,reference,imb_top3 > 0.2,,INFERRED,PROMISING,matched lift +8.12pp on 226 episodes
REF_top5,2,up,4257,3560,2244,2091,209,14,0.58736,0.16826,1595,0.13812,20,0.18795,0.18412,0.18795,0.01626,0.0,0.15136,-0.1296,79.48371,80.99403,1.96916,4.98309,0.7778,-0.39884,0.4151,reference,imb_top5 > 0.2,,INFERRED,WEAK,matched lift +4.98pp — inside ±5pp of its control
REF_top5,4,up,4257,3533,2244,2061,209,14,0.58336,0.24455,1575,0.19476,20,0.27123,0.27608,0.27123,0.01553,0.0,0.42576,-0.39471,109.15003,111.31496,2.66786,7.64681,1.03078,-0.59878,0.61431,reference,imb_top5 > 0.2,,INFERRED,PROMISING,matched lift +7.65pp on 209 episodes
REF_top5,8,up,4257,3529,2244,2063,209,14,0.58458,0.29498,1584,0.21503,20,0.32719,0.35482,0.32719,-0.03272,0.0,0.83519,-0.84707,143.57068,150.87101,3.22056,11.21647,0.84238,-0.84304,0.81032,reference,imb_top5 > 0.2,,INFERRED,PROMISING,matched lift +11.22pp on 209 episodes
REF_weighted,2,up,4257,3560,2139,1985,200,14,0.55758,0.16826,1291,0.14524,20,0.2005,0.19244,0.2005,0.03476,0.0,0.17834,-0.12821,82.31661,79.61905,3.22416,5.52637,0.55431,-0.37748,0.41224,reference,imb_weighted > 0.2,,INFERRED,PROMISING,matched lift +5.53pp on 200 episodes
REF_weighted,4,up,4257,3533,2139,1956,200,14,0.55364,0.24455,1268,0.22453,20,0.2863,0.29192,0.2863,0.0184,0.0,0.46881,-0.42561,110.26768,110.9829,4.17486,6.17732,0.84013,-0.50607,0.52447,reference,imb_weighted > 0.2,,INFERRED,PROMISING,matched lift +6.18pp on 200 episodes
REF_weighted,8,up,4257,3529,2139,1960,200,14,0.5554,0.29498,1268,0.24547,20,0.34439,0.36173,0.34439,0.00332,0.0,0.91786,-0.8852,143.15176,148.74018,4.94056,9.89247,0.9082,-0.87397,0.87729,reference,imb_weighted > 0.2,,INFERRED,PROMISING,matched lift +9.89pp on 200 episodes
REF_all,2,up,4257,3560,1875,1733,133,13,0.4868,0.16826,891,0.22318,20,0.18292,0.20716,0.18292,-0.04183,0.0,0.12435,-0.19215,79.69841,77.56429,1.46616,-4.02562,1.06242,-0.33993,0.2981,reference,imb_all > 0.2,,INFERRED,WEAK,matched lift -4.03pp — inside ±5pp of its control
REF_all,4,up,4257,3533,1875,1704,133,13,0.48231,0.24455,871,0.31561,20,0.26878,0.3081,0.26878,-0.06837,0.0,0.4196,-0.51056,110.26789,108.9308,2.42286,-4.68342,1.18375,-0.44067,0.3723,reference,imb_all > 0.2,,INFERRED,WEAK,matched lift -4.68pp — inside ±5pp of its control
REF_all,8,up,4257,3529,1875,1696,133,13,0.48059,0.29498,872,0.31107,20,0.31781,0.37913,0.31781,-0.10967,0.0,0.88267,-1.00649,144.44693,137.88363,2.28256,0.67435,1.07699,-0.80235,0.69268,reference,imb_all > 0.2,,INFERRED,WEAK,matched lift +0.67pp — inside ±5pp of its control
TLPI_l0,2,up,4257,3560,1836,1733,133,13,0.4868,0.16826,891,0.22318,20,0.18292,0.20716,0.18292,-0.04183,0.0,0.12435,-0.19215,79.69841,77.56429,1.46616,-4.02562,1.06242,-0.33993,0.2981,tlpi,TLPI(0) > 0.2,Σq·exp(-λ·|p-mid|/tick) imbalance,INFERRED,WEAK,matched lift -4.03pp — inside ±5pp of its control
TLPI_l0,4,up,4257,3533,1836,1704,133,13,0.48231,0.24455,871,0.31561,20,0.26878,0.3081,0.26878,-0.06837,0.0,0.4196,-0.51056,110.26789,108.9308,2.42286,-4.68342,1.18375,-0.44067,0.3723,tlpi,TLPI(0) > 0.2,Σq·exp(-λ·|p-mid|/tick) imbalance,INFERRED,WEAK,matched lift -4.68pp — inside ±5pp of its control
TLPI_l0,8,up,4257,3529,1836,1696,133,13,0.48059,0.29498,872,0.31107,20,0.31781,0.37913,0.31781,-0.10967,0.0,0.88267,-1.00649,144.44693,137.88363,2.28256,0.67435,1.07699,-0.80235,0.69268,tlpi,TLPI(0) > 0.2,Σq·exp(-λ·|p-mid|/tick) imbalance,INFERRED,WEAK,matched lift +0.67pp — inside ±5pp of its control
TLPI_l0_rank,2,up,4257,3560,1836,1733,133,13,0.4868,0.16826,891,0.22318,20,0.18292,0.20716,0.18292,-0.04183,0.0,0.12435,-0.19215,79.69841,77.56429,1.46616,-4.02562,1.06242,-0.33993,0.2981,tlpi_rank_ablation,rank-decayed twin of TLPI(0) > 0.2,,INFERRED,WEAK,matched lift -4.03pp — inside ±5pp of its control
TLPI_l0_rank,4,up,4257,3533,1836,1704,133,13,0.48231,0.24455,871,0.31561,20,0.26878,0.3081,0.26878,-0.06837,0.0,0.4196,-0.51056,110.26789,108.9308,2.42286,-4.68342,1.18375,-0.44067,0.3723,tlpi_rank_ablation,rank-decayed twin of TLPI(0) > 0.2,,INFERRED,WEAK,matched lift -4.68pp — inside ±5pp of its control
TLPI_l0_rank,8,up,4257,3529,1836,1696,133,13,0.48059,0.29498,872,0.31107,20,0.31781,0.37913,0.31781,-0.10967,0.0,0.88267,-1.00649,144.44693,137.88363,2.28256,0.67435,1.07699,-0.80235,0.69268,tlpi_rank_ablation,rank-decayed twin of TLPI(0) > 0.2,,INFERRED,WEAK,matched lift +0.67pp — inside ±5pp of its control
TLPI_l0.25,2,up,4257,3560,2164,2047,205,14,0.575,0.16826,1375,0.15662,20,0.19932,0.19785,0.19932,0.02467,0.0,0.17416,-0.13605,82.31661,81.59445,3.10616,4.27018,0.96116,-0.33078,0.35545,tlpi,TLPI(0.25) > 0.2,Σq·exp(-λ·|p-mid|/tick) imbalance,INFERRED,WEAK,matched lift +4.27pp — inside ±5pp of its control
TLPI_l0.25,4,up,4257,3533,2164,2016,205,14,0.57062,0.24455,1366,0.23799,20,0.2872,0.29762,0.2872,0.01612,0.0,0.47842,-0.44221,110.23954,110.17982,4.26486,4.92059,0.76776,-0.49107,0.50719,tlpi,TLPI(0.25) > 0.2,Σq·exp(-λ·|p-mid|/tick) imbalance,INFERRED,WEAK,matched lift +4.92pp — inside ±5pp of its control
TLPI_l0.25,8,up,4257,3529,2164,2022,205,14,0.57297,0.29498,1376,0.24273,20,0.34273,0.36251,0.34273,0.00593,0.0,0.91889,-0.8912,142.64263,144.40663,4.77456,9.99974,0.60345,-1.00867,1.0146,tlpi,TLPI(0.25) > 0.2,Σq·exp(-λ·|p-mid|/tick) imbalance,INFERRED,PROMISING,matched lift +10.00pp on 205 episodes
TLPI_l0.25_rank,2,up,4257,3560,2061,1947,204,14,0.54691,0.16826,1365,0.16333,20,0.19877,0.19825,0.19877,0.0036,0.0,0.15074,-0.14818,82.13028,81.99189,3.05116,3.54367,0.73085,-0.27529,0.27889,tlpi_rank_ablation,rank-decayed twin of TLPI(0.25) > 0.2,,INFERRED,WEAK,matched lift +3.54pp — inside ±5pp of its control
TLPI_l0.25_rank,4,up,4257,3533,2061,1915,204,14,0.54203,0.24455,1338,0.25605,20,0.28355,0.29817,0.28355,-0.00888,0.0,0.44491,-0.44413,110.26768,112.02882,3.89986,2.74962,0.90936,-0.42704,0.41816,tlpi_rank_ablation,rank-decayed twin of TLPI(0.25) > 0.2,,INFERRED,WEAK,matched lift +2.75pp — inside ±5pp of its control
TLPI_l0.25_rank,8,up,4257,3529,2061,1919,204,14,0.54378,0.29498,1345,0.25509,20,0.33872,0.36373,0.33872,-0.01068,0.0,0.889,-0.88979,142.02971,147.82918,4.37356,8.36271,0.91756,-0.8802,0.86952,tlpi_rank_ablation,rank-decayed twin of TLPI(0.25) > 0.2,,INFERRED,PROMISING,matched lift +8.36pp on 204 episodes
TLPI_l0.5,2,up,4257,3560,2252,2136,237,14,0.6,0.16826,1623,0.12455,20,0.19991,0.17931,0.19991,0.05454,0.0,0.18446,-0.10323,79.81036,81.59445,3.16516,7.53567,0.8399,-0.59777,0.65231,tlpi,TLPI(0.5) > 0.2,Σq·exp(-λ·|p-mid|/tick) imbalance,INFERRED,PROMISING,matched lift +7.54pp on 237 episodes
TLPI_l0.5,4,up,4257,3533,2252,2110,237,14,0.59723,0.24455,1603,0.17598,20,0.29052,0.27204,0.29052,0.06872,0.0,0.47796,-0.37417,110.18956,111.26221,4.59686,11.45375,0.79269,-0.86216,0.93088,tlpi,TLPI(0.5) > 0.2,Σq·exp(-λ·|p-mid|/tick) imbalance,INFERRED,PROMISING,matched lift +11.45pp on 237 episodes
TLPI_l0.5,8,up,4257,3529,2252,2121,237,14,0.60102,0.29498,1616,0.18926,20,0.33993,0.34465,0.33993,0.04455,0.0,0.88967,-0.78784,143.15176,150.42438,4.49456,15.06664,0.84521,-1.35196,1.39651,tlpi,TLPI(0.5) > 0.2,Σq·exp(-λ·|p-mid|/tick) imbalance,INFERRED,PROMISING,matched lift +15.07pp on 237 episodes
TLPI_l0.5_rank,2,up,4257,3560,2130,2019,237,14,0.56713,0.16826,1588,0.13297,20,0.20059,0.1788,0.20059,0.05275,0.0,0.18004,-0.10451,79.81036,81.22557,3.23316,6.7624,0.61777,-0.50806,0.56081,tlpi_rank_ablation,rank-decayed twin of TLPI(0.5) > 0.2,,INFERRED,PROMISING,matched lift +6.76pp on 237 episodes
TLPI_l0.5_rank,4,up,4257,3533,2130,1990,237,14,0.56326,0.24455,1562,0.18915,20,0.29095,0.27186,0.29095,0.05704,0.0,0.46407,-0.36709,109.6552,111.31496,4.63986,10.18015,0.84996,-0.68916,0.7462,tlpi_rank_ablation,rank-decayed twin of TLPI(0.5) > 0.2,,INFERRED,PROMISING,matched lift +10.18pp on 237 episodes
TLPI_l0.5_rank,8,up,4257,3529,2130,1996,237,14,0.5656,0.29498,1568,0.19974,20,0.33968,0.34168,0.33968,0.03908,0.0,0.87976,-0.77806,142.2663,150.48181,4.46956,13.99351,0.69973,-1.09011,1.12919,tlpi_rank_ablation,rank-decayed twin of TLPI(0.5) > 0.2,,INFERRED,PROMISING,matched lift +13.99pp on 237 episodes
TLPI_l1,2,up,4257,3560,2099,1987,262,14,0.55815,0.16826,1788,0.10294,20,0.20584,0.16054,0.20584,0.09311,0.0,0.20659,-0.06517,80.44915,81.3573,3.75816,10.29038,0.62871,-0.47016,0.56327,tlpi,TLPI(1) > 0.2,Σq·exp(-λ·|p-mid|/tick) imbalance,INFERRED,PROMISING,matched lift +10.29pp on 262 episodes
TLPI_l1,4,up,4257,3533,2099,1962,262,14,0.55534,0.24455,1767,0.1474,20,0.3002,0.24669,0.3002,0.11035,0.0,0.49134,-0.3104,110.20928,112.76111,5.56486,15.28033,0.55737,-0.61978,0.73013,tlpi,TLPI(1) > 0.2,Σq·exp(-λ·|p-mid|/tick) imbalance,INFERRED,PROMISING,matched lift +15.28pp on 262 episodes
TLPI_l1,8,up,4257,3529,2099,1973,262,14,0.55908,0.29498,1776,0.19178,20,0.34769,0.32083,0.34769,0.08033,0.0,0.88039,-0.70096,141.79311,162.79934,5.27056,15.59107,0.58355,-0.86636,0.94669,tlpi,TLPI(1) > 0.2,Σq·exp(-λ·|p-mid|/tick) imbalance,INFERRED,PROMISING,matched lift +15.59pp on 262 episodes
TLPI_l1_rank,2,up,4257,3560,2027,1917,253,14,0.53848,0.16826,1740,0.11503,20,0.19927,0.16067,0.19927,0.07564,0.0,0.18701,-0.07538,80.44686,81.03234,3.10116,8.42413,0.79575,-0.45769,0.53333,tlpi_rank_ablation,rank-decayed twin of TLPI(1) > 0.2,,INFERRED,PROMISING,matched lift +8.42pp on 253 episodes
TLPI_l1_rank,4,up,4257,3533,2027,1893,253,14,0.53581,0.24455,1720,0.15358,20,0.29424,0.24723,0.29424,0.09905,0.0,0.47227,-0.31352,110.29121,112.76111,4.96886,14.06644,0.69698,-0.61388,0.71293,tlpi_rank_ablation,rank-decayed twin of TLPI(1) > 0.2,,INFERRED,PROMISING,matched lift +14.07pp on 253 episodes
TLPI_l1_rank,8,up,4257,3529,2027,1903,253,14,0.53925,0.29498,1728,0.18437,20,0.34419,0.32055,0.34419,0.06017,0.0,0.86311,-0.70809,143.62224,162.79934,4.92056,15.9815,0.65886,-0.87653,0.9367,tlpi_rank_ablation,rank-decayed twin of TLPI(1) > 0.2,,INFERRED,PROMISING,matched lift +15.98pp on 253 episodes
TLPI_l2,2,up,4257,3560,1891,1792,294,14,0.50337,0.16826,1723,0.11526,20,0.21708,0.15346,0.21708,0.07868,0.0,0.19252,-0.07115,82.31661,79.72187,4.88216,10.18159,0.47203,-0.3483,0.42698,tlpi,TLPI(2) > 0.2,Σq·exp(-λ·|p-mid|/tick) imbalance,INFERRED,PROMISING,matched lift +10.18pp on 294 episodes
TLPI_l2,4,up,4257,3533,1891,1762,294,14,0.49873,0.24455,1695,0.17088,20,0.31271,0.23893,0.31271,0.08939,0.0,0.4651,-0.31413,109.47389,114.20932,6.81586,14.1825,0.75268,-0.46513,0.55452,tlpi,TLPI(2) > 0.2,Σq·exp(-λ·|p-mid|/tick) imbalance,INFERRED,PROMISING,matched lift +14.18pp on 294 episodes
TLPI_l2,8,up,4257,3529,1891,1775,294,14,0.50298,0.29498,1701,0.23471,20,0.3538,0.31606,0.3538,-0.00479,0.0,0.8293,-0.72338,134.93665,163.53835,5.88156,11.90851,0.77287,-0.59877,0.59398,tlpi,TLPI(2) > 0.2,Σq·exp(-λ·|p-mid|/tick) imbalance,INFERRED,PROMISING,matched lift +11.91pp on 294 episodes
TLPI_l2_rank,2,up,4257,3560,1857,1755,292,14,0.49298,0.16826,1686,0.1194,20,0.21481,0.15328,0.21481,0.07521,0.0,0.1906,-0.07436,81.80428,77.56429,4.65516,9.5415,0.73481,-0.33843,0.41364,tlpi_rank_ablation,rank-decayed twin of TLPI(2) > 0.2,,INFERRED,PROMISING,matched lift +9.54pp on 292 episodes
TLPI_l2_rank,4,up,4257,3533,1857,1728,292,14,0.4891,0.24455,1661,0.17128,20,0.30961,0.24016,0.30961,0.08102,0.0,0.46267,-0.32002,109.20054,115.00109,6.50586,13.83276,0.89884,-0.44694,0.52796,tlpi_rank_ablation,rank-decayed twin of TLPI(2) > 0.2,,INFERRED,PROMISING,matched lift +13.83pp on 292 episodes
TLPI_l2_rank,8,up,4257,3529,1857,1741,292,14,0.49334,0.29498,1667,0.22693,20,0.35382,0.31361,0.35382,-0.01235,0.0,0.82625,-0.73406,135.73225,163.52287,5.88356,12.68854,0.57837,-0.58889,0.57654,tlpi_rank_ablation,rank-decayed twin of TLPI(2) > 0.2,,INFERRED,PROMISING,matched lift +12.69pp on 292 episodes
TLPI_l4,2,up,4257,3560,1782,1682,309,14,0.47247,0.16826,1624,0.12223,20,0.22235,0.14685,0.22235,0.09661,0.0,0.21136,-0.06272,80.68009,79.72187,5.40916,10.01209,0.66335,-0.26689,0.3635,tlpi,TLPI(4) > 0.2,Σq·exp(-λ·|p-mid|/tick) imbalance,INFERRED,PROMISING,matched lift +10.01pp on 309 episodes
TLPI_l4,4,up,4257,3533,1782,1660,309,14,0.46986,0.24455,1604,0.18251,20,0.32349,0.23133,0.32349,0.12741,0.0,0.5012,-0.29699,109.87805,115.53634,7.89386,14.09775,0.95708,-0.39531,0.52272,tlpi,TLPI(4) > 0.2,Σq·exp(-λ·|p-mid|/tick) imbalance,INFERRED,PROMISING,matched lift +14.10pp on 309 episodes
TLPI_l4,8,up,4257,3529,1782,1672,309,14,0.47379,0.29498,1602,0.23995,20,0.36184,0.3122,0.36184,0.00389,0.0,0.86453,-0.72638,135.33445,169.39893,6.68556,12.18899,1.12768,-0.52085,0.52474,tlpi,TLPI(4) > 0.2,Σq·exp(-λ·|p-mid|/tick) imbalance,INFERRED,PROMISING,matched lift +12.19pp on 309 episodes
TLPI_l4_rank,2,up,4257,3560,1771,1671,310,14,0.46938,0.16826,1613,0.12402,20,0.22322,0.14722,0.22322,0.09635,0.0,0.21155,-0.06314,80.02505,78.64308,5.49616,9.91964,0.65347,-0.27367,0.37002,tlpi_rank_ablation,rank-decayed twin of TLPI(4) > 0.2,,INFERRED,PROMISING,matched lift +9.92pp on 310 episodes
TLPI_l4_rank,4,up,4257,3533,1771,1649,310,14,0.46674,0.24455,1593,0.17734,20,0.32444,0.23105,0.32444,0.12674,0.0,0.50243,-0.29867,109.64872,115.00109,7.98886,14.71016,0.85601,-0.41492,0.54166,tlpi_rank_ablation,rank-decayed twin of TLPI(4) > 0.2,,INFERRED,PROMISING,matched lift +14.71pp on 310 episodes
TLPI_l4_rank,8,up,4257,3529,1771,1661,310,14,0.47067,0.29498,1591,0.23331,20,0.36303,0.31005,0.36303,0.00271,0.0,0.86815,-0.73058,134.67699,167.8876,6.80456,12.97176,1.15097,-0.53551,0.53822,tlpi_rank_ablation,rank-decayed twin of TLPI(4) > 0.2,,INFERRED,PROMISING,matched lift +12.97pp on 310 episodes
TLPI_l8,2,up,4257,3560,1756,1660,309,14,0.46629,0.16826,1605,0.11502,20,0.22289,0.14578,0.22289,0.09639,0.0,0.21024,-0.06325,81.33513,79.85243,5.46316,10.78744,0.5403,-0.30092,0.39731,tlpi,TLPI(8) > 0.2,Σq·exp(-λ·|p-mid|/tick) imbalance,INFERRED,PROMISING,matched lift +10.79pp on 309 episodes
TLPI_l8,4,up,4257,3533,1756,1636,309,14,0.46306,0.24455,1583,0.16841,20,0.32274,0.228,0.32274,0.12775,0.0,0.49725,-0.29523,109.42587,115.53634,7.81886,15.43256,0.66489,-0.44348,0.57123,tlpi,TLPI(8) > 0.2,Σq·exp(-λ·|p-mid|/tick) imbalance,INFERRED,PROMISING,matched lift +15.43pp on 309 episodes
TLPI_l8,8,up,4257,3529,1756,1650,309,14,0.46755,0.29498,1583,0.23035,20,0.35697,0.31273,0.35697,-0.01242,0.0,0.84091,-0.72394,133.97614,171.50024,6.19856,12.66162,0.64626,-0.55419,0.54177,tlpi,TLPI(8) > 0.2,Σq·exp(-λ·|p-mid|/tick) imbalance,INFERRED,PROMISING,matched lift +12.66pp on 309 episodes
TLPI_l8_rank,2,up,4257,3560,1756,1660,309,14,0.46629,0.16826,1605,0.11502,20,0.22289,0.14578,0.22289,0.09639,0.0,0.21024,-0.06325,81.33513,79.85243,5.46316,10.78744,0.5403,-0.30092,0.39731,tlpi_rank_ablation,rank-decayed twin of TLPI(8) > 0.2,,INFERRED,PROMISING,matched lift +10.79pp on 309 episodes
TLPI_l8_rank,4,up,4257,3533,1756,1636,309,14,0.46306,0.24455,1583,0.16841,20,0.32274,0.228,0.32274,0.12775,0.0,0.49725,-0.29523,109.42587,115.53634,7.81886,15.43256,0.66489,-0.44348,0.57123,tlpi_rank_ablation,rank-decayed twin of TLPI(8) > 0.2,,INFERRED,PROMISING,matched lift +15.43pp on 309 episodes
TLPI_l8_rank,8,up,4257,3529,1756,1650,309,14,0.46755,0.29498,1583,0.23035,20,0.35697,0.31273,0.35697,-0.01242,0.0,0.84091,-0.72394,133.97614,171.50024,6.19856,12.66162,0.64626,-0.55419,0.54177,tlpi_rank_ablation,rank-decayed twin of TLPI(8) > 0.2,,INFERRED,PROMISING,matched lift +12.66pp on 309 episodes
DYN_A_level,2,up,4257,3560,1793,1658,312,14,0.46573,0.16826,1612,0.11346,20,0.22437,0.14536,0.22437,0.10163,0.0,0.2117,-0.05881,81.33513,79.72187,5.61116,11.09085,0.78,-0.31208,0.41371,dynamics,P > 0.2,,INFERRED,PROMISING,matched lift +11.09pp on 312 episodes
DYN_A_level,4,up,4257,3533,1793,1634,312,14,0.4625,0.24455,1590,0.16538,20,0.32313,0.22705,0.32313,0.13464,0.0,0.49847,-0.28703,109.20054,115.30565,7.85786,15.77526,0.93786,-0.47604,0.61068,dynamics,P > 0.2,,INFERRED,PROMISING,matched lift +15.78pp on 312 episodes
DYN_A_level,8,up,4257,3529,1793,1648,312,14,0.46699,0.29498,1590,0.22858,20,0.3574,0.31189,0.3574,-0.01305,0.0,0.83708,-0.71693,133.78535,170.2342,6.24156,12.88151,1.00515,-0.57619,0.56314,dynamics,P > 0.2,,INFERRED,PROMISING,matched lift +12.88pp on 312 episodes
DYN_B_crossing,2,up,4257,3560,249,232,249,14,0.06517,0.16826,230,0.20261,20,0.18966,0.125,0.18966,0.12931,0.0,0.23707,-0.125,115.23706,100.46283,2.14016,-1.29487,2.03149,-0.0412,0.17051,dynamics,P crosses up through 0.2,,INFERRED,WEAK,matched lift -1.29pp — inside ±5pp of its control
DYN_B_crossing,4,up,4257,3533,249,231,249,14,0.06538,0.24455,228,0.27895,20,0.35498,0.22944,0.35498,0.25974,0.0,0.67965,-0.37879,128.87796,123.51198,11.04286,7.60326,2.02446,-0.11404,0.37378,dynamics,P crosses up through 0.2,,INFERRED,PROMISING,matched lift +7.60pp on 249 episodes
DYN_B_crossing,8,up,4257,3529,249,233,249,14,0.06602,0.29498,231,0.32424,20,0.35622,0.36481,0.35622,-0.00858,0.0,1.06867,-0.8927,150.65705,188.22628,6.12356,3.19776,2.62347,-0.29545,0.28687,dynamics,P crosses up through 0.2,,INFERRED,WEAK,matched lift +3.20pp — inside ±5pp of its control
DYN_C_level_vel,2,up,4257,3560,477,446,457,14,0.12528,0.16826,444,0.18615,20,0.17937,0.09417,0.17937,0.12556,0.0,0.21188,-0.08408,110.05936,104.66876,1.11116,-0.67786,1.44543,-0.06571,0.19127,dynamics,P > θ and V > 0,,INFERRED,WEAK,matched lift -0.68pp — inside ±5pp of its control
DYN_C_level_vel,4,up,4257,3533,477,442,457,14,0.12511,0.24455,439,0.24339,20,0.34389,0.18326,0.34389,0.25,0.0,0.56109,-0.27941,126.24987,125.92658,9.93386,10.04959,2.29852,-0.1635,0.4135,dynamics,P > θ and V > 0,,INFERRED,PROMISING,matched lift +10.05pp on 457 episodes
DYN_C_level_vel,8,up,4257,3529,477,445,457,14,0.1261,0.29498,443,0.29944,20,0.3618,0.30787,0.3618,0.03146,0.0,0.94944,-0.74944,150.55574,210.68798,6.68156,6.23643,1.99937,-0.23657,0.26803,dynamics,P > θ and V > 0,,INFERRED,PROMISING,matched lift +6.24pp on 457 episodes
DYN_D_level_vel_acc,2,up,4257,3560,451,422,444,14,0.11854,0.16826,420,0.18238,20,0.18483,0.09005,0.18483,0.14455,0.0,0.2263,-0.07464,110.05936,104.05161,1.65716,0.2449,1.79575,-0.08006,0.22461,dynamics,P > θ and V > 0 and A > 0,,INFERRED,WEAK,matched lift +0.24pp — inside ±5pp of its control
DYN_D_level_vel_acc,4,up,4257,3533,451,418,444,14,0.11831,0.24455,415,0.24952,20,0.34928,0.18421,0.34928,0.2512,0.0,0.56579,-0.27751,124.88533,126.3873,10.47286,9.97619,1.87218,-0.15211,0.40331,dynamics,P > θ and V > 0 and A > 0,,INFERRED,PROMISING,matched lift +9.98pp on 444 episodes
DYN_D_level_vel_acc,8,up,4257,3529,451,421,444,14,0.1193,0.29498,419,0.30048,20,0.37055,0.30641,0.37055,0.07245,0.0,0.96793,-0.72922,150.55172,206.05465,7.55656,7.00727,2.44361,-0.27399,0.34644,dynamics,P > θ and V > 0 and A > 0,,INFERRED,PROMISING,matched lift +7.01pp on 444 episodes
DYN_E_touch_not_deep,2,up,4257,3560,361,340,93,14,0.09551,0.16826,337,0.16662,20,0.18235,0.12647,0.18235,0.10147,0.0,0.17794,-0.02206,85.94365,72.0404,1.40916,1.57328,1.81464,-0.07589,0.17736,dynamics,L1 > θ while |top5| ≤ θ (touch only),,INFERRED,WEAK,matched lift +1.57pp — inside ±5pp of its control
DYN_E_touch_not_deep,4,up,4257,3533,361,345,93,14,0.09765,0.24455,342,0.24737,20,0.29565,0.24348,0.29565,0.12174,0.0,0.44783,-0.22319,115.22552,121.76869,5.10986,4.82816,1.19396,-0.10658,0.22832,dynamics,L1 > θ while |top5| ≤ θ (touch only),,INFERRED,WEAK,matched lift +4.83pp — inside ±5pp of its control
DYN_E_touch_not_deep,8,up,4257,3529,361,348,93,14,0.09861,0.29498,345,0.31826,20,0.35057,0.33333,0.35057,-0.06466,0.0,0.71264,-0.66092,149.81825,183.90907,5.55856,3.23091,1.99846,-0.17399,0.10933,dynamics,L1 > θ while |top5| ≤ θ (touch only),,INFERRED,WEAK,matched lift +3.23pp — inside ±5pp of its control
DYN_F_l1_pos_top5_weak,2,up,4257,3560,175,160,55,14,0.04494,0.16826,154,0.19188,20,0.20625,0.18125,0.20625,0.14062,0.0,0.27187,-0.04688,93.17019,72.22972,3.79916,1.43669,3.09971,-0.07419,0.21481,dynamics,L1 > θ and top5 < 0,,INFERRED,WEAK,matched lift +1.44pp — inside ±5pp of its control
DYN_F_l1_pos_top5_weak,4,up,4257,3533,175,157,55,14,0.04444,0.24455,153,0.31503,20,0.28025,0.28662,0.28025,0.08917,0.0,0.57962,-0.33439,114.00432,105.44042,3.56986,-3.47827,3.14241,-0.0549,0.14407,dynamics,L1 > θ and top5 < 0,,INFERRED,WEAK,matched lift -3.48pp — inside ±5pp of its control
DYN_F_l1_pos_top5_weak,8,up,4257,3529,175,159,55,14,0.04506,0.29498,153,0.3451,20,0.31447,0.46541,0.31447,-0.38365,0.0,0.77044,-0.89308,157.91964,187.02904,1.94856,-3.0628,4.13152,-0.16699,-0.21666,dynamics,L1 > θ and top5 < 0,,INFERRED,WEAK,matched lift -3.06pp — inside ±5pp of its control
DYN_G_top5_pos_l1_weak,2,down,4257,3560,671,634,161,14,0.17809,0.21124,619,0.18514,20,0.10095,0.24606,0.24606,-0.16246,0.0,0.00394,-0.26025,80.44915,73.3069,3.4824,6.09227,1.59446,-0.04414,-0.11832,dynamics,"top5 > θ and L1 < 0 — deep bullish, touch bearish",,INFERRED,PROMISING,matched lift +6.09pp on 161 episodes
DYN_G_top5_pos_l1_weak,4,down,4257,3533,671,636,161,14,0.18002,0.31956,615,0.27927,20,0.16195,0.37264,0.37264,-0.2445,0.0,0.23742,-0.5739,117.43209,104.67421,5.30816,9.33717,1.45901,-0.0161,-0.2284,dynamics,"top5 > θ and L1 < 0 — deep bullish, touch bearish",,INFERRED,PROMISING,matched lift +9.34pp on 161 episodes
DYN_G_top5_pos_l1_weak,8,down,4257,3529,671,627,161,14,0.17767,0.40861,612,0.36822,20,0.24721,0.48485,0.48485,-0.35088,0.0,0.62998,-1.16427,199.08956,145.02955,7.62357,11.6631,1.28908,-0.19493,-0.15595,dynamics,"top5 > θ and L1 < 0 — deep bullish, touch bearish",,INFERRED,PROMISING,matched lift +11.66pp on 161 episodes
DYN_H_persistent,2,up,4257,3560,1200,1110,208,14,0.3118,0.16826,1094,0.12642,20,0.21892,0.14144,0.21892,0.08378,0.0,0.18649,-0.0518,73.47129,76.68436,5.06616,9.25032,0.97871,-0.17665,0.26043,dynamics,P above θ for ≥ 3 consecutive frames,,INFERRED,PROMISING,matched lift +9.25pp on 208 episodes
DYN_H_persistent,4,up,4257,3533,1200,1091,208,14,0.3088,0.24455,1074,0.18459,20,0.31164,0.21815,0.31164,0.11549,0.0,0.42209,-0.23831,100.95187,116.84575,6.70886,12.70497,1.35263,-0.31927,0.43476,dynamics,P above θ for ≥ 3 consecutive frames,,INFERRED,PROMISING,matched lift +12.70pp on 208 episodes
DYN_H_persistent,8,up,4257,3529,1200,1092,208,14,0.30944,0.29498,1075,0.22544,20,0.36538,0.29121,0.36538,0.0174,0.0,0.75824,-0.63324,131.26243,168.32705,7.03956,13.99381,1.07058,-0.43856,0.45596,dynamics,P above θ for ≥ 3 consecutive frames,,INFERRED,PROMISING,matched lift +13.99pp on 208 episodes
DYN_I_exhaustion,2,up,4257,3560,205,192,198,14,0.05393,0.16826,192,0.15781,20,0.13021,0.125,0.13021,0.04688,0.0,0.17448,-0.08854,110.26768,120.92501,-3.80484,-2.76025,2.13812,-0.09701,0.14389,dynamics,P above θ but V < 0 and A < 0,,INFERRED,WEAK,matched lift -2.76pp — inside ±5pp of its control
DYN_I_exhaustion,4,up,4257,3533,205,195,198,14,0.05519,0.24455,195,0.23513,20,0.24615,0.23077,0.24615,-0.0359,0.0,0.37436,-0.35385,123.11,128.05202,0.15986,1.10218,2.80526,-0.12103,0.08513,dynamics,P above θ but V < 0 and A < 0,,INFERRED,WEAK,matched lift +1.10pp — inside ±5pp of its control
DYN_I_exhaustion,8,up,4257,3529,205,195,198,14,0.05526,0.29498,195,0.26795,20,0.33846,0.32821,0.33846,-0.12821,0.0,0.64103,-0.72821,158.0525,205.07465,4.34756,7.05113,3.21281,-0.27731,0.1491,dynamics,P above θ but V < 0 and A < 0,,INFERRED,PROMISING,matched lift +7.05pp on 198 episodes
DYN_J_reversal,2,up,4257,3560,145,140,145,14,0.03933,0.16826,138,0.20543,20,0.21429,0.14286,0.21429,0.21071,0.0,0.33929,-0.11429,111.24155,102.06534,4.60316,0.88552,3.4173,-0.09312,0.30383,dynamics,P crosses from below −θ to above +θ,,INFERRED,WEAK,matched lift +0.89pp — inside ±5pp of its control
DYN_J_reversal,4,up,4257,3533,145,135,145,14,0.03821,0.24455,132,0.26288,20,0.38519,0.28148,0.38519,0.15926,0.0,0.72593,-0.45926,126.46877,121.6182,14.06386,12.23112,4.36303,-0.19943,0.35869,dynamics,P crosses from below −θ to above +θ,,INFERRED,PROMISING,matched lift +12.23pp on 145 episodes
DYN_J_reversal,8,up,4257,3529,145,138,145,14,0.0391,0.29498,136,0.34118,20,0.36232,0.42029,0.36232,-0.15942,0.0,1.18478,-1.07246,145.83595,168.67339,6.73356,2.11435,2.99297,-0.26636,0.10694,dynamics,P crosses from below −θ to above +θ,,INFERRED,WEAK,matched lift +2.11pp — inside ±5pp of its control
GEO_touch_dominant_bid,2,up,4257,3560,871,824,210,14,0.23146,0.16826,806,0.1317,20,0.25971,0.12743,0.25971,0.19539,0.0,0.28459,0.01274,79.59566,75.94604,9.14516,12.80102,0.97133,-0.183,0.37839,geometry,L1 > θ and L1 − top5 > θ,,INFERRED,PROMISING,matched lift +12.80pp on 210 episodes
GEO_touch_dominant_bid,4,up,4257,3533,871,816,210,14,0.23097,0.24455,800,0.20213,20,0.36397,0.21446,0.36397,0.28676,0.0,0.61091,-0.18199,107.88322,121.81795,11.94186,16.1845,1.29403,-0.30734,0.5941,geometry,L1 > θ and L1 − top5 > θ,,INFERRED,PROMISING,matched lift +16.18pp on 210 episodes
GEO_touch_dominant_bid,8,up,4257,3529,871,829,210,14,0.23491,0.29498,811,0.26806,20,0.4029,0.30398,0.4029,0.04222,0.0,0.92823,-0.65862,128.00776,184.23748,10.79156,13.48359,1.50773,-0.41964,0.46186,geometry,L1 > θ and L1 − top5 > θ,,INFERRED,PROMISING,matched lift +13.48pp on 210 episodes
GEO_broad_bid,2,up,4257,3560,1368,1264,247,14,0.35506,0.16826,1227,0.11491,20,0.23497,0.1432,0.23497,0.10997,0.0,0.22429,-0.06052,77.5528,82.20452,6.67116,12.00556,1.02273,-0.30014,0.41011,geometry,L1 > θ and top5 > θ,,INFERRED,PROMISING,matched lift +12.01pp on 247 episodes
GEO_broad_bid,4,up,4257,3533,1368,1238,247,14,0.35041,0.24455,1201,0.17057,20,0.33279,0.21325,0.33279,0.15509,0.0,0.51616,-0.28473,107.5828,115.58004,8.82386,16.22238,0.74045,-0.4596,0.61469,geometry,L1 > θ and top5 > θ,,INFERRED,PROMISING,matched lift +16.22pp on 247 episodes
GEO_broad_bid,8,up,4257,3529,1368,1247,247,14,0.35336,0.29498,1198,0.23005,20,0.36568,0.28949,0.36568,0.04451,0.0,0.88292,-0.70489,130.9373,168.74546,7.06956,13.56299,1.05877,-0.56327,0.60778,geometry,L1 > θ and top5 > θ,,INFERRED,PROMISING,matched lift +13.56pp on 247 episodes
GEO_deep_only_bid,2,up,4257,3560,876,827,194,14,0.2323,0.16826,809,0.22373,20,0.11608,0.24667,0.11608,-0.12696,0.0,0.0399,-0.23519,80.44915,76.61665,-5.21784,-10.7653,1.55323,0.03594,-0.1629,geometry,top5 > θ and L1 ≤ θ,,INFERRED,KILLED,matched lift -10.77pp — worse than its own control
GEO_deep_only_bid,4,up,4257,3533,876,823,194,14,0.23295,0.24455,800,0.30069,20,0.17861,0.3706,0.17861,-0.19441,0.0,0.28979,-0.56015,112.79521,108.9749,-6.59414,-12.20775,1.49146,-0.03134,-0.16307,geometry,top5 > θ and L1 ≤ θ,,INFERRED,KILLED,matched lift -12.21pp — worse than its own control
GEO_deep_only_bid,8,up,4257,3529,876,816,194,14,0.23123,0.29498,795,0.31453,20,0.26838,0.45466,0.26838,-0.15074,0.0,0.76225,-1.06434,193.59885,137.68205,-2.66044,-4.61483,1.70648,-0.24921,0.09847,geometry,top5 > θ and L1 ≤ θ,,INFERRED,WEAK,matched lift -4.61pp — inside ±5pp of its control
GEO_touch_dominant_ask,2,down,4257,3560,1205,1139,258,14,0.31994,0.21124,1078,0.19443,20,0.10711,0.295,0.295,-0.28753,0.0,-0.05619,-0.3806,80.44915,76.256,8.3764,10.05659,1.0899,-0.02078,-0.26675,geometry,L1 < −θ and L1 − top5 < −θ,,INFERRED,PROMISING,matched lift +10.06pp on 258 episodes
GEO_touch_dominant_ask,4,down,4257,3533,1205,1145,258,14,0.32409,0.31956,1079,0.28253,20,0.15284,0.44629,0.44629,-0.52358,0.0,0.13755,-0.83712,114.25631,107.52946,12.67316,16.37599,1.3914,0.01311,-0.53669,geometry,L1 < −θ and L1 − top5 < −θ,,INFERRED,PROMISING,matched lift +16.38pp on 258 episodes
GEO_touch_dominant_ask,8,down,4257,3529,1205,1142,258,14,0.3236,0.40861,1085,0.39203,20,0.22329,0.5324,0.5324,-0.75657,-0.5,0.46366,-1.49869,190.7645,132.09088,12.37857,14.03724,1.64879,-0.10016,-0.65641,geometry,L1 < −θ and L1 − top5 < −θ,,INFERRED,PROMISING,matched lift +14.04pp on 258 episodes
GEO_broad_ask,2,down,4257,3560,476,272,76,12,0.0764,0.21124,260,0.26538,20,0.08824,0.30147,0.30147,-0.33456,0.0,-0.10662,-0.40257,72.55202,74.28721,9.0234,3.60854,2.69953,-0.26663,-0.06793,geometry,L1 < −θ and top5 < −θ,,INFERRED,WEAK,matched lift +3.61pp — inside ±5pp of its control
GEO_broad_ask,4,down,4257,3533,476,273,76,12,0.07727,0.31956,262,0.37214,20,0.14286,0.46154,0.46154,-0.54762,0.0,0.16117,-0.88462,111.93708,104.87806,14.19816,8.94026,2.72855,-0.31565,-0.23197,geometry,L1 < −θ and top5 < −θ,,INFERRED,PROMISING,matched lift +8.94pp on 76 episodes
GEO_broad_ask,8,down,4257,3529,476,271,76,12,0.07679,0.40861,259,0.44749,20,0.15498,0.57934,0.57934,-0.99631,-0.5,0.33948,-1.55351,148.50516,132.68183,17.07257,13.18497,1.64239,-0.41815,-0.57816,geometry,L1 < −θ and top5 < −θ,,INFERRED,PROMISING,matched lift +13.18pp on 76 episodes
GEO_deep_only_ask,2,down,4257,3560,158,143,37,11,0.04017,0.21124,137,0.23723,20,0.13986,0.25175,0.25175,-0.31119,0.0,-0.0979,-0.38811,84.93583,68.16549,4.0514,1.45237,2.827,-0.16259,-0.1486,geometry,top5 < −θ and L1 ≥ −θ,,INFERRED,WEAK,matched lift +1.45pp — inside ±5pp of its control
GEO_deep_only_ask,4,down,4257,3533,158,139,37,11,0.03934,0.31956,135,0.36148,20,0.17986,0.35971,0.35971,-0.52158,0.0,0.08633,-0.79496,121.53167,92.71649,4.01516,-0.17715,3.9314,-0.295,-0.22658,geometry,top5 < −θ and L1 ≥ −θ,,INFERRED,WEAK,matched lift -0.18pp — inside ±5pp of its control
GEO_deep_only_ask,8,down,4257,3529,158,132,37,10,0.0374,0.40861,126,0.48929,20,0.18939,0.52273,0.52273,-0.9697,-0.5,0.26515,-1.32576,169.72772,128.40636,11.41157,3.34443,4.12212,-0.65258,-0.31712,geometry,top5 < −θ and L1 ≥ −θ,,INFERRED,WEAK,matched lift +3.34pp — inside ±5pp of its control
RISK_depletion,2,down,4257,3560,405,237,229,14,0.06657,0.21124,234,0.26923,20,0.16878,0.26582,0.26582,-0.11181,0.0,0.13924,-0.29958,74.6829,79.77987,5.4584,-0.34108,2.59762,-0.02009,-0.09172,risk,top-5 liquidity lost ≥30 % over 3 frames,,INFERRED,WEAK,matched lift -0.34pp — inside ±5pp of its control
RISK_depletion,4,down,4257,3533,405,234,229,14,0.06623,0.31956,233,0.38562,20,0.28632,0.35897,0.35897,-0.01496,0.0,0.65598,-0.72436,117.52328,92.56006,3.94116,-2.66523,2.41693,-0.23455,0.21959,risk,top-5 liquidity lost ≥30 % over 3 frames,,INFERRED,WEAK,matched lift -2.67pp — inside ±5pp of its control
RISK_depletion,8,down,4257,3529,405,227,229,14,0.06432,0.40861,224,0.49598,20,0.32599,0.49339,0.49339,-0.11013,0.0,1.29736,-1.4163,147.88413,129.50737,8.47757,-0.25921,3.11289,-0.60692,0.49679,risk,top-5 liquidity lost ≥30 % over 3 frames,,INFERRED,WEAK,matched lift -0.26pp — inside ±5pp of its control
RISK_bid_retreat,2,down,4257,3560,340,324,328,14,0.09101,0.21124,323,0.29985,20,0.15432,0.12654,0.12654,0.0,0.0,0.14043,-0.16667,112.51265,104.87806,-8.4696,-17.33052,2.51373,-0.12655,0.12655,risk,best bid stepped down,,INFERRED,KILLED,matched lift -17.33pp — worse than its own control
RISK_bid_retreat,4,down,4257,3533,340,315,328,14,0.08916,0.31956,314,0.39029,20,0.30159,0.34286,0.34286,-0.13651,0.0,0.43968,-0.5746,123.16128,125.2146,2.33016,-4.74266,2.38205,-0.16003,0.02352,risk,best bid stepped down,,INFERRED,WEAK,matched lift -4.74pp — inside ±5pp of its control
RISK_bid_retreat,8,down,4257,3529,340,321,328,14,0.09096,0.40861,320,0.4725,20,0.32087,0.44548,0.44548,-0.25545,0.0,0.88785,-1.15888,149.81825,167.41771,3.68657,-2.702,2.21807,-0.40367,0.14822,risk,best bid stepped down,,INFERRED,WEAK,matched lift -2.70pp — inside ±5pp of its control
RISK_spread_widening,2,down,4257,3560,152,142,151,13,0.03989,0.21124,140,0.35464,20,0.15493,0.19718,0.19718,-0.14437,0.0,0.09859,-0.32394,117.34915,111.16817,-1.4056,-15.74629,3.3525,-0.21429,0.06992,risk,spread widened,,INFERRED,KILLED,matched lift -15.75pp — worse than its own control
RISK_spread_widening,4,down,4257,3533,152,141,151,13,0.03991,0.31956,138,0.47174,20,0.34043,0.41135,0.41135,-0.05674,0.0,0.45745,-0.60993,123.54504,122.57423,9.17916,-6.03891,3.13579,-0.42391,0.36717,risk,spread widened,,INFERRED,KILLED,matched lift -6.04pp — worse than its own control
RISK_spread_widening,8,down,4257,3529,152,143,151,13,0.04052,0.40861,141,0.54149,20,0.39161,0.5035,0.5035,-0.26224,-0.0,0.98951,-1.33217,148.46086,150.5215,9.48857,-3.79894,3.60368,-0.76631,0.50407,risk,spread widened,,INFERRED,WEAK,matched lift -3.80pp — inside ±5pp of its control
RISK_any,2,down,4257,3560,777,591,547,14,0.16601,0.21124,586,0.30606,20,0.15905,0.19797,0.19797,-0.06853,0.0,0.13959,-0.23942,106.43338,92.71649,-1.3266,-10.8088,1.75193,-0.1125,0.04397,risk,any of depletion / bid retreat / spread widening,,INFERRED,KILLED,matched lift -10.81pp — worse than its own control
RISK_any,4,down,4257,3533,777,581,547,14,0.16445,0.31956,577,0.39497,20,0.29776,0.358,0.358,-0.06713,0.0,0.52926,-0.61704,123.00132,116.50764,3.84416,-3.6974,1.76016,-0.22405,0.15692,risk,any of depletion / bid retreat / spread widening,,INFERRED,WEAK,matched lift -3.70pp — inside ±5pp of its control
RISK_any,8,down,4257,3529,777,583,547,14,0.1652,0.40861,575,0.48626,20,0.32933,0.46484,0.46484,-0.21527,0.0,1.0283,-1.26844,149.26589,149.41825,5.62257,-2.14209,1.95005,-0.48178,0.26651,risk,any of depletion / bid retreat / spread widening,,INFERRED,WEAK,matched lift -2.14pp — inside ±5pp of its control
RISK_hard,2,down,4257,3560,107,100,104,14,0.02809,0.21124,99,0.37222,20,0.17,0.13,0.13,-0.055,0.0,0.095,-0.245,117.26621,109.0691,-8.1236,-24.22222,4.80839,-0.33636,0.28136,risk,two or more risk states at once,,INFERRED,KILLED,matched lift -24.22pp — worse than its own control
RISK_hard,4,down,4257,3533,107,97,104,14,0.02746,0.31956,96,0.46302,20,0.3299,0.38144,0.38144,-0.21649,0.0,0.40206,-0.71134,119.64921,132.68183,6.18816,-8.15808,2.99387,-0.59766,0.38117,risk,two or more risk states at once,,INFERRED,INSUFFICIENT_SAMPLE,"104 episodes / 97 rows — below the 30-episode, 100-row floor. NOT a kill."
RISK_hard,8,down,4257,3529,107,97,104,14,0.02749,0.40861,96,0.56771,20,0.36082,0.52577,0.52577,-0.28866,-0.5,1.00515,-1.3299,137.38232,168.67339,11.71557,-4.19383,3.48772,-0.9362,0.64754,risk,two or more risk states at once,,INFERRED,INSUFFICIENT_SAMPLE,"104 episodes / 97 rows — below the 30-episode, 100-row floor. NOT a kill."
VETO_E1_no_risk,2,up,4257,3560,1476,1368,375,14,0.38427,0.16826,1357,0.11603,20,0.23099,0.14327,0.23099,0.11586,0.0,0.22149,-0.04057,74.07747,75.64909,6.27316,11.4962,0.85086,-0.20416,0.32002,veto,E1 and no risk state,,INFERRED,PROMISING,matched lift +11.50pp on 375 episodes
VETO_E1_no_risk,4,up,4257,3533,1476,1351,375,14,0.38239,0.24455,1340,0.19996,20,0.3094,0.21762,0.3094,0.13138,0.0,0.47853,-0.25759,99.68133,112.55845,6.48486,10.94373,0.88547,-0.29075,0.42213,veto,E1 and no risk state,,INFERRED,PROMISING,matched lift +10.94pp on 375 episodes
VETO_E1_no_risk,8,up,4257,3529,1476,1362,375,14,0.38595,0.29498,1345,0.24703,20,0.35169,0.29442,0.35169,0.0268,0.0,0.79956,-0.6384,127.13318,168.75598,5.67056,10.4664,1.06599,-0.43301,0.45981,veto,E1 and no risk state,,INFERRED,PROMISING,matched lift +10.47pp on 375 episodes
VETO_E1_no_hard_risk,2,up,4257,3560,1736,1606,334,14,0.45112,0.16826,1588,0.11379,20,0.2254,0.1457,0.2254,0.10367,0.0,0.21513,-0.05604,77.5528,77.42535,5.71416,11.16091,0.77801,-0.26127,0.36494,veto,E1 and fewer than two risk states,,INFERRED,PROMISING,matched lift +11.16pp on 334 episodes
VETO_E1_no_hard_risk,4,up,4257,3533,1736,1585,334,14,0.44863,0.24455,1563,0.17655,20,0.3205,0.22397,0.3205,0.13312,0.0,0.49748,-0.28265,108.5142,115.30565,7.59486,14.39485,0.65163,-0.39995,0.53307,veto,E1 and fewer than two risk states,,INFERRED,PROMISING,matched lift +14.39pp on 334 episodes
VETO_E1_no_hard_risk,8,up,4257,3529,1736,1598,334,14,0.45282,0.29498,1576,0.23484,20,0.35607,0.30601,0.35607,-0.01564,0.0,0.82322,-0.70932,133.07299,171.50024,6.10856,12.1235,0.82369,-0.49056,0.47492,veto,E1 and fewer than two risk states,,INFERRED,PROMISING,matched lift +12.12pp on 334 episodes
VETO_E1_no_depletion,2,up,4257,3560,1700,1580,320,14,0.44382,0.16826,1542,0.11903,20,0.22342,0.14177,0.22342,0.10633,0.0,0.21329,-0.05158,80.68009,79.85243,5.51616,10.43863,0.56397,-0.2564,0.36273,veto,E1 and liquidity not depleting,,INFERRED,PROMISING,matched lift +10.44pp on 320 episodes
VETO_E1_no_depletion,4,up,4257,3533,1700,1559,320,14,0.44127,0.24455,1521,0.17337,20,0.32008,0.22322,0.32008,0.13214,0.0,0.4891,-0.27614,108.85046,115.97802,7.55286,14.67072,0.60072,-0.38143,0.51357,veto,E1 and liquidity not depleting,,INFERRED,PROMISING,matched lift +14.67pp on 320 episodes
VETO_E1_no_depletion,8,up,4257,3529,1700,1575,320,14,0.4463,0.29498,1525,0.22685,20,0.35746,0.3054,0.35746,0.0146,0.0,0.83302,-0.68952,133.07299,169.55149,6.24756,13.06075,0.71405,-0.53574,0.55034,veto,E1 and liquidity not depleting,,INFERRED,PROMISING,matched lift +13.06pp on 320 episodes
CTX_market_permission,2,up,4257,3560,1234,1136,331,14,0.3191,0.16826,1115,0.14471,20,0.20335,0.15669,0.20335,0.05854,0.0,0.16681,-0.08143,82.82682,76.05005,3.50916,5.86415,0.99031,-0.1672,0.22574,context,E1 and market pressure > 0,,INFERRED,PROMISING,matched lift +5.86pp on 331 episodes
CTX_market_permission,4,up,4257,3533,1234,1107,331,14,0.31333,0.24455,1087,0.21582,20,0.2963,0.25384,0.2963,0.07317,0.0,0.42547,-0.30262,112.84761,118.01663,5.17486,8.04766,1.25054,-0.28293,0.3561,context,E1 and market pressure > 0,,INFERRED,PROMISING,matched lift +8.05pp on 331 episodes
CTX_market_permission,8,up,4257,3529,1234,1127,331,14,0.31935,0.29498,1109,0.26366,20,0.33185,0.33274,0.33185,-0.08962,0.0,0.71917,-0.72804,141.47418,167.67593,3.68656,6.8189,1.22398,-0.41037,0.32075,context,E1 and market pressure > 0,,INFERRED,PROMISING,matched lift +6.82pp on 331 episodes
CTX_sector_permission,2,up,4257,3560,655,596,171,8,0.16742,0.16826,590,0.15102,20,0.28356,0.16946,0.28356,0.16443,0.0,0.29698,-0.06124,81.87412,75.82152,11.53016,13.25431,1.02125,-0.32572,0.49015,context,E1 and sector pressure > 0 (observable sectors only),,INFERRED,PROMISING,matched lift +13.25pp on 171 episodes
CTX_sector_permission,4,up,4257,3533,655,579,171,8,0.16388,0.24455,574,0.22274,20,0.40415,0.25389,0.40415,0.25561,0.0,0.71244,-0.31434,108.62161,108.33832,15.95986,18.14148,1.42465,-0.52835,0.78396,context,E1 and sector pressure > 0 (observable sectors only),,INFERRED,PROMISING,matched lift +18.14pp on 171 episodes
CTX_sector_permission,8,up,4257,3529,655,598,171,8,0.16945,0.29498,591,0.27538,20,0.44147,0.34615,0.44147,0.03846,0.0,1.15635,-0.90719,128.62611,154.72054,14.64856,16.60893,1.78384,-0.60554,0.644,context,E1 and sector pressure > 0 (observable sectors only),,INFERRED,PROMISING,matched lift +16.61pp on 171 episodes
CTX_share_resid,2,up,4257,3560,1715,1595,365,14,0.44803,0.16826,1540,0.11312,20,0.22884,0.14545,0.22884,0.09906,0.0,0.21473,-0.0674,79.59566,76.98539,6.05816,11.57231,0.66107,-0.28175,0.38081,context,share pressure minus market > 0.2,,INFERRED,PROMISING,matched lift +11.57pp on 365 episodes
CTX_share_resid,4,up,4257,3533,1715,1582,365,14,0.44778,0.24455,1526,0.17788,20,0.32933,0.22314,0.32933,0.15044,0.0,0.51296,-0.29204,109.15003,111.33945,8.47786,15.14466,1.00524,-0.48476,0.6352,context,share pressure minus market > 0.2,,INFERRED,PROMISING,matched lift +15.14pp on 365 episodes
CTX_share_resid,8,up,4257,3529,1715,1581,365,14,0.448,0.29498,1517,0.23312,20,0.36559,0.29538,0.36559,0.0408,0.0,0.8716,-0.69861,133.07299,163.29838,7.06056,13.24654,0.76674,-0.58866,0.62946,context,share pressure minus market > 0.2,,INFERRED,PROMISING,matched lift +13.25pp on 365 episodes
CTX_xs_rank_top,2,up,4257,3560,511,482,204,14,0.13539,0.16826,475,0.14074,20,0.32365,0.12241,0.32365,0.26971,0.0,0.37033,0.04668,82.38693,85.30366,15.53916,18.29132,1.50466,-0.189,0.45871,context,top decile of cross-sectional pressure at this instant,,INFERRED,PROMISING,matched lift +18.29pp on 204 episodes
CTX_xs_rank_top,4,up,4257,3533,511,478,204,14,0.1353,0.24455,471,0.22187,20,0.43933,0.18201,0.43933,0.37029,0.0,0.73326,-0.1841,107.77905,119.74924,19.47786,21.74616,1.73923,-0.33625,0.70654,context,top decile of cross-sectional pressure at this instant,,INFERRED,PROMISING,matched lift +21.75pp on 204 episodes
CTX_xs_rank_top,8,up,4257,3529,511,483,204,14,0.13687,0.29498,476,0.28571,20,0.41201,0.26915,0.41201,0.07246,0.0,1.11077,-0.73395,120.43202,178.24175,11.70256,12.62957,1.84537,-0.31082,0.38328,context,top decile of cross-sectional pressure at this instant,,INFERRED,PROMISING,matched lift +12.63pp on 204 episodes
CTX_market_weak_share_strong,2,up,4257,3560,559,522,235,14,0.14663,0.16826,521,0.15509,20,0.27011,0.12069,0.27011,0.1954,0.0,0.30939,-0.00958,76.03132,87.88845,10.18516,11.50236,1.43174,-0.11032,0.30572,context,E1 while the market tier is negative — the decoupling case,,INFERRED,PROMISING,matched lift +11.50pp on 235 episodes
CTX_market_weak_share_strong,4,up,4257,3533,559,527,235,14,0.14917,0.24455,526,0.21797,20,0.37951,0.17078,0.37951,0.26376,0.0,0.6518,-0.25427,104.85898,110.991,13.49586,16.15442,1.21384,-0.23265,0.49641,context,E1 while the market tier is negative — the decoupling case,,INFERRED,PROMISING,matched lift +16.15pp on 235 episodes
CTX_market_weak_share_strong,8,up,4257,3529,559,521,235,14,0.14763,0.29498,520,0.28827,20,0.41267,0.26679,0.41267,0.15259,0.0,1.09213,-0.6929,120.84055,177.66089,11.76856,12.44008,1.63881,-0.26942,0.42201,context,E1 while the market tier is negative — the decoupling case,,INFERRED,PROMISING,matched lift +12.44pp on 235 episodes
X_E1_and_TLPI1,2,up,4257,3560,1598,1511,279,14,0.42444,0.16826,1467,0.10556,20,0.22237,0.13766,0.22237,0.11648,0.0,0.22005,-0.04567,81.33513,82.07132,5.41116,11.68144,0.88555,-0.30823,0.42471,cross,E1 and TLPI(1) both above θ,,INFERRED,PROMISING,matched lift +11.68pp on 279 episodes
X_E1_and_TLPI1,4,up,4257,3533,1598,1487,279,14,0.42089,0.24455,1445,0.16097,20,0.3228,0.21318,0.3228,0.15198,0.0,0.5037,-0.26664,109.09845,116.48803,7.82486,16.18311,0.60138,-0.455,0.60698,cross,E1 and TLPI(1) both above θ,,INFERRED,PROMISING,matched lift +16.18pp on 279 episodes
X_E1_and_TLPI1,8,up,4257,3529,1598,1497,279,14,0.4242,0.29498,1448,0.22756,20,0.36339,0.29192,0.36339,0.03941,0.0,0.85204,-0.67001,133.80567,171.67378,6.84056,13.58348,0.87255,-0.5506,0.59001,cross,E1 and TLPI(1) both above θ,,INFERRED,PROMISING,matched lift +13.58pp on 279 episodes
X_TLPI1_vel,2,up,4257,3560,523,492,495,14,0.1382,0.16826,490,0.17531,20,0.1626,0.09756,0.1626,0.10976,0.0,0.18902,-0.07724,109.15003,108.94327,-0.56584,-1.27061,1.30407,-0.07995,0.18971,cross,TLPI(1) > θ and its velocity > 0,,INFERRED,WEAK,matched lift -1.27pp — inside ±5pp of its control
X_TLPI1_vel,4,up,4257,3533,523,491,495,14,0.13898,0.24455,489,0.23712,20,0.32179,0.2057,0.32179,0.17108,0.0,0.52546,-0.32383,126.24987,124.48838,7.72386,8.46734,1.71414,-0.13139,0.30247,cross,TLPI(1) > θ and its velocity > 0,,INFERRED,PROMISING,matched lift +8.47pp on 495 episodes
X_TLPI1_vel,8,up,4257,3529,523,491,495,14,0.13913,0.29498,489,0.28834,20,0.34216,0.3279,0.34216,0.04786,0.0,0.91242,-0.72505,155.74596,207.33112,4.71756,5.38164,1.76666,-0.22756,0.27542,cross,TLPI(1) > θ and its velocity > 0,,INFERRED,PROMISING,matched lift +5.38pp on 495 episodes
X_TLPI1_vel_acc,2,up,4257,3560,495,468,482,14,0.13146,0.16826,466,0.178,20,0.16453,0.09615,0.16453,0.11432,0.0,0.19338,-0.08013,109.00024,107.69012,-0.37284,-1.34743,2.07994,-0.0853,0.19962,cross,"TLPI(1) > θ, velocity > 0, acceleration > 0",,INFERRED,WEAK,matched lift -1.35pp — inside ±5pp of its control
X_TLPI1_vel_acc,4,up,4257,3533,495,467,482,14,0.13218,0.24455,465,0.24097,20,0.3212,0.20771,0.3212,0.16381,0.0,0.51499,-0.32334,124.14087,123.30684,7.66486,8.02323,1.89991,-0.12543,0.28924,cross,"TLPI(1) > θ, velocity > 0, acceleration > 0",,INFERRED,PROMISING,matched lift +8.02pp on 482 episodes
X_TLPI1_vel_acc,8,up,4257,3529,495,466,482,14,0.13205,0.29498,464,0.29871,20,0.34764,0.32833,0.34764,0.10837,0.0,0.91845,-0.68455,155.74596,212.00181,5.26556,4.89331,2.20607,-0.24283,0.3512,cross,"TLPI(1) > θ, velocity > 0, acceleration > 0",,INFERRED,WEAK,matched lift +4.89pp — inside ±5pp of its control
X_E1_market_noveto,2,up,4257,3560,1013,932,340,14,0.2618,0.16826,923,0.13397,20,0.20815,0.15773,0.20815,0.04828,0.0,0.15612,-0.07886,74.07072,72.0404,3.98916,7.41847,0.94141,-0.13375,0.18203,cross,"E1, market permission, no risk state",,INFERRED,PROMISING,matched lift +7.42pp on 340 episodes
X_E1_market_noveto,4,up,4257,3533,1013,910,340,14,0.25757,0.24455,901,0.2157,20,0.27802,0.25055,0.27802,0.0467,0.0,0.38681,-0.28626,100.44565,116.90622,3.34686,6.23152,1.43282,-0.21651,0.26321,cross,"E1, market permission, no risk state",,INFERRED,PROMISING,matched lift +6.23pp on 340 episodes
X_E1_market_noveto,8,up,4257,3529,1013,929,340,14,0.26325,0.29498,921,0.27117,20,0.32185,0.31755,0.32185,-0.09419,0.0,0.64693,-0.676,134.03842,166.64949,2.68656,5.06774,1.5887,-0.32071,0.22652,cross,"E1, market permission, no risk state",,INFERRED,PROMISING,matched lift +5.07pp on 340 episodes
X_E1_persist_noveto,2,up,4257,3560,1059,983,267,14,0.27612,0.16826,983,0.12024,20,0.21872,0.1414,0.21872,0.07884,0.0,0.18159,-0.04883,71.49186,75.82152,5.04616,9.84758,1.04508,-0.13494,0.21378,cross,E1 persistent ≥3 frames and no risk state,,INFERRED,PROMISING,matched lift +9.85pp on 267 episodes
X_E1_persist_noveto,4,up,4257,3533,1059,966,267,14,0.27342,0.24455,966,0.19224,20,0.29503,0.21118,0.29503,0.10507,0.0,0.39855,-0.21998,93.04898,114.20932,5.04786,10.2794,1.17652,-0.24594,0.35101,cross,E1 persistent ≥3 frames and no risk state,,INFERRED,PROMISING,matched lift +10.28pp on 267 episodes
X_E1_persist_noveto,8,up,4257,3529,1059,966,267,14,0.27373,0.29498,966,0.23023,20,0.36128,0.27743,0.36128,0.04296,0.0,0.71739,-0.57143,128.62611,167.3306,6.62956,13.10523,1.39954,-0.38439,0.42735,cross,E1 persistent ≥3 frames and no risk state,,INFERRED,PROMISING,matched lift +13.11pp on 267 episodes
X_touch_dominant_noveto,2,up,4257,3560,702,665,211,14,0.1868,0.16826,662,0.13233,20,0.27068,0.12932,0.27068,0.22556,0.0,0.31053,0.04887,73.1248,72.6474,10.24216,13.83537,0.92782,-0.13497,0.36053,cross,touch-dominant bid and no risk state,,INFERRED,PROMISING,matched lift +13.84pp on 211 episodes
X_touch_dominant_noveto,4,up,4257,3533,702,661,211,14,0.18709,0.24455,658,0.22204,20,0.35703,0.20726,0.35703,0.30862,0.0,0.62405,-0.13767,99.23785,122.8511,11.24786,13.49935,1.08016,-0.1965,0.50512,cross,touch-dominant bid and no risk state,,INFERRED,PROMISING,matched lift +13.50pp on 211 episodes
X_touch_dominant_noveto,8,up,4257,3529,702,674,211,14,0.19099,0.29498,668,0.27635,20,0.40653,0.28338,0.40653,0.13501,0.0,0.92582,-0.54303,122.27552,178.61303,11.15456,13.01827,1.33843,-0.33548,0.47049,cross,touch-dominant bid and no risk state,,INFERRED,PROMISING,matched lift +13.02pp on 211 episodes
