candidate_id,horizon_frames,outcome,n_rows,n_valid,n_signal,n_signal_valid,episodes,symbol_coverage,share_of_valid_rows,base_p_outcome,n_matched,ctrl_p_outcome,control_draws,p_up,p_down,p_outcome,mean_fwd_ticks,median_fwd_ticks,mfe,mae,median_t_favourable_s,median_t_adverse_s,lift_vs_base_pp,matched_lift_pp,matched_lift_sd,ctrl_mean_ticks,ticks_vs_ctrl,book_shape,family,status
E1,4,up,1310,1221,501,456,83,13,0.37346,0.24406,398,0.20628,20,0.3443,0.26316,0.3443,0.19518,0.0,0.68202,-0.40022,108.08304,110.98399,10.02378,13.80186,2.16277,-0.53813,0.73331,gapped,reference,PROMISING
TLPI_l1,4,up,1310,1221,655,605,66,13,0.4955,0.24406,407,0.16179,20,0.34545,0.27107,0.34545,0.22397,0.0,0.76942,-0.41983,108.85046,113.79733,10.13878,18.36564,1.36282,-0.8293,1.05327,gapped,tlpi,PROMISING
TLPI_l2,4,up,1310,1221,569,522,72,12,0.42752,0.24406,445,0.19719,20,0.34866,0.26628,0.34866,0.13985,0.0,0.64559,-0.43103,108.75521,112.70123,10.45978,15.1469,1.86577,-0.58978,0.72963,gapped,tlpi,PROMISING
DYN_C_level_vel,4,up,1310,1221,148,135,137,10,0.11057,0.24406,133,0.28271,20,0.34815,0.22222,0.34815,0.46296,0.0,0.8,-0.33704,120.55238,119.35,10.40878,6.54432,2.93137,-0.09474,0.5577,gapped,dynamics,PROMISING
DYN_H_persistent,4,up,1310,1221,321,288,66,12,0.23587,0.24406,272,0.19779,20,0.36458,0.25,0.36458,0.17535,0.0,0.54687,-0.32465,107.11935,114.20932,12.05178,16.67859,2.29316,-0.41728,0.59263,gapped,dynamics,PROMISING
GEO_touch_dominant_bid,4,up,1310,1221,232,216,55,10,0.1769,0.24406,180,0.25806,20,0.40278,0.25926,0.40278,0.37963,0.0,0.78704,-0.24306,107.5828,108.22471,15.87178,14.47244,2.40123,-0.23097,0.6106,gapped,geometry,PROMISING
VETO_E1_no_risk,4,up,1310,1221,409,370,101,13,0.30303,0.24406,352,0.24545,20,0.34054,0.25676,0.34054,0.16216,0.0,0.66081,-0.4,104.71714,112.64135,9.64778,9.50855,1.63432,-0.2397,0.40186,gapped,veto,PROMISING
CTX_market_permission,4,up,1310,1221,351,311,90,12,0.25471,0.24406,282,0.23635,20,0.29582,0.2926,0.29582,0.13987,0.0,0.53215,-0.36334,108.65996,115.05988,5.17578,5.94725,2.19284,-0.34938,0.48925,gapped,context,PROMISING
E1,4,up,205,196,79,78,15,10,0.39796,0.20408,34,0.03529,20,0.41026,0.10256,0.41026,0.39103,0.0,0.63462,-0.0641,120.43202,111.59513,20.61784,37.49659,2.25815,-0.82426,1.21529,slightly_gapped,reference,INSUFFICIENT_SAMPLE
TLPI_l1,4,up,205,196,98,97,13,10,0.4949,0.20408,22,0.03409,20,0.34021,0.20619,0.34021,0.14948,0.0,0.46392,-0.2268,110.10649,97.19787,13.61284,30.61191,3.25614,-0.66023,0.80971,slightly_gapped,tlpi,INSUFFICIENT_SAMPLE
TLPI_l2,4,up,205,196,87,86,14,9,0.43878,0.20408,18,0.05278,20,0.37209,0.11628,0.37209,0.32558,0.0,0.56395,-0.09302,109.12809,115.32704,16.80084,31.93122,4.21753,-0.83472,1.1603,slightly_gapped,tlpi,INSUFFICIENT_SAMPLE
DYN_C_level_vel,4,up,205,196,18,18,16,8,0.09184,0.20408,17,0.44412,20,0.44444,0.0,0.44444,0.52778,0.0,0.55556,0.11111,107.63713,,24.03584,0.03224,3.55768,0.46471,0.06307,slightly_gapped,dynamics,INSUFFICIENT_SAMPLE
DYN_H_persistent,4,up,205,196,58,57,15,10,0.29082,0.20408,33,0.12727,20,0.42105,0.12281,0.42105,0.34211,0.0,0.64912,-0.08772,110.43623,102.6994,21.69684,29.37773,1.24361,-0.19697,0.53908,slightly_gapped,dynamics,INSUFFICIENT_SAMPLE
GEO_touch_dominant_bid,4,up,205,196,52,51,12,9,0.2602,0.20408,31,0.03548,20,0.37255,0.09804,0.37255,0.34314,0.0,0.46078,-0.01961,122.41362,130.46627,16.84684,33.70661,2.94164,-0.72419,1.06733,slightly_gapped,geometry,INSUFFICIENT_SAMPLE
VETO_E1_no_risk,4,up,205,196,61,60,19,10,0.30612,0.20408,49,0.19796,20,0.4,0.1,0.4,0.38333,0.0,0.625,-0.025,104.35415,116.58283,19.59184,20.20408,2.20599,-0.26378,0.64711,slightly_gapped,veto,INSUFFICIENT_SAMPLE
CTX_market_permission,4,up,205,196,54,53,16,10,0.27041,0.20408,27,0.20185,20,0.4717,0.13208,0.4717,0.46226,0.0,0.79245,-0.08491,104.35415,120.49087,26.76184,26.98481,3.69883,-0.42963,0.89189,slightly_gapped,context,INSUFFICIENT_SAMPLE
E1,4,up,2243,2116,1174,1100,180,13,0.51985,0.24858,1058,0.16153,20,0.30818,0.22091,0.30818,0.09136,0.0,0.41273,-0.25591,110.09262,117.71347,5.95978,14.66488,1.03034,-0.36609,0.45745,symmetric,reference,PROMISING
TLPI_l1,4,up,2243,2116,1346,1260,131,12,0.59546,0.24858,1192,0.13066,20,0.2754,0.2381,0.2754,0.05278,0.0,0.35992,-0.26429,112.09549,115.74286,2.68178,14.47372,0.89526,-0.47229,0.52507,symmetric,tlpi,PROMISING
TLPI_l2,4,up,2243,2116,1235,1154,167,12,0.54537,0.24858,1099,0.16219,20,0.29203,0.2357,0.29203,0.04896,0.0,0.37608,-0.27773,110.23954,115.58004,4.34478,12.98371,0.91749,-0.33997,0.38893,symmetric,tlpi,PROMISING
DYN_C_level_vel,4,up,2243,2116,307,289,296,13,0.13658,0.24858,288,0.23194,20,0.33564,0.17647,0.33564,0.13322,0.0,0.44983,-0.27682,128.43677,135.45207,8.70578,10.36956,2.42297,-0.1849,0.31812,symmetric,dynamics,PROMISING
DYN_H_persistent,4,up,2243,2116,790,746,140,12,0.35255,0.24858,725,0.16434,20,0.28284,0.21314,0.28284,0.07507,0.0,0.35657,-0.21649,99.26825,118.69115,3.42578,11.84952,1.20018,-0.29286,0.36793,symmetric,dynamics,PROMISING
GEO_touch_dominant_bid,4,up,2243,2116,587,549,134,13,0.25945,0.24858,530,0.18547,20,0.34791,0.20765,0.34791,0.24499,0.0,0.55556,-0.17304,106.34357,125.77933,9.93278,16.24383,1.93687,-0.31259,0.55758,symmetric,geometry,PROMISING
VETO_E1_no_risk,4,up,2243,2116,978,921,226,13,0.43526,0.24858,919,0.18455,20,0.29099,0.20955,0.29099,0.10261,0.0,0.39577,-0.21553,94.59413,112.48487,4.24078,10.64416,1.00191,-0.27957,0.38218,symmetric,veto,PROMISING
CTX_market_permission,4,up,2243,2116,810,743,203,13,0.35113,0.24858,727,0.21458,20,0.28398,0.2463,0.28398,0.0175,0.0,0.35464,-0.29273,114.79166,118.3198,3.53978,6.93995,1.37479,-0.19962,0.21712,symmetric,context,PROMISING
E1,4,up,499,0,39,0,6,0,0.0,,0,,0,,,,,,,,,,,,,,,unknown,reference,NOT_OBSERVABLE
TLPI_l1,4,up,499,0,0,0,0,0,0.0,,0,,0,,,,,,,,,,,,,,,unknown,tlpi,NOT_OBSERVABLE
TLPI_l2,4,up,499,0,0,0,0,0,0.0,,0,,0,,,,,,,,,,,,,,,unknown,tlpi,NOT_OBSERVABLE
DYN_C_level_vel,4,up,499,0,4,0,4,0,0.0,,0,,0,,,,,,,,,,,,,,,unknown,dynamics,NOT_OBSERVABLE
DYN_H_persistent,4,up,499,0,31,0,6,0,0.0,,0,,0,,,,,,,,,,,,,,,unknown,dynamics,NOT_OBSERVABLE
GEO_touch_dominant_bid,4,up,499,0,0,0,0,0,0.0,,0,,0,,,,,,,,,,,,,,,unknown,geometry,NOT_OBSERVABLE
VETO_E1_no_risk,4,up,499,0,28,0,7,0,0.0,,0,,0,,,,,,,,,,,,,,,unknown,veto,NOT_OBSERVABLE
CTX_market_permission,4,up,499,0,19,0,10,0,0.0,,0,,0,,,,,,,,,,,,,,,unknown,context,NOT_OBSERVABLE
