score,horizon_frames,decile,of,rows,score_min,score_max,p_up,p_down,mean_fwd_ticks,mae,mfe,monotone_p_up,monotone_mean_ticks
imb_l1,4,1,10,354,-0.99994,-0.87358,0.12994,0.51695,-0.79661,-1.01977,-0.06497,False,False
imb_l1,4,2,10,353,-0.87358,-0.66833,0.17847,0.4136,-0.2847,-0.74079,0.31161,False,False
imb_l1,4,3,10,353,-0.66667,-0.33096,0.15864,0.4051,-0.38669,-0.69972,0.21105,False,False
imb_l1,4,4,10,353,-0.32976,-0.09652,0.15864,0.37394,-0.43768,-0.6983,0.16289,False,False
imb_l1,4,5,10,354,-0.09652,0.12757,0.22034,0.31356,-0.11299,-0.46469,0.25706,False,False
imb_l1,4,6,10,353,0.12757,0.32412,0.24929,0.29745,-0.03824,-0.34278,0.33003,False,False
imb_l1,4,7,10,353,0.32763,0.56095,0.28612,0.27195,-0.00142,-0.39377,0.3711,False,False
imb_l1,4,8,10,353,0.56095,0.73228,0.25496,0.21813,-0.14448,-0.46459,0.33144,False,False
imb_l1,4,9,10,353,0.73264,0.88487,0.35127,0.22946,0.36402,-0.17847,0.68272,False,False
imb_l1,4,10,10,354,0.88711,0.99979,0.45763,0.15537,0.39831,-0.12288,0.70904,False,False
tlpi_1,4,1,10,354,-0.99089,-0.47964,0.10169,0.4774,-0.9435,-1.15113,-0.07345,False,False
tlpi_1,4,2,10,353,-0.47964,-0.22686,0.13598,0.43059,-0.45609,-0.71955,0.1204,False,False
tlpi_1,4,3,10,353,-0.22686,-0.03121,0.17847,0.39377,-0.32011,-0.59207,0.1289,False,False
tlpi_1,4,4,10,353,-0.03108,0.1242,0.22663,0.3711,-0.27195,-0.62323,0.20822,False,False
tlpi_1,4,5,10,354,0.1242,0.28315,0.24576,0.33616,-0.17373,-0.5565,0.3404,False,False
tlpi_1,4,6,10,353,0.28319,0.40824,0.24363,0.23513,0.1119,-0.27054,0.3966,False,False
tlpi_1,4,7,10,353,0.4083,0.52588,0.28329,0.24929,0.12606,-0.27762,0.47875,False,False
tlpi_1,4,8,10,353,0.52593,0.65454,0.30878,0.29745,-0.17139,-0.57932,0.33428,False,False
tlpi_1,4,9,10,353,0.65454,0.79965,0.32861,0.20397,0.24079,-0.17847,0.55807,False,False
tlpi_1,4,10,10,354,0.79965,0.98692,0.39266,0.20056,0.41808,-0.17655,0.80932,False,False
tlpi_2,4,1,10,354,-0.99781,-0.69583,0.11864,0.50282,-0.88842,-1.13701,-0.03531,False,False
tlpi_2,4,2,10,353,-0.69583,-0.38724,0.15864,0.45609,-0.52833,-0.80737,0.07649,False,False
tlpi_2,4,3,10,353,-0.38691,-0.1722,0.15864,0.37394,-0.30453,-0.69405,0.23513,False,False
tlpi_2,4,4,10,353,-0.17212,0.00494,0.15297,0.35411,-0.33286,-0.5,0.07507,False,False
tlpi_2,4,5,10,354,0.00494,0.19517,0.29096,0.31638,0.16243,-0.41949,0.62429,False,False
tlpi_2,4,6,10,353,0.19686,0.35327,0.20113,0.32295,-0.22096,-0.45892,0.19688,False,False
tlpi_2,4,7,10,353,0.35394,0.5447,0.28045,0.24646,0.04533,-0.30453,0.36969,False,False
tlpi_2,4,8,10,353,0.5447,0.70244,0.30878,0.26062,-0.13881,-0.53399,0.35694,False,False
tlpi_2,4,9,10,353,0.70244,0.83798,0.33711,0.1898,0.23229,-0.16997,0.5255,False,False
tlpi_2,4,10,10,354,0.83913,0.99494,0.43785,0.17232,0.53249,-0.10028,0.87571,False,False
imb_top5,4,1,10,354,-0.96007,-0.25033,0.14972,0.43785,-0.55508,-0.88983,0.14972,False,False
imb_top5,4,2,10,353,-0.25033,-0.05026,0.2068,0.3796,-0.34986,-0.63314,0.14731,False,False
imb_top5,4,3,10,353,-0.04694,0.08182,0.20397,0.37677,-0.34278,-0.65014,0.26062,False,False
imb_top5,4,4,10,353,0.08182,0.18649,0.26062,0.35127,-0.25779,-0.58357,0.22946,False,False
imb_top5,4,5,10,354,0.18649,0.26394,0.27401,0.20904,0.05508,-0.27119,0.35028,False,False
imb_top5,4,6,10,353,0.26452,0.38613,0.27479,0.26629,-0.04249,-0.43909,0.35836,False,False
imb_top5,4,7,10,353,0.38613,0.50576,0.27479,0.33711,-0.0085,-0.3796,0.38244,False,False
imb_top5,4,8,10,353,0.50576,0.62662,0.29178,0.34278,-0.12748,-0.68414,0.53399,False,False
imb_top5,4,9,10,353,0.62849,0.73311,0.28329,0.23796,0.24221,-0.19972,0.51133,False,False
imb_top5,4,10,10,354,0.73311,0.93436,0.22599,0.25706,-0.05367,-0.39548,0.37853,False,False
share_resid,4,1,10,354,-1.54619,-0.82877,0.15254,0.47458,-0.74859,-0.99859,0.00847,False,False
share_resid,4,2,10,353,-0.82877,-0.55918,0.13881,0.43343,-0.42351,-0.71105,0.16006,False,False
share_resid,4,3,10,353,-0.55803,-0.329,0.15581,0.40793,-0.40227,-0.83144,0.2153,False,False
share_resid,4,4,10,353,-0.329,-0.12921,0.16997,0.3881,-0.24646,-0.54391,0.20397,False,False
share_resid,4,5,10,354,-0.12911,0.0943,0.22316,0.34463,-0.21893,-0.5,0.25847,False,False
share_resid,4,6,10,353,0.09723,0.28439,0.22946,0.30028,-0.1119,-0.42068,0.28895,False,False
share_resid,4,7,10,353,0.28451,0.45073,0.26346,0.28045,-0.04108,-0.38527,0.32861,False,False
share_resid,4,8,10,353,0.45114,0.61829,0.32011,0.1728,0.21388,-0.1983,0.50708,False,False
share_resid,4,9,10,353,0.61829,0.80465,0.31161,0.25212,0.06516,-0.30312,0.45042,False,False
share_resid,4,10,10,354,0.80516,1.50119,0.48023,0.14124,0.47316,-0.23305,0.87994,False,False
