symbol,lankabd_best_bid,dsebd_best_bid,lankabd_best_ask,dsebd_best_ask,bid_agree,ask_agree,levels_lankabd,levels_dsebd
1STPRIMFMF,21.6,21.6,21.8,21.8,True,True,2,2
AAMRANET,,,17.8,17.8,,True,1,1
ABBANK,,,4.6,4.6,,True,1,1
ACIFORMULA,,,151.5,151.5,,True,1,1
ACMEPL,23.7,23.7,24.2,24.2,True,True,2,2
ACTIVEFINE,5.7,5.7,6.0,6.0,True,True,1,1
ADNTEL,,,59.5,59.5,,True,2,2
AGRANINS,,,29.8,29.8,,True,1,1
AL-HAJTEX,77.8,77.8,,,True,,3,3
ANWARGALV,105.2,105.2,105.7,105.7,True,True,1,1
AOL,16.1,16.1,16.4,16.4,True,True,2,2
APEXFOOT,205.0,205.0,,,True,,1,1
ASIAINS,40.0,40.0,,,True,,1,1
BANGAS,,,126.1,126.1,,True,1,1
BANKASIA,16.8,16.8,,,True,,2,2
BARKAPOWER,,,10.0,10.0,,True,2,2
BATBC,,,232.3,232.3,,True,1,1
BBSCABLES,17.7,17.7,,,True,,1,1
BDCOM,29.3,29.3,,,True,,1,1
BDFINANCE,,,12.5,12.5,,True,1,1
BDTHAI,,,16.8,16.8,,True,4,4
BENGALWTL,21.9,21.9,,,True,,1,1
BERGERPBL,1489.2,1489.2,,,True,,1,1
BESTHLDNG,,,14.4,14.4,,True,1,1
BEXIMCO,,,21.7,21.7,,True,2,2
BGIC,40.5,40.5,,,True,,1,1
BNICL,110.2,110.2,,,True,,1,1
BPPL,,,19.8,19.8,,True,1,1
BRACBANK,62.3,62.3,62.5,62.5,True,True,4,4
BSC,,,110.9,110.9,,True,1,1
BSRMLTD,,,97.4,97.4,,True,1,1
BXPHARMA,149.5,149.5,,,True,,3,3
CAPMBDBLMF,,,7.7,7.7,,True,1,1
CITYGENINS,126.7,126.7,,,True,,2,2
CLICL,44.1,44.1,,,True,,1,1
CNATEX,2.9,2.9,,,True,,1,1
COPPERTECH,23.2,23.2,,,True,,1,1
DBH1STMF,,,5.4,5.4,,True,2,2
DELTASPINN,7.0,7.0,,,True,,1,1
DESHBANDHU,18.3,18.3,,,True,,1,1
DHAKAINS,44.3,44.3,,,True,,1,1
DSHGARME,,,167.5,167.5,,True,1,1
DSSL,,,11.4,11.4,,True,1,1
DUTCHBANGL,,,44.3,44.3,,True,2,2
EASTERNINS,,,59.0,59.0,,True,3,3
EASTRNLUB,2050.1,2050.1,,,True,,1,1
EBL,23.7,23.7,,,True,,2,2
EBL1STMF,4.0,4.0,,,True,,1,1
EGEN,23.8,23.8,24.0,24.0,True,True,2,2
EIL,31.2,31.2,,,True,,1,1
EMERALDOIL,,,28.8,28.8,,True,1,1
ENVOYTEX,62.4,62.4,62.9,62.9,True,True,3,3
EPGL,17.5,17.5,17.8,17.8,True,True,1,1
EXIM1STMF,6.7,6.7,,,True,,3,3
FARCHEM,14.6,14.6,15.0,15.0,True,True,2,2
FBFIF,,,3.5,3.5,,True,1,1
FEKDIL,,,24.5,24.5,,True,1,1
FORTUNE,16.3,16.3,,,True,,1,1
FUWANGFOOD,9.7,9.7,,,True,,1,1
GBBPOWER,12.5,12.5,13.1,13.1,True,True,1,1
GHAIL,13.1,13.1,,,True,,1,1
GLOBALINS,,,45.0,45.0,,True,2,2
GPHISPAT,16.5,16.5,17.0,17.0,True,True,2,2
GRAMEENS2,,,12.0,12.0,,True,1,1
GREENDELT,,,67.3,67.3,,True,1,1
HEIDELBCEM,208.8,208.8,210.0,210.0,True,True,1,1
HRTEX,,,18.0,18.0,,True,1,1
IBP,16.2,16.2,16.4,16.4,True,True,1,1
ICBAGRANI1,7.7,7.7,,,True,,1,1
ICBEPMF1S1,5.6,5.6,,,True,,1,1
ICBSONALI1,,,6.0,6.0,,True,1,1
IDLC,,,43.1,43.1,,True,1,1
IFILISLMF1,,,5.3,5.3,,True,2,2
INDEXAGRO,,,68.8,68.8,,True,2,2
INTRACO,,,22.8,22.8,,True,2,2
IPDC,,,31.3,31.3,,True,2,2
ISLAMIBANK,27.3,27.3,,,True,,1,1
ISLAMICFIN,11.1,11.1,,,True,,1,1
ISLAMIINS,,,60.7,60.7,,True,1,1
ITC,,,46.5,46.5,,True,1,1
JAMUNABANK,23.8,23.8,,,True,,1,1
JAMUNAOIL,174.9,174.9,175.4,175.4,True,True,1,1
KARNAPHULI,56.8,56.8,,,True,,1,1
KPCL,10.7,10.7,,,True,,1,1
KPPL,13.1,13.1,13.3,13.3,True,True,1,1
KTL,,,11.7,11.7,,True,1,1
LANKABAFIN,,,15.3,15.3,,True,1,1
LEGACYFOOT,,,74.5,74.5,,True,1,1
LINDEBD,,,688.0,688.0,,True,1,1
LOVELLO,45.0,45.0,45.2,45.2,True,True,3,3
MALEKSPIN,,,49.0,49.0,,True,1,1
MBL1STMF,,,9.5,9.5,,True,1,1
MEGHNAPET,,,67.0,67.0,,True,1,1
MHSML,19.9,19.9,20.2,20.2,True,True,1,1
MIDLANDBNK,16.8,16.8,,,True,,2,2
MIRAKHTER,,,33.9,33.9,,True,1,1
MITHUNKNIT,,,14.0,14.0,,True,1,1
MLDYEING,11.7,11.7,11.9,11.9,True,True,2,2
MONNOCERA,,,85.0,85.0,,True,1,1
MONNOFABR,20.7,20.7,,,True,,1,1
MONOSPOOL,,,107.6,107.6,,True,1,1
MPETROLEUM,,,205.9,205.9,,True,1,1
NAVANACNG,20.5,20.5,,,True,,1,1
NCCBANK,14.8,14.8,,,True,,1,1
NFML,15.9,15.9,16.2,16.2,True,True,3,3
NTC,154.0,154.0,,,True,,1,1
NURANI,,,3.1,3.1,,True,1,1
ORIONPHARM,24.9,24.9,,,True,,2,2
PARAMOUNT,,,58.7,58.7,,True,2,2
PEOPLESINS,60.4,60.4,60.9,60.9,True,True,2,2
PF1STMF,,,15.3,15.3,,True,2,2
PHOENIXFIN,,,3.8,3.8,,True,1,1
PLFSL,1.8,1.8,,,True,,1,1
POPULARLIF,59.2,59.2,64.9,64.9,True,True,1,1
PRAGATIINS,74.0,74.0,,,True,,1,1
PRAGATILIF,,,152.3,152.3,,True,1,1
PREMIERBAN,5.8,5.8,,,True,,1,1
PREMIERCEM,43.9,43.9,44.4,44.4,True,True,1,1
PRIMETEX,15.3,15.3,15.6,15.6,True,True,1,1
PROVATIINS,,,56.0,56.0,,True,1,1
PTL,75.1,75.1,,,True,,2,2
QUEENSOUTH,,,14.5,14.5,,True,1,1
RAHIMAFOOD,70.6,70.6,,,True,,2,2
RAHIMTEXT,188.5,188.5,,,True,,1,1
RAKCERAMIC,,,29.4,29.4,,True,1,1
RANFOUNDRY,149.9,149.9,,,True,,1,1
RDFOOD,,,24.1,24.1,,True,1,1
RELIANCE1,12.1,12.1,12.3,12.3,True,True,2,2
RELIANCINS,,,104.5,104.5,,True,1,1
RENATA,463.5,463.5,,,True,,1,1
REPUBLIC,39.1,39.1,39.9,39.9,True,True,3,3
ROBI,,,29.9,29.9,,True,1,1
RUNNERAUTO,,,45.5,45.5,,True,2,2
RUPALIINS,,,28.6,28.6,,True,1,1
RUPALILIFE,,,81.2,81.2,,True,2,2
SAIFPOWER,,,9.1,9.1,,True,2,2
SALAMCRST,11.7,11.7,,,True,,1,1
SALVO,,,33.5,33.5,,True,3,3
SAMORITA,,,93.4,93.4,,True,1,1
SAPORTL,57.5,57.5,,,True,,2,2
SEMLFBSLGF,6.8,6.8,,,True,,1,1
SHARPIND,,,19.8,19.8,,True,1,1
SHASHADNIM,,,28.0,28.0,,True,1,1
SHEPHERD,,,14.0,14.0,,True,3,3
SICL,,,37.4,37.4,,True,1,1
SILVAPHL,12.4,12.4,,,True,,1,1
SIMTEX,24.1,24.1,,,True,,2,2
SINOBANGLA,51.5,51.5,51.8,51.8,True,True,1,1
SIPLC,133.8,133.8,139.7,139.7,True,True,1,1
SKTRIMS,13.4,13.4,13.7,13.7,True,True,1,1
SONALIPAPR,221.5,221.5,222.5,222.5,True,True,5,5
SONARGAON,,,91.9,91.9,,True,1,1
SOUTHEASTB,,,11.9,11.9,,True,2,2
SPCERAMICS,19.8,19.8,,,True,,2,2
SQURPHARMA,215.9,215.9,,,True,,2,2
SUMITPOWER,,,15.4,15.4,,True,1,1
SUNLIFEINS,47.2,47.2,,,True,,1,1
TAKAFULINS,53.2,53.2,53.8,53.8,True,True,1,1
TECHNODRUG,42.7,42.7,42.9,42.9,True,True,3,3
TOSRIFA,19.2,19.2,,,True,,1,1
TRUSTBANK,,,14.9,14.9,,True,1,1
TUNGHAI,,,4.3,4.3,,True,1,1
UNIONINS,,,49.2,49.2,,True,1,1
UNIQUEHRL,42.1,42.1,,,True,,1,1
UNITEDFIN,,,17.0,17.0,,True,1,1
UTTARABANK,20.7,20.7,,,True,,1,1
UTTARAFIN,12.4,12.4,,,True,,1,1
VFSTDL,13.6,13.6,,,True,,1,1
WALTONHIL,,,391.0,391.0,,True,3,3
WATACHEM,132.5,132.5,,,True,,1,1
ZEALBANGLA,,,180.6,180.6,,True,1,1
