split,signal,h,n_frames,n_signal,n_signal_valid,episodes,share_of_frames,p_up,p_down,mean_fwd_ticks,base_p_up,base_mean_ticks,ctrl_p_up,ctrl_mean_ticks,n_matched,lift_vs_matched,lift_vs_base,ticks_vs_base
dev,composite,2,505,0,0,0,0.0,,,,0.22922636103151864,-0.18624641833810787,,,0,,,
dev,mirror_composite,2,505,0,0,0,0.0,,,,0.22922636103151864,-0.18624641833810787,,,0,,,
dev,b_imb_l1,2,505,144,132,33,0.2851485148514851,0.24242424242424243,0.2196969696969697,-0.1553030303030325,0.22922636103151864,-0.18624641833810787,0.2962962962962963,-0.09876543209876025,81,-0.05387205387205385,0.013197881392723793,0.030943388035075375
dev,b_imb_top5,2,505,179,165,32,0.35445544554455444,0.2787878787878788,0.24848484848484848,-0.030303030303033104,0.22922636103151864,-0.18624641833810787,0.16883116883116883,-0.6168831168831114,77,0.10995670995670997,0.04956151775636017,0.15594338803507476
dev,b_imb_weighted,2,505,176,163,26,0.3485148514851485,0.3006134969325153,0.2392638036809816,-0.0030674846625791284,0.22922636103151864,-0.18624641833810787,0.11475409836065574,-0.6475409836065549,61,0.18585939857185957,0.07138713590099668,0.18317893367552873
dev,b_largest_wall_bid,2,505,205,190,19,0.40594059405940597,0.24210526315789474,0.29473684210526313,-0.4078947368421051,0.22922636103151864,-0.18624641833810787,0.46875,0.9062500000000062,32,-0.22664473684210526,0.012878902126376102,-0.22164831850399722
dev,b_one_frame_pressure,2,505,58,53,56,0.11485148514851486,0.20754716981132076,0.20754716981132076,-0.018867924528303496,0.22922636103151864,-0.18624641833810787,0.2549019607843137,-0.7058823529411635,51,-0.047354790972992944,-0.021679191220197874,0.16737849380980438
dev,score_ge_3,2,505,113,111,27,0.22376237623762377,0.25225225225225223,0.23423423423423423,-0.35585585585585194,0.22922636103151864,-0.18624641833810787,0.34,0.6799999999999912,100,-0.0877477477477478,0.02302589122073359,-0.16960943751774407
dev,score_ge_4,2,505,31,31,14,0.061386138613861385,0.3225806451612903,0.22580645161290322,-0.29032258064515054,0.22922636103151864,-0.18624641833810787,0.25806451612903225,-0.22580645161288923,31,0.06451612903225806,0.09335428412977168,-0.10407616230704267
dev,score_ge_5,2,505,5,5,4,0.009900990099009901,0.6,0.2,0.29999999999999716,0.22922636103151864,-0.18624641833810787,0.2,0.6000000000000014,5,0.39999999999999997,0.37077363896848137,0.486246418338105
dev,score_ge_6,2,505,0,0,0,0.0,,,,0.22922636103151864,-0.18624641833810787,,,0,,,
dev,score_ge_7,2,505,0,0,0,0.0,,,,0.22922636103151864,-0.18624641833810787,,,0,,,
dev,composite,4,505,0,0,0,0.0,,,,0.33048433048433046,-0.28490028490028585,,,0,,,
dev,mirror_composite,4,505,0,0,0,0.0,,,,0.33048433048433046,-0.28490028490028585,,,0,,,
dev,b_imb_l1,4,505,144,134,33,0.2851485148514851,0.373134328358209,0.35074626865671643,-0.35074626865672487,0.33048433048433046,-0.28490028490028585,0.345679012345679,-0.5308641975308691,81,0.027455316012529984,0.04264999787387852,-0.06584598375643902
dev,b_imb_top5,4,505,179,167,32,0.35445544554455444,0.40119760479041916,0.31137724550898205,-0.03892215568862948,0.33048433048433046,-0.28490028490028585,0.18181818181818182,-0.4675324675324751,77,0.21937942297223734,0.0707132743060887,0.24597812921165638
dev,b_imb_weighted,4,505,176,162,26,0.3485148514851485,0.42592592592592593,0.32098765432098764,-0.018518518518519878,0.33048433048433046,-0.28490028490028585,0.1694915254237288,-0.16949152542374146,59,0.2564344005021971,0.09544159544159547,0.26638176638176597
dev,b_largest_wall_bid,4,505,205,192,19,0.40594059405940597,0.3541666666666667,0.390625,-0.5520833333333319,0.33048433048433046,-0.28490028490028585,0.5625,0.9687500000000393,32,-0.20833333333333331,0.023682336182336228,-0.2671830484330461
dev,b_one_frame_pressure,4,505,58,55,56,0.11485148514851486,0.34545454545454546,0.36363636363636365,-0.3454545454545523,0.33048433048433046,-0.28490028490028585,0.3018867924528302,-1.1415094339622536,53,0.04356775300171528,0.014970214970215001,-0.06055426055426644
dev,score_ge_3,4,505,113,110,27,0.22376237623762377,0.37272727272727274,0.3,-0.3636363636363559,0.33048433048433046,-0.28490028490028585,0.46938775510204084,0.6989795918367298,98,-0.0966604823747681,0.04224294224294228,-0.07873607873607003
dev,score_ge_4,4,505,31,30,14,0.061386138613861385,0.43333333333333335,0.3333333333333333,-0.4333333333333324,0.33048433048433046,-0.28490028490028585,0.3,-0.26666666666664085,30,0.13333333333333336,0.10284900284900289,-0.14843304843304655
dev,score_ge_5,4,505,5,5,4,0.009900990099009901,0.6,0.2,-7.105427357601002e-15,0.33048433048433046,-0.28490028490028585,0.4,-2.1316282072803006e-14,5,0.19999999999999996,0.2695156695156695,0.28490028490027874
dev,score_ge_6,4,505,0,0,0,0.0,,,,0.33048433048433046,-0.28490028490028585,,,0,,,
dev,score_ge_7,4,505,0,0,0,0.0,,,,0.33048433048433046,-0.28490028490028585,,,0,,,
dev,composite,8,505,0,0,0,0.0,,,,0.4188034188034188,-0.22222222222222296,,,0,,,
dev,mirror_composite,8,505,0,0,0,0.0,,,,0.4188034188034188,-0.22222222222222296,,,0,,,
dev,b_imb_l1,8,505,144,131,33,0.2851485148514851,0.45038167938931295,0.3969465648854962,-0.6412213740458172,0.4188034188034188,-0.22222222222222296,0.3875,-0.6124999999999834,80,0.06288167938931294,0.031578260585894136,-0.41899915182359426
dev,b_imb_top5,8,505,179,169,32,0.35445544554455444,0.5207100591715976,0.2958579881656805,0.4023668639053204,0.4188034188034188,-0.22222222222222296,0.25316455696202533,-0.5189873417721719,79,0.2675455022095723,0.10190664036817881,0.6245890861275434
dev,b_imb_weighted,8,505,176,165,26,0.3485148514851485,0.5575757575757576,0.296969696969697,0.2121212121212132,0.4188034188034188,-0.22222222222222296,0.2459016393442623,-0.09836065573773951,61,0.3116741182314953,0.1387723387723388,0.43434343434343614
dev,b_largest_wall_bid,8,505,205,192,19,0.40594059405940597,0.4791666666666667,0.3489583333333333,-0.17968749999999445,0.4188034188034188,-0.22222222222222296,0.53125,-0.93749999999998,32,-0.052083333333333315,0.06036324786324787,0.04253472222222851
dev,b_one_frame_pressure,8,505,58,54,56,0.11485148514851486,0.4074074074074074,0.4444444444444444,-1.2314814814814783,0.4188034188034188,-0.22222222222222296,0.4423076923076923,-0.20192307692306613,52,-0.034900284900284906,-0.01139601139601143,-1.0092592592592553
dev,score_ge_3,8,505,113,110,27,0.22376237623762377,0.5363636363636364,0.2727272727272727,0.12727272727272973,0.4188034188034188,-0.22222222222222296,0.5,0.4693877551020315,98,0.036363636363636376,0.11756021756021756,0.3494949494949527
dev,score_ge_4,8,505,31,30,14,0.061386138613861385,0.5,0.3,-0.049999999999998344,0.4188034188034188,-0.22222222222222296,0.7333333333333333,1.3000000000000018,30,-0.23333333333333328,0.08119658119658119,0.1722222222222246
dev,score_ge_5,8,505,5,4,4,0.009900990099009901,0.75,0.25,1.5000000000000036,0.4188034188034188,-0.22222222222222296,0.0,-1.000000000000023,4,0.75,0.3311965811965812,1.7222222222222265
dev,score_ge_6,8,505,0,0,0,0.0,,,,0.4188034188034188,-0.22222222222222296,,,0,,,
dev,score_ge_7,8,505,0,0,0,0.0,,,,0.4188034188034188,-0.22222222222222296,,,0,,,
val,composite,2,387,0,0,0,0.0,,,,0.14207650273224043,-0.1584699453551908,,,0,,,
val,mirror_composite,2,387,0,0,0,0.0,,,,0.14207650273224043,-0.1584699453551908,,,0,,,
val,b_imb_l1,2,387,155,150,34,0.4005167958656331,0.13333333333333333,0.20666666666666667,-0.12666666666666207,0.14207650273224043,-0.1584699453551908,0.1297709923664122,-0.26717557251909074,131,0.0035623409669211237,-0.008743169398907097,0.031803278688528724
val,b_imb_top5,2,387,153,150,22,0.3953488372093023,0.16666666666666666,0.26666666666666666,-0.0066666666666733935,0.14207650273224043,-0.1584699453551908,0.07575757575757576,-1.4848484848484904,66,0.0909090909090909,0.02459016393442623,0.1518032786885174
val,b_imb_weighted,2,387,164,159,22,0.42377260981912146,0.13836477987421383,0.2578616352201258,-0.1132075471698136,0.14207650273224043,-0.1584699453551908,0.10606060606060606,-0.22727272727273104,66,0.03230417381360777,-0.003711722858026595,0.045262398185377195
val,b_largest_wall_bid,2,387,247,239,22,0.6382428940568475,0.12552301255230125,0.26778242677824265,-0.21548117154812035,0.14207650273224043,-0.1584699453551908,0.288135593220339,0.1355932203389952,59,-0.16261258066803774,-0.01655349017993918,-0.05701122619292956
val,b_one_frame_pressure,2,387,44,41,44,0.11369509043927649,0.1951219512195122,0.12195121951219512,0.10975609756098237,0.14207650273224043,-0.1584699453551908,0.17073170731707318,-0.7560975609756032,41,0.02439024390243902,0.053045448487271774,0.26822604291617314
val,score_ge_3,2,387,131,126,32,0.3385012919896641,0.18253968253968253,0.2698412698412698,-0.10317460317459251,0.14207650273224043,-0.1584699453551908,0.05,-0.425000000000004,120,0.1325396825396825,0.0404631798074421,0.055295342180598284
val,score_ge_4,2,387,39,38,14,0.10077519379844961,0.2631578947368421,0.2631578947368421,0.06578947368420772,0.14207650273224043,-0.1584699453551908,0.05263157894736842,-0.026315789473688324,38,0.21052631578947367,0.12108139200460166,0.2242594190393985
val,score_ge_5,2,387,13,13,7,0.03359173126614987,0.3076923076923077,0.38461538461538464,0.34615384615384015,0.14207650273224043,-0.1584699453551908,0.07692307692307693,0.07692307692306435,13,0.23076923076923078,0.16561580496006728,0.5046237915090309
val,score_ge_6,2,387,2,2,2,0.00516795865633075,0.5,0.5,2.9999999999999893,0.14207650273224043,-0.1584699453551908,0.5,1.5000000000000036,2,0.0,0.35792349726775957,3.15846994535518
val,score_ge_7,2,387,0,0,0,0.0,,,,0.14207650273224043,-0.1584699453551908,,,0,,,
val,composite,4,387,0,0,0,0.0,,,,0.1912568306010929,-0.3647540983606573,,,0,,,
val,mirror_composite,4,387,0,0,0,0.0,,,,0.1912568306010929,-0.3647540983606573,,,0,,,
val,b_imb_l1,4,387,155,152,34,0.4005167958656331,0.20394736842105263,0.34868421052631576,-0.18749999999999822,0.1912568306010929,-0.3647540983606573,0.10687022900763359,-0.7938931297709871,131,0.09707713941341904,0.01269053781995974,0.17725409836065908
val,b_imb_top5,4,387,153,151,22,0.3953488372093023,0.2185430463576159,0.44370860927152317,-0.15231788079470931,0.1912568306010929,-0.3647540983606573,0.0,-2.2014925373134404,67,0.2185430463576159,0.027286215756523013,0.212436217565948
val,b_imb_weighted,4,387,164,159,22,0.42377260981912146,0.1761006289308176,0.44025157232704404,-0.3710691823899419,0.1912568306010929,-0.3647540983606573,0.15384615384615385,-0.4538461538461554,65,0.022254475084663744,-0.015156201670275288,-0.006315084029284601
val,b_largest_wall_bid,4,387,247,239,22,0.6382428940568475,0.17573221757322174,0.4602510460251046,-0.46443514644352085,0.1912568306010929,-0.3647540983606573,0.4915254237288136,0.11864406779662871,59,-0.3157932061555918,-0.015524613027871143,-0.09968104808286354
val,b_one_frame_pressure,4,387,44,42,44,0.11369509043927649,0.2857142857142857,0.35714285714285715,-0.11904761904761652,0.1912568306010929,-0.3647540983606573,0.11904761904761904,-1.5476190476190368,42,0.16666666666666666,0.09445745511319281,0.2457064793130408
val,score_ge_3,4,387,131,126,32,0.3385012919896641,0.2619047619047619,0.42857142857142855,-0.15873015873015198,0.1912568306010929,-0.3647540983606573,0.08333333333333333,-0.48749999999998445,120,0.1785714285714286,0.07064793130366903,0.20602393963050533
val,score_ge_4,4,387,39,38,14,0.10077519379844961,0.34210526315789475,0.47368421052631576,-0.22368421052630588,0.1912568306010929,-0.3647540983606573,0.13157894736842105,-0.27631578947369934,38,0.2105263157894737,0.15084843255680186,0.14106988783435143
val,score_ge_5,4,387,13,13,7,0.03359173126614987,0.3076923076923077,0.5384615384615384,-0.46153846153844624,0.1912568306010929,-0.3647540983606573,0.23076923076923078,0.42307692307690176,13,0.07692307692307693,0.11643547709121482,-0.09678436317778893
val,score_ge_6,4,387,2,2,2,0.00516795865633075,0.5,0.5,1.2499999999999822,0.1912568306010929,-0.3647540983606573,0.0,-0.5000000000000071,2,0.5,0.3087431693989071,1.6147540983606397
val,score_ge_7,4,387,0,0,0,0.0,,,,0.1912568306010929,-0.3647540983606573,,,0,,,
val,composite,8,387,0,0,0,0.0,,,,0.19559228650137742,-0.8512396694214863,,,0,,,
val,mirror_composite,8,387,0,0,0,0.0,,,,0.19559228650137742,-0.8512396694214863,,,0,,,
val,b_imb_l1,8,387,155,149,34,0.4005167958656331,0.2214765100671141,0.4899328859060403,-0.6812080536912719,0.19559228650137742,-0.8512396694214863,0.18604651162790697,-0.6937984496124036,129,0.03542999843920713,0.02588422356573669,0.1700316157302144
val,b_imb_top5,8,387,153,149,22,0.3953488372093023,0.21476510067114093,0.6174496644295302,-0.8758389261744951,0.19559228650137742,-0.8512396694214863,0.16666666666666666,-2.2424242424242533,66,0.04809843400447428,0.01917281416976352,-0.02459925675300878
val,b_imb_weighted,8,387,164,158,22,0.42377260981912146,0.20253164556962025,0.5569620253164557,-0.7531645569620282,0.19559228650137742,-0.8512396694214863,0.1791044776119403,-0.8208955223880703,67,0.023427167957679962,0.006939359068242834,0.0980751124594581
val,b_largest_wall_bid,8,387,247,236,22,0.6382428940568475,0.1694915254237288,0.6313559322033898,-1.0381355932203409,0.19559228650137742,-0.8512396694214863,0.7,-0.2500000000000077,60,-0.5305084745762711,-0.02610076107764861,-0.18689592379885456
val,b_one_frame_pressure,8,387,44,43,44,0.11369509043927649,0.20930232558139536,0.5348837209302325,-0.6511627906976688,0.19559228650137742,-0.8512396694214863,0.18604651162790697,-1.0813953488372,43,0.023255813953488386,0.013710039080017944,0.20007687872381752
val,score_ge_3,8,387,131,127,32,0.3385012919896641,0.2677165354330709,0.5826771653543307,-0.700787401574796,0.19559228650137742,-0.8512396694214863,0.14049586776859505,-0.7644628099173695,121,0.12722066766447584,0.07212424893169347,0.1504522678466903
val,score_ge_4,8,387,39,36,14,0.10077519379844961,0.4444444444444444,0.4722222222222222,-0.7638888888888731,0.19559228650137742,-0.8512396694214863,0.08333333333333333,-1.1527777777777843,36,0.3611111111111111,0.248852157943067,0.08735078053261325
val,score_ge_5,8,387,13,11,7,0.03359173126614987,0.5454545454545454,0.45454545454545453,-1.590909090909065,0.19559228650137742,-0.8512396694214863,0.2727272727272727,-1.6363636363636402,11,0.2727272727272727,0.349862258953168,-0.7396694214875787
val,score_ge_6,8,387,2,2,2,0.00516795865633075,1.0,0.0,2.4999999999999822,0.19559228650137742,-0.8512396694214863,0.0,-5.0,2,1.0,0.8044077134986226,3.3512396694214686
val,score_ge_7,8,387,0,0,0,0.0,,,,0.19559228650137742,-0.8512396694214863,,,0,,,
holdout,composite,2,392,0,0,0,0.0,,,,0.2017291066282421,0.04034582132565022,,,0,,,
holdout,mirror_composite,2,392,0,0,0,0.0,,,,0.2017291066282421,0.04034582132565022,,,0,,,
holdout,b_imb_l1,2,392,144,126,32,0.3673469387755102,0.3412698412698413,0.07936507936507936,0.4007936507936475,0.2017291066282421,0.04034582132565022,0.22448979591836735,0.03061224489795998,98,0.11678004535147393,0.1395407346415992,0.36044782946799725
holdout,b_imb_top5,2,392,172,158,25,0.4387755102040816,0.2974683544303797,0.13291139240506328,0.3101265822784834,0.2017291066282421,0.04034582132565022,0.21794871794871795,-0.20512820512820668,78,0.07951963648166177,0.09573924780213763,0.26978076095283315
holdout,b_imb_weighted,2,392,178,165,22,0.45408163265306123,0.296969696969697,0.1393939393939394,0.300000000000003,0.2017291066282421,0.04034582132565022,0.3409090909090909,0.05681818181818343,44,-0.04393939393939389,0.0952405903414549,0.25965417867435275
holdout,b_largest_wall_bid,2,392,237,216,23,0.6045918367346939,0.24074074074074073,0.1388888888888889,0.1550925925925956,0.2017291066282421,0.04034582132565022,0.1,-0.28749999999999076,40,0.14074074074074072,0.03901163411249864,0.1147467712669454
holdout,b_one_frame_pressure,2,392,36,33,36,0.09183673469387756,0.15151515151515152,0.09090909090909091,0.0909090909090965,0.2017291066282421,0.04034582132565022,0.36363636363636365,0.36363636363636126,33,-0.21212121212121213,-0.05021395511309057,0.050563269583446285
holdout,score_ge_3,2,392,154,137,32,0.39285714285714285,0.27007299270072993,0.10948905109489052,0.153284671532838,0.2017291066282421,0.04034582132565022,0.20652173913043478,-0.09239130434782238,92,0.06355125357029515,0.06834388607248784,0.11293885020718779
holdout,score_ge_4,2,392,70,64,26,0.17857142857142858,0.265625,0.078125,0.3984374999999962,0.2017291066282421,0.04034582132565022,0.19047619047619047,-0.015873015873008205,63,0.07514880952380953,0.06389589337175791,0.358091678674346
holdout,score_ge_5,2,392,22,21,9,0.05612244897959184,0.38095238095238093,0.14285714285714285,0.4523809523809402,0.2017291066282421,0.04034582132565022,0.09523809523809523,-0.14285714285713136,21,0.2857142857142857,0.17922327432413884,0.41203513105529
holdout,score_ge_6,2,392,4,4,4,0.01020408163265306,0.5,0.25,0.8749999999999769,0.2017291066282421,0.04034582132565022,0.0,-1.0000000000000053,4,0.5,0.29827089337175794,0.8346541786743267
holdout,score_ge_7,2,392,0,0,0,0.0,,,,0.2017291066282421,0.04034582132565022,,,0,,,
holdout,composite,4,392,0,0,0,0.0,,,,0.3,0.004687500000005174,,,0,,,
holdout,mirror_composite,4,392,0,0,0,0.0,,,,0.3,0.004687500000005174,,,0,,,
holdout,b_imb_l1,4,392,144,116,32,0.3673469387755102,0.5086206896551724,0.15517241379310345,0.676724137931033,0.3,0.004687500000005174,0.3522727272727273,0.0056818181818243186,88,0.15634796238244508,0.2086206896551724,0.6720366379310279
holdout,b_imb_top5,4,392,172,149,25,0.4387755102040816,0.44966442953020136,0.2214765100671141,0.5369127516778598,0.3,0.004687500000005174,0.17567567567567569,-0.6351351351351365,74,0.2739887538545257,0.14966442953020137,0.5322252516778546
holdout,b_imb_weighted,4,392,178,150,22,0.45408163265306123,0.44,0.25333333333333335,0.4433333333333408,0.3,0.004687500000005174,0.41025641025641024,-0.2820512820512779,39,0.02974358974358976,0.14,0.4386458333333356
holdout,b_largest_wall_bid,4,392,237,197,23,0.6045918367346939,0.37055837563451777,0.2436548223350254,0.18274111675127597,0.3,0.004687500000005174,0.14285714285714285,-0.357142857142847,35,0.22770123277737492,0.07055837563451778,0.1780536167512708
holdout,b_one_frame_pressure,4,392,36,33,36,0.09183673469387756,0.36363636363636365,0.15151515151515152,0.45454545454545775,0.3,0.004687500000005174,0.24242424242424243,-0.015151515151515367,33,0.12121212121212122,0.06363636363636366,0.4498579545454526
holdout,score_ge_3,4,392,154,127,32,0.39285714285714285,0.4015748031496063,0.2125984251968504,0.17716535433069552,0.3,0.004687500000005174,0.27380952380952384,-0.2678571428571268,84,0.12776527934008247,0.10157480314960632,0.17247785433069035
holdout,score_ge_4,4,392,70,60,26,0.17857142857142858,0.4,0.18333333333333332,0.4416666666666611,0.3,0.004687500000005174,0.23728813559322035,0.09322033898305097,59,0.16271186440677968,0.10000000000000003,0.4369791666666559
holdout,score_ge_5,4,392,22,20,9,0.05612244897959184,0.5,0.15,0.37499999999997513,0.3,0.004687500000005174,0.2,-0.22499999999999076,20,0.3,0.2,0.37031249999996996
holdout,score_ge_6,4,392,4,3,4,0.01020408163265306,0.3333333333333333,0.3333333333333333,-4.7369515717340014e-14,0.3,0.004687500000005174,0.3333333333333333,0.9999999999999668,3,0.0,0.033333333333333326,-0.004687500000052543
holdout,score_ge_7,4,392,0,0,0,0.0,,,,0.3,0.004687500000005174,,,0,,,
holdout,composite,8,392,0,0,0,0.0,,,,0.332089552238806,-0.15111940298506407,,,0,,,
holdout,mirror_composite,8,392,0,0,0,0.0,,,,0.332089552238806,-0.15111940298506407,,,0,,,
holdout,b_imb_l1,8,392,144,93,32,0.3673469387755102,0.5591397849462365,0.23655913978494625,0.7096774193548511,0.332089552238806,-0.15111940298506407,0.31666666666666665,0.025000000000019302,60,0.24247311827956985,0.22705023270743052,0.8607968223399152
holdout,b_imb_top5,8,392,172,128,25,0.4387755102040816,0.4765625,0.28125,0.5898437500000144,0.332089552238806,-0.15111940298506407,0.11666666666666667,-1.2583333333333129,60,0.3598958333333333,0.14447294776119401,0.7409631529850785
holdout,b_imb_weighted,8,392,178,119,22,0.45408163265306123,0.47058823529411764,0.33613445378151263,0.533613445378166,0.332089552238806,-0.15111940298506407,0.2916666666666667,-0.8541666666666566,24,0.17892156862745096,0.13849868305531166,0.6847328483632301
holdout,b_largest_wall_bid,8,392,237,163,23,0.6045918367346939,0.3558282208588957,0.34355828220858897,-0.018404907975447308,0.332089552238806,-0.15111940298506407,0.21428571428571427,-0.46428571428570437,28,0.14154250657318143,0.02373866862008972,0.13271449500961677
holdout,b_one_frame_pressure,8,392,36,27,36,0.09183673469387756,0.37037037037037035,0.3333333333333333,0.33333333333332493,0.332089552238806,-0.15111940298506407,0.4444444444444444,0.0925925925926097,27,-0.07407407407407407,0.038280818131564365,0.48445273631838903
holdout,score_ge_3,8,392,154,102,32,0.39285714285714285,0.35294117647058826,0.3137254901960784,-0.21078431372549736,0.332089552238806,-0.15111940298506407,0.4307692307692308,-0.05384615384615625,65,-0.07782805429864253,0.020851624231782273,-0.059664910740433286
holdout,score_ge_4,8,392,70,52,26,0.17857142857142858,0.40384615384615385,0.3076923076923077,0.18269230769230413,0.332089552238806,-0.15111940298506407,0.18,-0.2999999999999986,50,0.22384615384615386,0.07175660160734787,0.3338117106773682
holdout,score_ge_5,8,392,22,19,9,0.05612244897959184,0.2631578947368421,0.2631578947368421,0.07894736842103879,0.332089552238806,-0.15111940298506407,0.2777777777777778,-0.27777777777777973,18,-0.0146198830409357,-0.0689316575019639,0.23006677140610288
holdout,score_ge_6,8,392,4,3,4,0.01020408163265306,0.0,0.6666666666666666,-0.666666666666688,0.332089552238806,-0.15111940298506407,0.3333333333333333,-4.7369515717340014e-14,3,-0.3333333333333333,-0.332089552238806,-0.5155472636816238
holdout,score_ge_7,8,392,0,0,0,0.0,,,,0.332089552238806,-0.15111940298506407,,,0,,,
