regime,door,footprint,window,n_fresh_doors,n_doors_with_footprint,recall,base_share_predoor_rows,recall_lift,lead_median,lead_p25,lead_p75
DISCOVERY,limit_up,F01_quiet_volume,5,3328,411,0.12349759615384616,0.06662490825105821,1.8536250089602881,2.0,1.0,3.0
DISCOVERY,limit_up,F01_quiet_volume,10,3328,584,0.17548076923076922,0.11221516437547255,1.5637883721634058,3.0,2.0,6.0
DISCOVERY,limit_up,F02_quiet_volume_persistent,5,3328,740,0.22235576923076922,0.1648638804421609,1.348723374910359,2.0,1.0,3.0
DISCOVERY,limit_up,F02_quiet_volume_persistent,10,3328,1031,0.3097956730769231,0.24603892914498265,1.2591327484374257,3.0,1.0,6.0
DISCOVERY,limit_up,F03_dip_recovered,5,3328,220,0.06610576923076923,0.03849040568208785,1.7174609635650748,3.0,1.0,4.0
DISCOVERY,limit_up,F03_dip_recovered,10,3328,341,0.1024639423076923,0.07111439782341157,1.4408325942958369,4.0,2.0,7.0
DISCOVERY,limit_up,F04_dip_recovered_persistent,5,3328,35,0.010516826923076924,0.009045203944790591,1.1626964949899097,1.0,1.0,3.0
DISCOVERY,limit_up,F04_dip_recovered_persistent,10,3328,53,0.015925480769230768,0.014715702451973223,1.0822100284512974,3.0,1.0,7.0
DISCOVERY,limit_up,F05_departure_calm,5,3328,701,0.21063701923076922,0.17601999988962533,1.1966652616910054,2.0,1.0,4.0
DISCOVERY,limit_up,F05_departure_calm,10,3328,1107,0.33263221153846156,0.2948576442734864,1.1281112021295894,4.0,2.0,7.0
DISCOVERY,limit_up,F06_departure_any,5,3328,1450,0.43569711538461536,0.30121246571486915,1.4464777025431967,2.0,1.0,3.0
DISCOVERY,limit_up,F06_departure_any,10,3328,1879,0.5646033653846154,0.4610929299507177,1.2244893137809791,2.0,1.0,5.0
DISCOVERY,limit_up,F07_idio_activity,5,3328,487,0.1463341346153846,0.05563711017047367,2.630153402414552,2.0,1.0,3.0
DISCOVERY,limit_up,F07_idio_activity,10,3328,656,0.1971153846153846,0.09556514588771585,2.0626284068773892,3.0,1.0,6.0
DISCOVERY,limit_up,F08u_idio_move_up,5,3328,1035,0.31099759615384615,0.12575261725928666,2.473090444810439,2.0,1.0,3.0
DISCOVERY,limit_up,F08u_idio_move_up,10,3328,1396,0.41947115384615385,0.22802026478882567,1.8396222556562456,3.0,1.0,6.0
DISCOVERY,limit_up,F08d_idio_move_down,5,3328,194,0.05829326923076923,0.043934636122317204,1.3268180728406753,2.0,1.0,4.0
DISCOVERY,limit_up,F08d_idio_move_down,10,3328,345,0.10366586538461539,0.0845773478071313,1.2256930262345564,5.0,2.0,7.0
DISCOVERY,limit_up,F09_idio_quiet_volume,5,3328,139,0.04176682692307692,0.02347393226306698,1.7792854837871073,2.0,1.0,4.0
DISCOVERY,limit_up,F09_idio_quiet_volume,10,3328,223,0.06700721153846154,0.042405946987047534,1.5801371340422656,4.0,2.0,7.0
DISCOVERY,limit_up,F10_coil_then_volume,5,3328,26,0.0078125,0.003926578771640333,1.989645555165144,2.0,1.0,3.0
DISCOVERY,limit_up,F10_coil_then_volume,10,3328,40,0.01201923076923077,0.007690354909741117,1.5628967596809362,3.0,1.0,7.0
DISCOVERY,limit_up,F11_closing_strength,5,3328,61,0.018329326923076924,0.014100363684527127,1.2999187349465604,2.0,1.0,4.0
DISCOVERY,limit_up,F11_closing_strength,10,3328,110,0.033052884615384616,0.02727633953455003,1.211778602972647,5.0,2.0,7.0
DISCOVERY,limit_up,F12_closing_strength_10s,5,3328,122,0.03665865384615385,0.008783064111125215,4.173788712269508,1.0,1.0,3.0
DISCOVERY,limit_up,F12_closing_strength_10s,10,3328,175,0.052584134615384616,0.013929282950977092,3.775078358336889,3.0,1.0,6.0
DISCOVERY,limit_up,F13_volume_price_divergence,5,3328,44,0.013221153846153846,0.01038901551315942,1.272608923281234,2.0,1.0,4.0
DISCOVERY,limit_up,F13_volume_price_divergence,10,3328,76,0.02283653846153846,0.0197681028250396,1.1552215538160888,4.5,2.0,8.0
DISCOVERY,limit_up,F14_volume_no_range,5,3328,182,0.0546875,0.013832705117521427,3.9534927937362854,2.0,1.0,3.0
DISCOVERY,limit_up,F14_volume_no_range,10,3328,271,0.08143028846153846,0.025871821899437642,3.1474508744708256,3.0,1.0,7.0
DISCOVERY,limit_up,F15_REF_abnormal_volume,5,3328,1054,0.3167067307692308,0.14004337724405494,2.261490239679831,1.0,1.0,2.0
DISCOVERY,limit_up,F15_REF_abnormal_volume,10,3328,1330,0.3996394230769231,0.22161853411405014,1.8032761775748376,2.0,1.0,4.0
DISCOVERY,limit_up,F16u_REF_moved_up,5,3328,1368,0.4110576923076923,0.19073846170826872,2.1550854957423224,1.0,1.0,3.0
DISCOVERY,limit_up,F16u_REF_moved_up,10,3328,1792,0.5384615384615384,0.33328734388883063,1.6156075180614855,2.0,1.0,5.0
DISCOVERY,limit_up,F16d_REF_moved_down,5,3328,407,0.12229567307692307,0.11031672010640117,1.1085869209940988,3.0,1.0,4.0
DISCOVERY,limit_up,F16d_REF_moved_down,10,3328,708,0.2127403846153846,0.2015938101886855,1.0552922454130227,5.0,2.0,7.0
DISCOVERY,limit_up,F17_abnormal_volume_persistent,5,3328,517,0.15534855769230768,0.060137637209507676,2.5832168488945437,1.0,1.0,3.0
DISCOVERY,limit_up,F17_abnormal_volume_persistent,10,3328,682,0.2049278846153846,0.09743323712341544,2.1032646627126765,2.0,1.0,5.0
DISCOVERY,limit_up,F18_quiet_volume_repeat,5,3328,191,0.05739182692307692,0.028380086202614774,2.0222569626229387,2.0,1.0,3.0
DISCOVERY,limit_up,F18_quiet_volume_repeat,10,3328,284,0.08533653846153846,0.046743671392541986,1.8256276394060484,3.0,2.0,7.0
DISCOVERY,abn_up,F01_quiet_volume,5,6150,583,0.09479674796747968,0.06662490825105821,1.4228424542104192,2.0,1.0,3.0
DISCOVERY,abn_up,F01_quiet_volume,10,6150,826,0.1343089430894309,0.11221516437547255,1.1968876384659781,3.0,2.0,6.0
DISCOVERY,abn_up,F02_quiet_volume_persistent,5,6150,1101,0.17902439024390243,0.1648638804421609,1.0858921296997461,2.0,1.0,3.0
DISCOVERY,abn_up,F02_quiet_volume_persistent,10,6150,1542,0.25073170731707317,0.24603892914498265,1.0190733157082033,3.0,1.0,6.0
DISCOVERY,abn_up,F03_dip_recovered,5,6150,399,0.06487804878048781,0.03849040568208785,1.6855641719224561,2.0,1.0,4.0
DISCOVERY,abn_up,F03_dip_recovered,10,6150,626,0.10178861788617886,0.07111439782341157,1.4313362835320111,4.0,2.0,7.0
DISCOVERY,abn_up,F04_dip_recovered_persistent,5,6150,77,0.012520325203252032,0.009045203944790591,1.3841949036940033,1.0,1.0,4.0
DISCOVERY,abn_up,F04_dip_recovered_persistent,10,6150,105,0.01707317073170732,0.014715702451973223,1.160200866212675,3.0,1.0,6.0
DISCOVERY,abn_up,F05_departure_calm,5,6150,1135,0.18455284552845527,0.17601999988962533,1.0484765688227504,3.0,1.0,4.0
DISCOVERY,abn_up,F05_departure_calm,10,6150,1826,0.2969105691056911,0.2948576442734864,1.0069624270290263,4.0,2.0,7.0
DISCOVERY,abn_up,F06_departure_any,5,6150,2536,0.41235772357723577,0.30121246571486915,1.3689928887856118,2.0,1.0,3.0
DISCOVERY,abn_up,F06_departure_any,10,6150,3325,0.540650406504065,0.4610929299507177,1.172541089627747,2.0,1.0,5.0
DISCOVERY,abn_up,F07_idio_activity,5,6150,583,0.09479674796747968,0.05563711017047367,1.7038402547691598,2.0,1.0,3.0
DISCOVERY,abn_up,F07_idio_activity,10,6150,744,0.12097560975609756,0.09556514588771585,1.2658967726396577,2.0,1.0,5.0
DISCOVERY,abn_up,F08u_idio_move_up,5,6150,1538,0.2500813008130081,0.12575261725928666,1.988676707200223,2.0,1.0,3.0
DISCOVERY,abn_up,F08u_idio_move_up,10,6150,2110,0.34308943089430893,0.22802026478882567,1.5046444718939838,3.0,1.0,6.0
DISCOVERY,abn_up,F08d_idio_move_down,5,6150,340,0.055284552845528454,0.043934636122317204,1.2583364225804048,2.0,1.0,4.0
DISCOVERY,abn_up,F08d_idio_move_down,10,6150,570,0.09268292682926829,0.0845773478071313,1.0958362875201622,4.0,2.0,7.0
DISCOVERY,abn_up,F09_idio_quiet_volume,5,6150,174,0.02829268292682927,0.02347393226306698,1.2052809307686354,2.0,1.0,3.0
DISCOVERY,abn_up,F09_idio_quiet_volume,10,6150,261,0.042439024390243905,0.042405946987047534,1.0007800180292277,3.0,2.0,7.0
DISCOVERY,abn_up,F10_coil_then_volume,5,6150,34,0.0055284552845528455,0.003926578771640333,1.407957309931497,2.0,1.0,3.0
DISCOVERY,abn_up,F10_coil_then_volume,10,6150,56,0.009105691056910569,0.007690354909741117,1.1840404199521004,4.0,2.0,7.25
DISCOVERY,abn_up,F11_closing_strength,5,6150,79,0.012845528455284553,0.014100363684527127,0.9110068890904174,3.0,1.0,4.0
DISCOVERY,abn_up,F11_closing_strength,10,6150,146,0.023739837398373983,0.02727633953455003,0.8703454277031389,5.0,2.25,7.75
DISCOVERY,abn_up,F12_closing_strength_10s,5,6150,55,0.00894308943089431,0.008783064111125215,1.0182197599544327,1.0,1.0,3.0
DISCOVERY,abn_up,F12_closing_strength_10s,10,6150,87,0.014146341463414635,0.013929282950977092,1.0155828920412817,3.0,1.0,7.5
DISCOVERY,abn_up,F13_volume_price_divergence,5,6150,79,0.012845528455284553,0.01038901551315942,1.2364529092302876,2.0,1.0,3.5
DISCOVERY,abn_up,F13_volume_price_divergence,10,6150,127,0.02065040650406504,0.0197681028250396,1.0446326937306223,4.0,2.0,7.0
DISCOVERY,abn_up,F14_volume_no_range,5,6150,126,0.02048780487804878,0.013832705117521427,1.4811133978485207,2.0,1.0,3.0
DISCOVERY,abn_up,F14_volume_no_range,10,6150,187,0.03040650406504065,0.025871821899437642,1.1752749451982574,3.0,1.0,6.5
DISCOVERY,abn_up,F15_REF_abnormal_volume,5,6150,1554,0.2526829268292683,0.14004337724405494,1.8043190031679637,1.0,1.0,2.0
DISCOVERY,abn_up,F15_REF_abnormal_volume,10,6150,1927,0.31333333333333335,0.22161853411405014,1.4138408350453424,2.0,1.0,4.0
DISCOVERY,abn_up,F16u_REF_moved_up,5,6150,2310,0.375609756097561,0.19073846170826872,1.9692397261337349,2.0,1.0,3.0
DISCOVERY,abn_up,F16u_REF_moved_up,10,6150,3019,0.49089430894308944,0.33328734388883063,1.472886138475241,3.0,1.0,5.0
DISCOVERY,abn_up,F16d_REF_moved_down,5,6150,916,0.14894308943089432,0.11031672010640117,1.350140661245528,2.0,1.0,4.0
DISCOVERY,abn_up,F16d_REF_moved_down,10,6150,1438,0.23382113821138212,0.2015938101886855,1.1598626862230188,4.0,2.0,7.0
DISCOVERY,abn_up,F17_abnormal_volume_persistent,5,6150,650,0.10569105691056911,0.060137637209507676,1.757486023974675,1.0,1.0,2.0
DISCOVERY,abn_up,F17_abnormal_volume_persistent,10,6150,841,0.1367479674796748,0.09743323712341544,1.4035043021968028,2.0,1.0,5.0
DISCOVERY,abn_up,F18_quiet_volume_repeat,5,6150,237,0.03853658536585366,0.028380086202614774,1.3578741477643266,2.0,1.0,3.0
DISCOVERY,abn_up,F18_quiet_volume_repeat,10,6150,330,0.05365853658536585,0.046743671392541986,1.1479315806145074,3.0,1.0,6.0
FLOOR,limit_up,F01_quiet_volume,5,1109,169,0.15476190476190477,0.06959013330011213,2.223905853068044,2.0,1.0,3.0
FLOOR,limit_up,F01_quiet_volume,10,1109,221,0.20331186752529898,0.10856321619799815,1.8727509615641613,3.0,2.0,5.0
FLOOR,limit_up,F02_quiet_volume_persistent,5,1109,263,0.24084249084249085,0.1745483991528591,1.3798034929645806,2.0,1.0,3.0
FLOOR,limit_up,F02_quiet_volume_persistent,10,1109,374,0.34406623735050595,0.2553194195378178,1.3475913347027764,3.0,1.0,6.0
FLOOR,limit_up,F03_dip_recovered,5,1109,108,0.0989010989010989,0.05155101532328392,1.9185092336373146,3.0,1.0,4.0
FLOOR,limit_up,F03_dip_recovered,10,1109,167,0.15363385464581417,0.08976560214684523,1.7115002960096954,4.0,2.0,7.0
FLOOR,limit_up,F04_dip_recovered_persistent,5,1109,41,0.037545787545787544,0.016731032764420083,2.24408068972477,1.0,1.0,3.0
FLOOR,limit_up,F04_dip_recovered_persistent,10,1109,61,0.05611775528978841,0.02645401706792832,2.1213320890241314,3.0,1.0,6.0
FLOOR,limit_up,F05_departure_calm,5,1109,194,0.17765567765567766,0.21968356795814128,0.8086889670761735,2.0,1.0,3.0
FLOOR,limit_up,F05_departure_calm,10,1109,285,0.2621895124195032,0.30825289022854746,0.8505662744154919,3.0,2.0,6.0
FLOOR,limit_up,F06_departure_any,5,1109,337,0.3086080586080586,0.2884016444499813,1.0700634498690655,1.0,1.0,3.0
FLOOR,limit_up,F06_departure_any,10,1109,444,0.40846366145354185,0.3964032711409567,1.0304245479051473,2.0,1.0,5.25
FLOOR,limit_up,F07_idio_activity,5,1109,149,0.13644688644688643,0.04838669490469665,2.819925740239849,1.0,1.0,4.0
FLOOR,limit_up,F07_idio_activity,10,1109,204,0.18767249310027598,0.08093911760591145,2.3186871645184475,3.0,1.0,6.0
FLOOR,limit_up,F08u_idio_move_up,5,1109,417,0.38186813186813184,0.1573439641210913,2.426963970313139,2.0,1.0,3.0
FLOOR,limit_up,F08u_idio_move_up,10,1109,547,0.5032198712051518,0.2738245132079311,1.8377458807825113,2.0,1.0,5.0
FLOOR,limit_up,F08d_idio_move_down,5,1109,135,0.12362637362637363,0.10509530335118973,1.176326340800025,2.0,1.0,4.0
FLOOR,limit_up,F08d_idio_move_down,10,1109,214,0.1968721251149954,0.1828633929820545,1.0766076353746519,4.0,2.0,7.0
FLOOR,limit_up,F09_idio_quiet_volume,5,1109,56,0.05128205128205128,0.021963373614052574,2.334889538519714,2.0,1.0,4.0
FLOOR,limit_up,F09_idio_quiet_volume,10,1109,76,0.06991720331186753,0.03872715479415468,1.805379292217474,3.0,2.0,6.0
FLOOR,limit_up,F10_coil_then_volume,5,1109,5,0.004578754578754579,0.008122586271334246,0.5637064877862424,2.0,1.0,3.0
FLOOR,limit_up,F10_coil_then_volume,10,1109,11,0.010119595216191352,0.015948719905376017,0.6345083038783711,6.0,2.5,7.5
FLOOR,limit_up,F11_closing_strength,5,1109,13,0.011904761904761904,0.008969727170798554,1.3272156084656084,2.0,1.0,3.0
FLOOR,limit_up,F11_closing_strength,10,1109,20,0.01839926402943882,0.0168517176033678,1.0918331568624047,3.5,1.75,6.25
FLOOR,limit_up,F12_closing_strength_10s,5,1109,26,0.023809523809523808,0.00751214650554379,3.169470109768617,1.0,1.0,2.0
FLOOR,limit_up,F12_closing_strength_10s,10,1109,36,0.03311867525298988,0.01227313772622636,2.698468475768741,2.0,1.0,6.25
FLOOR,limit_up,F13_volume_price_divergence,5,1109,24,0.02197802197802198,0.01810140774884764,1.214160925103802,3.0,1.0,4.25
FLOOR,limit_up,F13_volume_price_divergence,10,1109,28,0.025758969641214352,0.031121624887125287,0.8276871704044794,3.0,1.0,5.0
FLOOR,limit_up,F14_volume_no_range,5,1109,30,0.027472527472527472,0.008770399900336364,3.1324144605394606,2.0,1.0,3.0
FLOOR,limit_up,F14_volume_no_range,10,1109,46,0.04231830726770929,0.016292113396161625,2.597471932504433,4.0,2.0,6.75
FLOOR,limit_up,F15_REF_abnormal_volume,5,1109,361,0.3305860805860806,0.13397284165939952,2.467560413673488,1.0,1.0,2.0
FLOOR,limit_up,F15_REF_abnormal_volume,10,1109,430,0.39558417663293466,0.19815076246073232,1.9963797853734115,1.0,1.0,4.0
FLOOR,limit_up,F16u_REF_moved_up,5,1109,456,0.4175824175824176,0.18445247290394917,2.2639025165028137,2.0,1.0,3.0
FLOOR,limit_up,F16u_REF_moved_up,10,1109,597,0.5492180312787488,0.30783318707314283,1.7841417181190786,2.0,1.0,5.0
FLOOR,limit_up,F16d_REF_moved_down,5,1109,163,0.14926739926739926,0.12692163946679955,1.1760594954057852,2.0,1.0,4.0
FLOOR,limit_up,F16d_REF_moved_down,10,1109,255,0.23459061637534498,0.21259872562860085,1.1034431917769951,4.0,2.0,7.0
FLOOR,limit_up,F17_abnormal_volume_persistent,5,1109,215,0.19688644688644688,0.07088576055811635,2.7775175907864837,1.0,1.0,2.0
FLOOR,limit_up,F17_abnormal_volume_persistent,10,1109,262,0.24103035878564857,0.1043025932567693,2.3108759932007303,1.0,1.0,5.0
FLOOR,limit_up,F18_quiet_volume_repeat,5,1109,84,0.07692307692307693,0.034932104148498816,2.202073960276528,2.0,1.0,4.0
FLOOR,limit_up,F18_quiet_volume_repeat,10,1109,108,0.09935602575896964,0.054548691925165656,1.821419034122291,3.0,2.0,5.0
FLOOR,abn_up,F01_quiet_volume,5,1494,212,0.14814814814814814,0.06959013330011213,2.1288671413984694,2.0,1.0,3.0
FLOOR,abn_up,F01_quiet_volume,10,1494,248,0.17663817663817663,0.10856321619799815,1.627053645094882,2.0,1.0,5.0
FLOOR,abn_up,F02_quiet_volume_persistent,5,1494,320,0.2236198462613557,0.1745483991528591,1.2811337562914153,1.0,1.0,3.0
FLOOR,abn_up,F02_quiet_volume_persistent,10,1494,418,0.29772079772079774,0.2553194195378178,1.166071888537642,2.0,1.0,5.0
FLOOR,abn_up,F03_dip_recovered,5,1494,174,0.12159329140461216,0.05155101532328392,2.3586982844485784,3.0,1.0,4.0
FLOOR,abn_up,F03_dip_recovered,10,1494,243,0.17307692307692307,0.08976560214684523,1.9280985025176014,3.0,2.0,6.0
FLOOR,abn_up,F04_dip_recovered_persistent,5,1494,68,0.047519217330538085,0.016731032764420083,2.8401843448416173,1.0,1.0,3.0
FLOOR,abn_up,F04_dip_recovered_persistent,10,1494,84,0.05982905982905983,0.02645401706792832,2.261624753451677,2.0,1.0,4.25
FLOOR,abn_up,F05_departure_calm,5,1494,265,0.18518518518518517,0.21968356795814128,0.8429632990141098,3.0,2.0,4.0
FLOOR,abn_up,F05_departure_calm,10,1494,390,0.2777777777777778,0.30825289022854746,0.9011360041809355,4.0,2.0,6.0
FLOOR,abn_up,F06_departure_any,5,1494,451,0.31516422082459816,0.2884016444499813,1.0927961989455939,2.0,1.0,3.0
FLOOR,abn_up,F06_departure_any,10,1494,592,0.42165242165242167,0.3964032711409567,1.0636956159286755,2.0,1.0,6.0
FLOOR,abn_up,F07_idio_activity,5,1494,147,0.10272536687631027,0.04838669490469665,2.1230085476728693,1.0,1.0,3.0
FLOOR,abn_up,F07_idio_activity,10,1494,192,0.13675213675213677,0.08093911760591145,1.689567922126062,2.0,1.0,5.0
FLOOR,abn_up,F08u_idio_move_up,5,1494,550,0.3843466107617051,0.1573439641210913,2.4427159497895543,2.0,1.0,3.0
FLOOR,abn_up,F08u_idio_move_up,10,1494,679,0.48361823361823364,0.2738245132079311,1.7661612101579591,2.0,1.0,5.0
FLOOR,abn_up,F08d_idio_move_down,5,1494,200,0.13976240391334732,0.10509530335118973,1.3298634616079172,2.0,1.0,4.0
FLOOR,abn_up,F08d_idio_move_down,10,1494,299,0.21296296296296297,0.1828633929820545,1.164601397196334,4.0,2.0,7.0
FLOOR,abn_up,F09_idio_quiet_volume,5,1494,53,0.037037037037037035,0.021963373614052574,1.6863091111531268,2.0,1.0,4.0
FLOOR,abn_up,F09_idio_quiet_volume,10,1494,65,0.046296296296296294,0.03872715479415468,1.1954479109651523,3.0,1.0,5.0
FLOOR,abn_up,F10_coil_then_volume,5,1494,22,0.015373864430468204,0.008122586271334246,1.892730211401354,3.0,1.25,3.75
FLOOR,abn_up,F10_coil_then_volume,10,1494,37,0.026353276353276354,0.015948719905376017,1.6523756457966983,4.0,3.0,7.0
FLOOR,abn_up,F11_closing_strength,5,1494,14,0.009783368273934312,0.008969727170798554,1.09070968242876,4.0,2.0,4.0
FLOOR,abn_up,F11_closing_strength,10,1494,23,0.01638176638176638,0.0168517176033678,0.9721125624899211,4.0,3.5,7.0
FLOOR,abn_up,F12_closing_strength_10s,5,1494,12,0.008385744234800839,0.00751214650554379,1.116291359415362,1.0,1.0,2.0
FLOOR,abn_up,F12_closing_strength_10s,10,1494,20,0.014245014245014245,0.01227313772622636,1.1606660466764094,2.0,1.0,6.25
FLOOR,abn_up,F13_volume_price_divergence,5,1494,35,0.02445842068483578,0.01810140774884764,1.3511888701801569,2.0,1.0,4.0
FLOOR,abn_up,F13_volume_price_divergence,10,1494,43,0.030626780626780627,0.031121624887125287,0.9840996650355048,3.0,1.0,5.0
FLOOR,abn_up,F14_volume_no_range,5,1494,23,0.01607267645003494,0.008770399900336364,1.8326047423924783,2.0,1.0,4.0
FLOOR,abn_up,F14_volume_no_range,10,1494,27,0.019230769230769232,0.016292113396161625,1.180372905782742,3.0,1.0,5.0
FLOOR,abn_up,F15_REF_abnormal_volume,5,1494,441,0.3081761006289308,0.13397284165939952,2.300287855447673,1.0,1.0,2.0
FLOOR,abn_up,F15_REF_abnormal_volume,10,1494,500,0.3561253561253561,0.19815076246073232,1.7972444400557366,1.0,1.0,3.0
FLOOR,abn_up,F16u_REF_moved_up,5,1494,645,0.45073375262054505,0.18445247290394917,2.4436308471465047,2.0,1.0,3.0
FLOOR,abn_up,F16u_REF_moved_up,10,1494,794,0.5655270655270656,0.30783318707314283,1.8371218220623278,2.0,1.0,5.0
FLOOR,abn_up,F16d_REF_moved_down,5,1494,251,0.17540181691125087,0.12692163946679955,1.3819693603716243,2.0,1.0,4.0
FLOOR,abn_up,F16d_REF_moved_down,10,1494,373,0.2656695156695157,0.21259872562860085,1.2496289189128387,4.0,2.0,6.0
FLOOR,abn_up,F17_abnormal_volume_persistent,5,1494,266,0.18588399720475193,0.07088576055811635,2.6223037707601824,1.0,1.0,2.0
FLOOR,abn_up,F17_abnormal_volume_persistent,10,1494,304,0.21652421652421652,0.1043025932567693,2.075923615735834,1.0,1.0,4.0
FLOOR,abn_up,F18_quiet_volume_repeat,5,1494,105,0.07337526205450734,0.034932104148498816,2.1005108006830615,2.0,1.0,3.0
FLOOR,abn_up,F18_quiet_volume_repeat,10,1494,122,0.0868945868945869,0.054548691925165656,1.5929728803359022,2.5,1.0,4.75
POSTBREAK,limit_up,F01_quiet_volume,5,395,42,0.10796915167095116,0.06465029511605859,1.6700488602121248,2.0,1.0,3.0
POSTBREAK,limit_up,F01_quiet_volume,10,395,51,0.13110539845758354,0.10677782924193299,1.2278335248839916,2.0,1.0,4.0
POSTBREAK,limit_up,F02_quiet_volume_persistent,5,395,69,0.17737789203084833,0.15884277806660754,1.1166884273232016,1.0,1.0,3.0
POSTBREAK,limit_up,F02_quiet_volume_persistent,10,395,86,0.2210796915167095,0.23480006175698626,0.9415657298485846,3.0,1.0,4.75
POSTBREAK,limit_up,F03_dip_recovered,5,395,24,0.061696658097686374,0.04153032202819658,1.4855810185097547,2.5,1.0,4.25
POSTBREAK,limit_up,F03_dip_recovered,10,395,43,0.11053984575835475,0.07769028871391076,1.4228270687139581,5.0,2.0,7.0
POSTBREAK,limit_up,F04_dip_recovered_persistent,5,395,2,0.005141388174807198,0.008440625095568671,0.6091241011884803,3.5,3.25,3.75
POSTBREAK,limit_up,F04_dip_recovered_persistent,10,395,5,0.012853470437017995,0.013617415470125058,0.9438994106640086,6.0,4.0,7.0
POSTBREAK,limit_up,F05_departure_calm,5,395,81,0.20822622107969152,0.17199302730970367,1.2106666435072604,2.0,1.0,3.0
POSTBREAK,limit_up,F05_departure_calm,10,395,109,0.2802056555269923,0.28889918171993206,0.9699080968620827,3.0,1.0,6.0
POSTBREAK,limit_up,F06_departure_any,5,395,165,0.4241645244215938,0.3013853634667727,1.4073826264902787,1.0,1.0,3.0
POSTBREAK,limit_up,F06_departure_any,10,395,205,0.5269922879177378,0.4596881272193917,1.1464126583069751,2.0,1.0,4.0
POSTBREAK,limit_up,F07_idio_activity,5,395,43,0.11053984575835475,0.053304382397015196,2.073747800603811,2.0,1.0,3.0
POSTBREAK,limit_up,F07_idio_activity,10,395,58,0.14910025706940874,0.0889300602130616,1.6766013281919452,2.5,1.0,5.75
POSTBREAK,limit_up,F08u_idio_move_up,5,395,93,0.2390745501285347,0.10147099299672772,2.356087617436093,1.0,1.0,3.0
POSTBREAK,limit_up,F08u_idio_move_up,10,395,119,0.3059125964010283,0.18666049096804077,1.63887170131469,2.0,1.0,5.0
POSTBREAK,limit_up,F08d_idio_move_down,5,395,13,0.033419023136246784,0.036637206030765465,0.9121607992755707,3.0,1.0,4.0
POSTBREAK,limit_up,F08d_idio_move_down,10,395,34,0.08740359897172237,0.06898255365138181,1.2670391910023406,6.0,4.0,7.0
POSTBREAK,limit_up,F09_idio_quiet_volume,5,395,19,0.04884318766066838,0.027584941435517905,1.7706467775124117,2.0,1.0,3.0
POSTBREAK,limit_up,F09_idio_quiet_volume,10,395,26,0.06683804627249357,0.04733672996757758,1.411970077322051,3.0,2.0,5.75
POSTBREAK,limit_up,F10_coil_then_volume,5,395,8,0.02056555269922879,0.006728034496467782,3.056695489600374,1.0,1.0,1.5
POSTBREAK,limit_up,F10_coil_then_volume,10,395,8,0.02056555269922879,0.012907210128145746,1.5933383353218287,1.0,1.0,1.5
POSTBREAK,limit_up,F11_closing_strength,5,395,7,0.017994858611825194,0.01253860974341723,1.435155809141639,2.0,1.5,3.5
POSTBREAK,limit_up,F11_closing_strength,10,395,11,0.028277634961439587,0.0243322525860738,1.1621462033327679,4.0,2.0,8.5
POSTBREAK,limit_up,F12_closing_strength_10s,5,395,10,0.02570694087403599,0.007951313495825561,3.2330433063080877,1.0,1.0,1.0
POSTBREAK,limit_up,F12_closing_strength_10s,10,395,11,0.028277634961439587,0.012968967114404817,2.18040763863386,1.0,1.0,2.0
POSTBREAK,limit_up,F13_volume_price_divergence,5,395,5,0.012853470437017995,0.012508027768433285,1.0276176768216416,2.0,1.0,3.0
POSTBREAK,limit_up,F13_volume_price_divergence,10,395,9,0.02313624678663239,0.0227574494364675,1.0166449826120625,5.0,2.0,7.0
POSTBREAK,limit_up,F14_volume_no_range,5,395,15,0.038560411311053984,0.01828802104039879,2.1085065041139703,1.0,1.0,2.0
POSTBREAK,limit_up,F14_volume_no_range,10,395,21,0.05398457583547558,0.03254593175853018,1.6587196284932415,2.0,1.0,7.0
POSTBREAK,limit_up,F15_REF_abnormal_volume,5,395,85,0.2185089974293059,0.12003425181198202,1.8203887151441718,1.0,1.0,2.0
POSTBREAK,limit_up,F15_REF_abnormal_volume,10,395,104,0.26735218508997427,0.1895630693222171,1.4103600772338845,1.0,1.0,3.25
POSTBREAK,limit_up,F16u_REF_moved_up,5,395,144,0.37017994858611825,0.16621303403773816,2.2271415158817813,1.0,1.0,3.0
POSTBREAK,limit_up,F16u_REF_moved_up,10,395,176,0.4524421593830334,0.29544542226339354,1.5313899803114064,2.0,1.0,4.25
POSTBREAK,limit_up,F16d_REF_moved_down,5,395,59,0.15167095115681234,0.11049267561699135,1.3726787799270985,3.0,1.5,4.0
POSTBREAK,limit_up,F16d_REF_moved_down,10,395,97,0.2493573264781491,0.19549174000308786,1.275538938239592,4.0,3.0,7.0
POSTBREAK,limit_up,F17_abnormal_volume_persistent,5,395,36,0.09254498714652956,0.050949570323251474,1.8164036822955403,1.0,1.0,2.0
POSTBREAK,limit_up,F17_abnormal_volume_persistent,10,395,42,0.10796915167095116,0.08071638104060522,1.3376361808966155,1.0,1.0,3.0
POSTBREAK,limit_up,F18_quiet_volume_repeat,5,395,21,0.05398457583547558,0.031285360408575186,1.7255539054195659,2.0,1.0,3.0
POSTBREAK,limit_up,F18_quiet_volume_repeat,10,395,25,0.06426735218508997,0.05017755133549483,1.2807988926240854,2.0,1.0,3.0
POSTBREAK,abn_up,F01_quiet_volume,5,598,46,0.07705192629815745,0.06465029511605859,1.1918263661416513,2.0,1.0,3.0
POSTBREAK,abn_up,F01_quiet_volume,10,598,67,0.11241610738255034,0.10677782924193299,1.0528038281040755,3.0,1.0,7.0
POSTBREAK,abn_up,F02_quiet_volume_persistent,5,598,92,0.1541038525963149,0.15884277806660754,0.9701659368592416,2.0,1.0,3.25
POSTBREAK,abn_up,F02_quiet_volume_persistent,10,598,121,0.20302013422818793,0.23480006175698626,0.8646511108600561,3.0,1.0,5.0
POSTBREAK,abn_up,F03_dip_recovered,5,598,28,0.04690117252931323,0.04153032202819658,1.12932359391459,2.5,1.0,5.0
POSTBREAK,abn_up,F03_dip_recovered,10,598,57,0.09563758389261745,0.07769028871391076,1.2310107926718665,6.0,3.0,7.0
POSTBREAK,abn_up,F04_dip_recovered_persistent,5,598,6,0.010050251256281407,0.008440625095568671,1.1906998761925571,3.0,2.0,4.75
POSTBREAK,abn_up,F04_dip_recovered_persistent,10,598,9,0.015100671140939598,0.013617415470125058,1.1089234351458706,5.0,2.0,6.0
POSTBREAK,abn_up,F05_departure_calm,5,598,119,0.19932998324958123,0.17199302730970367,1.1589422336909774,2.0,1.0,4.0
POSTBREAK,abn_up,F05_departure_calm,10,598,183,0.3070469798657718,0.28889918171993206,1.0628170631629992,4.0,2.0,8.0
POSTBREAK,abn_up,F06_departure_any,5,598,267,0.4472361809045226,0.3013853634667727,1.483934640222931,1.0,1.0,3.0
POSTBREAK,abn_up,F06_departure_any,10,598,338,0.5671140939597316,0.4596881272193917,1.2336931505935318,2.0,1.0,5.0
POSTBREAK,abn_up,F07_idio_activity,5,598,45,0.07537688442211055,0.053304382397015196,1.4140841903147405,2.0,1.0,3.0
POSTBREAK,abn_up,F07_idio_activity,10,598,62,0.1040268456375839,0.0889300602130616,1.1697602069351232,3.0,1.0,6.0
POSTBREAK,abn_up,F08u_idio_move_up,5,598,134,0.22445561139028475,0.10147099299672772,2.212017491516251,2.0,1.0,3.0
POSTBREAK,abn_up,F08u_idio_move_up,10,598,177,0.29697986577181207,0.18666049096804077,1.5910162039735538,3.0,1.0,5.0
POSTBREAK,abn_up,F08d_idio_move_down,5,598,18,0.03015075376884422,0.036637206030765465,0.8229545054152231,2.5,1.0,4.0
POSTBREAK,abn_up,F08d_idio_move_down,10,598,35,0.0587248322147651,0.06898255365138181,0.8512997722807376,5.0,2.5,7.0
POSTBREAK,abn_up,F09_idio_quiet_volume,5,598,19,0.031825795644891124,0.027584941435517905,1.1537380175080874,3.0,1.0,5.0
POSTBREAK,abn_up,F09_idio_quiet_volume,10,598,28,0.04697986577181208,0.04733672996757758,0.9924611565689069,5.0,1.75,6.25
POSTBREAK,abn_up,F10_coil_then_volume,5,598,9,0.01507537688442211,0.006728034496467782,2.2406806761078117,1.0,1.0,3.0
POSTBREAK,abn_up,F10_coil_then_volume,10,598,13,0.02181208053691275,0.012907210128145746,1.6899144215021997,3.0,1.0,7.0
POSTBREAK,abn_up,F11_closing_strength,5,598,9,0.01507537688442211,0.01253860974341723,1.2023164603505332,2.0,1.0,3.0
POSTBREAK,abn_up,F11_closing_strength,10,598,13,0.02181208053691275,0.0243322525860738,0.8964266855176642,3.0,1.0,8.0
POSTBREAK,abn_up,F12_closing_strength_10s,5,598,6,0.010050251256281407,0.007951313495825561,1.2639737147274834,1.0,1.0,1.0
POSTBREAK,abn_up,F12_closing_strength_10s,10,598,8,0.013422818791946308,0.012968967114404817,1.0349952061361458,1.0,1.0,5.25
POSTBREAK,abn_up,F13_volume_price_divergence,5,598,5,0.008375209380234505,0.012508027768433285,0.6695867274432471,3.0,1.0,5.0
POSTBREAK,abn_up,F13_volume_price_divergence,10,598,8,0.013422818791946308,0.0227574494364675,0.5898208773096082,5.0,2.5,7.25
POSTBREAK,abn_up,F14_volume_no_range,5,598,15,0.02512562814070352,0.01828802104039879,1.3738844725298733,1.0,1.0,3.5
POSTBREAK,abn_up,F14_volume_no_range,10,598,24,0.040268456375838924,0.03254593175853018,1.2372807967092443,4.0,1.0,7.25
POSTBREAK,abn_up,F15_REF_abnormal_volume,5,598,117,0.19597989949748743,0.12003425181198202,1.6326998047562653,1.0,1.0,3.0
POSTBREAK,abn_up,F15_REF_abnormal_volume,10,598,152,0.2550335570469799,0.1895630693222171,1.3453757525600982,2.0,1.0,5.0
POSTBREAK,abn_up,F16u_REF_moved_up,5,598,209,0.3500837520938023,0.16621303403773816,2.1062352547774137,2.0,1.0,3.0
POSTBREAK,abn_up,F16u_REF_moved_up,10,598,267,0.44798657718120805,0.29544542226339354,1.5163090825682926,3.0,1.0,5.0
POSTBREAK,abn_up,F16d_REF_moved_down,5,598,80,0.13400335008375208,0.11049267561699135,1.2127803887042927,2.0,1.0,3.25
POSTBREAK,abn_up,F16d_REF_moved_down,10,598,117,0.19630872483221476,0.19549174000308786,1.0041791271033447,3.0,2.0,7.0
POSTBREAK,abn_up,F17_abnormal_volume_persistent,5,598,35,0.05862646566164154,0.050949570323251474,1.1506763509423872,1.0,1.0,1.0
POSTBREAK,abn_up,F17_abnormal_volume_persistent,10,598,50,0.08389261744966443,0.08071638104060522,1.0393505799951732,1.0,1.0,6.75
POSTBREAK,abn_up,F18_quiet_volume_repeat,5,598,14,0.023450586264656615,0.031285360408575186,0.7495705965474161,1.5,1.0,3.0
POSTBREAK,abn_up,F18_quiet_volume_repeat,10,598,20,0.03355704697986577,0.05017755133549483,0.6687661331956634,3.0,1.0,7.0
