regime,variant,footprint,outcome,horizon,split,level,n_measured,n_dates,hit_rate,base_volmatched,lift_volmatched,t_volmatched
DISCOVERY,fresh,F08_idio_move,abn_up,2,year,2013,606,123,0.07920792079207921,0.03803476075155672,2.082513974768129,3.352222650643682
DISCOVERY,fresh,F08_idio_move,abn_up,2,year,2014,1180,150,0.07711864406779662,0.04291527918782177,1.7969973754634423,4.410192087122184
DISCOVERY,fresh,F08_idio_move,abn_up,2,year,2015,1586,171,0.07944514501891552,0.034975408100245985,2.271457270525938,3.8355397223992718
DISCOVERY,fresh,F08_idio_move,abn_up,2,year,2016,1718,165,0.051222351571594875,0.028260127375085434,1.8125308103442341,3.6506917195498754
DISCOVERY,fresh,F08_idio_move,abn_up,2,year,2017,1719,160,0.05410122164048865,0.024566749980956124,2.2022132224420132,5.336000879795083
DISCOVERY,fresh,F08_idio_move,abn_up,2,year,2018,1442,149,0.06171983356449376,0.031901261371658635,1.9347145194492594,4.366971318536893
DISCOVERY,fresh,F08_idio_move,abn_up,2,price_bucket,10-50,4659,867,0.06632324533161622,0.03215292662148163,2.0627436535529906,7.126278885534176
DISCOVERY,fresh,F08_idio_move,abn_up,2,price_bucket,50-200,2295,779,0.058387799564270156,0.03194154819987315,1.82795771823302,4.706074885334814
DISCOVERY,fresh,F08_idio_move,abn_up,2,price_bucket,>200,1268,591,0.07097791798107256,0.03283124356869657,2.1619015993883184,3.8931326526279366
DISCOVERY,fresh,F08_idio_move,abn_up,3,year,2013,599,122,0.08681135225375626,0.050080287871312704,1.7334435552133491,2.4073694276536597
DISCOVERY,fresh,F08_idio_move,abn_up,3,year,2014,1161,150,0.08957795004306632,0.05620828812875185,1.5936786731144923,4.409124423785122
DISCOVERY,fresh,F08_idio_move,abn_up,3,year,2015,1572,171,0.08333333333333333,0.04288920912729582,1.9429906736213938,3.3826911608203543
DISCOVERY,fresh,F08_idio_move,abn_up,3,year,2016,1705,165,0.0656891495601173,0.039525990752720376,1.6619229096893984,3.3944247840113952
DISCOVERY,fresh,F08_idio_move,abn_up,3,year,2017,1701,160,0.07054673721340388,0.035108738390237725,2.009378304320385,5.50667226074682
DISCOVERY,fresh,F08_idio_move,abn_up,3,year,2018,1429,148,0.0741777466759972,0.03902937577521365,1.900561953724743,4.880330989704149
DISCOVERY,fresh,F08_idio_move,abn_up,3,price_bucket,10-50,4618,865,0.07622347336509311,0.04157711248191012,1.8333036811600938,6.519441404385543
DISCOVERY,fresh,F08_idio_move,abn_up,3,price_bucket,50-200,2267,776,0.07013674459638289,0.04183531002817104,1.6764963507896615,4.461845237481374
DISCOVERY,fresh,F08_idio_move,abn_up,3,price_bucket,>200,1253,586,0.09018355945730247,0.045813077617115505,1.9685112668267981,4.254856007865432
DISCOVERY,fresh,F08_idio_move,abn_down,1,year,2013,1357,127,0.021370670596904937,0.007971547397085426,2.680868535601824,3.0268227387042184
DISCOVERY,fresh,F08_idio_move,abn_down,1,year,2014,1852,151,0.021058315334773217,0.005410278204426044,3.8922795721569026,3.9081547486104578
DISCOVERY,fresh,F08_idio_move,abn_down,1,year,2015,2147,171,0.02328830926874709,0.008376138764809917,2.7803155991859434,4.259769728205478
DISCOVERY,fresh,F08_idio_move,abn_down,1,year,2016,2450,165,0.02163265306122449,0.004815842501324932,4.4919768566503,4.764624262620021
DISCOVERY,fresh,F08_idio_move,abn_down,1,year,2017,2333,162,0.011144449207029576,0.0034912068729646556,3.192148048667754,2.9015656174746187
DISCOVERY,fresh,F08_idio_move,abn_down,1,year,2018,2288,150,0.015734265734265736,0.00586898515253816,2.6809176246528987,3.252562122075329
DISCOVERY,fresh,F08_idio_move,abn_down,1,price_bucket,10-50,6896,898,0.023056844547563807,0.006347927374125434,3.6321846783479295,7.693538983497048
DISCOVERY,fresh,F08_idio_move,abn_down,1,price_bucket,50-200,3549,866,0.01267962806424345,0.0052258442332511045,2.426331038258902,3.1953168991428282
DISCOVERY,fresh,F08_idio_move,abn_down,1,price_bucket,>200,1947,693,0.014894709809964048,0.004949508589662337,3.009331035625132,3.0762218600272146
DISCOVERY,fresh,F08_idio_move,abn_up,1,year,2013,617,123,0.07455429497568881,0.02626781811524941,2.838237064402672,3.9505424643027935
DISCOVERY,fresh,F08_idio_move,abn_up,1,year,2014,1193,150,0.04694048616932104,0.021112387786518253,2.223362257456063,4.294113096775529
DISCOVERY,fresh,F08_idio_move,abn_up,1,year,2015,1600,171,0.06875,0.021334686677211466,3.2224518241195903,3.8518354995947233
DISCOVERY,fresh,F08_idio_move,abn_up,1,year,2016,1732,165,0.03348729792147806,0.013052307017180876,2.565622910754276,4.415256944678645
DISCOVERY,fresh,F08_idio_move,abn_up,1,year,2017,1730,160,0.025433526011560695,0.011228371324136456,2.2651126576914056,3.3888750272268906
DISCOVERY,fresh,F08_idio_move,abn_up,1,year,2018,1466,149,0.045702592087312414,0.015614913573556252,2.9268552702532684,4.909986434513645
DISCOVERY,fresh,F08_idio_move,abn_up,1,price_bucket,10-50,4707,868,0.05035054174633524,0.017809746077573668,2.827134172886243,7.396177132983851
DISCOVERY,fresh,F08_idio_move,abn_up,1,price_bucket,50-200,2313,783,0.040639861651534805,0.016556027299579328,2.454686798720574,5.155353375493095
DISCOVERY,fresh,F08_idio_move,abn_up,1,price_bucket,>200,1289,598,0.037238169123351435,0.013738538644343351,2.7104898189942292,3.304206385845221
DISCOVERY,fresh,F08_idio_move,limit_down,10,year,2013,1265,127,0.06007905138339921,0.019273020577050652,3.117261829468409,4.062270552725654
DISCOVERY,fresh,F08_idio_move,limit_down,10,year,2014,1678,150,0.018474374255065554,0.008721398007522975,2.118281293793699,2.6227542234477803
DISCOVERY,fresh,F08_idio_move,limit_down,10,year,2015,2012,171,0.033797216699801194,0.0177328765975571,1.9059071726951022,4.182895458594992
DISCOVERY,fresh,F08_idio_move,limit_down,10,year,2016,2346,165,0.032821824381926684,0.01594214871709082,2.0588080668661664,3.7254577546899483
DISCOVERY,fresh,F08_idio_move,limit_down,10,year,2017,2201,162,0.012721490231712857,0.005886019998663685,2.161305981733165,2.5438997029245534
DISCOVERY,fresh,F08_idio_move,limit_down,10,year,2018,2042,145,0.023016650342801176,0.01218811366379794,1.8884505820754671,2.943300512727082
DISCOVERY,fresh,F08_idio_move,limit_down,10,price_bucket,10-50,6435,892,0.02564102564102564,0.013457642494315655,1.905313330463051,4.728936339252024
DISCOVERY,fresh,F08_idio_move,limit_down,10,price_bucket,50-200,3301,851,0.022114510754316873,0.0130812224435839,1.690553833916618,2.6987992364408173
DISCOVERY,fresh,F08_idio_move,limit_down,10,price_bucket,>200,1776,665,0.048986486486486486,0.011178266735032538,4.38229715282813,5.645558528364757
DISCOVERY,fresh,F08_idio_move,abn_down,10,year,2013,1265,127,0.021343873517786563,0.010087742155712036,2.1158226675828455,1.362485318995627
DISCOVERY,fresh,F08_idio_move,abn_down,10,year,2014,1678,150,0.032777115613825986,0.01791365201075931,1.829728276185078,3.0276566907346156
DISCOVERY,fresh,F08_idio_move,abn_down,10,year,2015,2012,171,0.08449304174950298,0.058406293449824086,1.4466427632852545,4.593061723846633
DISCOVERY,fresh,F08_idio_move,abn_down,10,year,2016,2346,165,0.045183290707587385,0.027109953081380166,1.6666679788029757,3.6035786580882494
DISCOVERY,fresh,F08_idio_move,abn_down,10,year,2017,2201,162,0.029986369831894594,0.012931865714413194,2.3187968769636482,4.517233394266648
DISCOVERY,fresh,F08_idio_move,abn_down,10,year,2018,2042,145,0.03623898139079334,0.027518392170363035,1.3169003903441083,2.038135383858618
DISCOVERY,fresh,F08_idio_move,abn_down,10,price_bucket,10-50,6435,892,0.04630924630924631,0.026713559821723742,1.7335483034944354,6.80106106910882
DISCOVERY,fresh,F08_idio_move,abn_down,10,price_bucket,50-200,3301,851,0.040593759466828236,0.025455422569782584,1.5946998858709165,3.955223146182382
DISCOVERY,fresh,F08_idio_move,abn_down,10,price_bucket,>200,1776,665,0.03547297297297297,0.028986547681595292,1.2237736401943502,1.9120821759342226
DISCOVERY,fresh,F07_idio_activity,abn_down,2,year,2013,538,110,0.027881040892193308,0.012057963974201197,2.312251135585296,2.0733948998535405
DISCOVERY,fresh,F07_idio_activity,abn_down,2,year,2014,954,159,0.03459119496855346,0.007391589738174526,4.679804506722571,4.145156186336503
DISCOVERY,fresh,F07_idio_activity,abn_down,2,year,2015,1062,169,0.023540489642184557,0.009798240511071228,2.402522127884663,2.4424175331190816
DISCOVERY,fresh,F07_idio_activity,abn_down,2,year,2016,808,100,0.03094059405940594,0.007486534772789936,4.132832478366437,3.5549853705178456
DISCOVERY,fresh,F07_idio_activity,abn_down,2,year,2017,1050,161,0.02857142857142857,0.009279565096281105,3.078962028390631,3.156981380889126
DISCOVERY,fresh,F07_idio_activity,abn_down,2,year,2018,1115,146,0.028699551569506727,0.008040736975811062,3.5692687941221743,3.565790954680612
DISCOVERY,fresh,F07_idio_activity,abn_down,2,price_bucket,10-50,2858,777,0.028691392582225334,0.008829034765311645,3.2496635640116422,5.429452134475192
DISCOVERY,fresh,F07_idio_activity,abn_down,2,price_bucket,50-200,1759,671,0.028993746446844798,0.008208116070848407,3.5323265651441926,4.45133811467066
DISCOVERY,fresh,F07_idio_activity,abn_down,2,price_bucket,>200,902,470,0.02993348115299335,0.00998874024723663,2.99672235057613,2.6841691471773377
DISCOVERY,fresh,F08_idio_move,limit_up,5,year,2013,588,122,0.05612244897959184,0.03812651373615319,1.4720057901956594,2.2598070711436007
DISCOVERY,fresh,F08_idio_move,limit_up,5,year,2014,1140,150,0.0456140350877193,0.022045811829810014,2.0690567187932127,3.521343294276668
DISCOVERY,fresh,F08_idio_move,limit_up,5,year,2015,1547,171,0.06140917905623788,0.032083536188640224,1.9140402321980001,2.497815277167199
DISCOVERY,fresh,F08_idio_move,limit_up,5,year,2016,1683,165,0.035650623885918005,0.01761989985996451,2.0233159194577746,3.5051692484207586
DISCOVERY,fresh,F08_idio_move,limit_up,5,year,2017,1677,160,0.02981514609421586,0.013751792606033077,2.168091604372771,3.5210224520004365
DISCOVERY,fresh,F08_idio_move,limit_up,5,year,2018,1402,147,0.056348074179743225,0.028696150372015308,1.9636109181632346,4.3528342184273665
DISCOVERY,fresh,F08_idio_move,limit_up,5,price_bucket,10-50,4552,863,0.040421792618629174,0.024763463104735945,1.6323158214045843,3.8681423127846153
DISCOVERY,fresh,F08_idio_move,limit_up,5,price_bucket,50-200,2236,773,0.04159212880143113,0.02314197935123036,1.7972589193940254,3.520169226087105
DISCOVERY,fresh,F08_idio_move,limit_up,5,price_bucket,>200,1220,582,0.07295081967213114,0.020360100259769396,3.5830285087681295,6.294189936545548
DISCOVERY,fresh,F17_abnormal_volume_persistent,abn_down,3,year,2013,1135,167,0.022026431718061675,0.010582128766670099,2.0814745505117096,2.1022531504662427
DISCOVERY,fresh,F17_abnormal_volume_persistent,abn_down,3,year,2014,1124,207,0.03558718861209965,0.00825303452003261,4.31201257255362,3.340370428271299
DISCOVERY,fresh,F17_abnormal_volume_persistent,abn_down,3,year,2015,1196,214,0.019230769230769232,0.00628993893112088,3.0573856823347993,2.2427647349409043
DISCOVERY,fresh,F17_abnormal_volume_persistent,abn_down,3,year,2016,1884,233,0.027600849256900213,0.01093951185715811,2.523042126312062,4.143545194659237
DISCOVERY,fresh,F17_abnormal_volume_persistent,abn_down,3,year,2017,1486,226,0.021534320323014805,0.007586830637801053,2.8383815786951923,2.2438187589139007
DISCOVERY,fresh,F17_abnormal_volume_persistent,abn_down,3,year,2018,1551,223,0.028368794326241134,0.006488792284098045,4.371968323868831,3.6787995658997454
DISCOVERY,fresh,F17_abnormal_volume_persistent,abn_down,3,price_bucket,10-50,4587,1109,0.024416830172225856,0.007940819322765807,3.0748502364515975,4.986050175710876
DISCOVERY,fresh,F17_abnormal_volume_persistent,abn_down,3,price_bucket,50-200,2743,948,0.025154939846882975,0.009210834034655151,2.731016512971484,4.557496231941507
DISCOVERY,fresh,F17_abnormal_volume_persistent,abn_down,3,price_bucket,>200,1036,552,0.03185328185328185,0.008611327294707934,3.698997931812114,3.8541719433235784
DISCOVERY,fresh,F17_abnormal_volume_persistent,abn_down,2,year,2013,1146,168,0.02006980802792321,0.007809138971927607,2.570041089045849,2.7219509713978294
DISCOVERY,fresh,F17_abnormal_volume_persistent,abn_down,2,year,2014,1136,207,0.03345070422535211,0.007871048995050752,4.249840681513433,3.167106111096901
DISCOVERY,fresh,F17_abnormal_volume_persistent,abn_down,2,year,2015,1204,214,0.016611295681063124,0.005337789619080895,3.112017682690798,2.3223538508833377
DISCOVERY,fresh,F17_abnormal_volume_persistent,abn_down,2,year,2016,1892,234,0.021141649048625793,0.00879359279574338,2.40421060420942,3.4514315722396547
DISCOVERY,fresh,F17_abnormal_volume_persistent,abn_down,2,year,2017,1500,228,0.024,0.007341633374298307,3.269027309919825,2.9718122961886744
DISCOVERY,fresh,F17_abnormal_volume_persistent,abn_down,2,year,2018,1577,225,0.02599873176918199,0.006681580997193297,3.8911047819525297,3.5232286673977415
DISCOVERY,fresh,F17_abnormal_volume_persistent,abn_down,2,price_bucket,10-50,4628,1117,0.023984442523768367,0.0073664760537071,3.2558909238153912,5.394615117092011
DISCOVERY,fresh,F17_abnormal_volume_persistent,abn_down,2,price_bucket,50-200,2767,952,0.019877123238164075,0.007659366833376336,2.595139215887642,3.620698870261362
DISCOVERY,fresh,F17_abnormal_volume_persistent,abn_down,2,price_bucket,>200,1050,558,0.030476190476190476,0.006774894188247949,4.498400953487349,3.901897466951847
DISCOVERY,fresh,F08_idio_move,limit_up,2,year,2013,606,123,0.034653465346534656,0.016024719219301917,2.1625006262071818,2.3505906516764523
DISCOVERY,fresh,F08_idio_move,limit_up,2,year,2014,1180,150,0.03389830508474576,0.009479269114260171,3.576046283331141,4.048953623929035
DISCOVERY,fresh,F08_idio_move,limit_up,2,year,2015,1586,171,0.043505674653215635,0.01576422467307841,2.759772558146364,2.8777950014884808
DISCOVERY,fresh,F08_idio_move,limit_up,2,year,2016,1718,165,0.01571594877764843,0.006277903298312163,2.503375415462949,2.8621648648748432
DISCOVERY,fresh,F08_idio_move,limit_up,2,year,2017,1719,160,0.015706806282722512,0.005427986434229096,2.893670880176629,3.3018021570470286
DISCOVERY,fresh,F08_idio_move,limit_up,2,year,2018,1442,149,0.03398058252427184,0.012028299355743932,2.8250529454976467,4.700779356650614
DISCOVERY,fresh,F08_idio_move,limit_up,2,price_bucket,10-50,4659,867,0.025541961794376476,0.01076843747991032,2.3719283175509682,4.26123241866076
DISCOVERY,fresh,F08_idio_move,limit_up,2,price_bucket,50-200,2295,779,0.023529411764705882,0.01001290805132279,2.3499079032886403,3.558703556101414
DISCOVERY,fresh,F08_idio_move,limit_up,2,price_bucket,>200,1268,591,0.04574132492113565,0.007738112693165512,5.911173271169273,5.557780986201095
DISCOVERY,fresh,F08_idio_move,limit_up,10,year,2013,539,122,0.1038961038961039,0.06512309359711733,1.5953803506150213,2.838390232110412
DISCOVERY,fresh,F08_idio_move,limit_up,10,year,2014,1062,149,0.06120527306967985,0.039604605732234684,1.5454079629901254,2.5833946168194815
DISCOVERY,fresh,F08_idio_move,limit_up,10,year,2015,1475,170,0.08813559322033898,0.05505257452677597,1.600934996736118,2.2844001100515037
DISCOVERY,fresh,F08_idio_move,limit_up,10,year,2016,1645,165,0.060790273556231005,0.03686885523244894,1.6488245477914485,3.1395102414666933
DISCOVERY,fresh,F08_idio_move,limit_up,10,year,2017,1645,160,0.043161094224924014,0.027876289032289534,1.54830846297116,2.706003309707864
DISCOVERY,fresh,F08_idio_move,limit_up,10,year,2018,1330,144,0.09774436090225563,0.055942166230133004,1.747239470494549,4.909195199016548
DISCOVERY,fresh,F08_idio_move,limit_up,10,price_bucket,10-50,4367,857,0.06411724295855278,0.04590196686002975,1.3968299692705417,3.5103654953895966
DISCOVERY,fresh,F08_idio_move,limit_up,10,price_bucket,50-200,2143,762,0.06579561362575828,0.04327948290155271,1.5202495319877718,3.2676763749668436
DISCOVERY,fresh,F08_idio_move,limit_up,10,price_bucket,>200,1161,566,0.1111111111111111,0.038934318598000776,2.853809058746864,6.846074586926391
DISCOVERY,fresh,F07_idio_activity,abn_down,3,year,2013,533,110,0.028142589118198873,0.015131336875407861,1.8598878175752926,1.2515878369955231
DISCOVERY,fresh,F07_idio_activity,abn_down,3,year,2014,944,159,0.03283898305084746,0.008962914834799092,3.6638731546737455,3.3296525244705277
DISCOVERY,fresh,F07_idio_activity,abn_down,3,year,2015,1054,169,0.025616698292220113,0.013382763552466613,1.914156085310095,1.6285649253256544
DISCOVERY,fresh,F07_idio_activity,abn_down,3,year,2016,799,100,0.0425531914893617,0.010061888206469404,4.229145724557111,4.117559241252027
DISCOVERY,fresh,F07_idio_activity,abn_down,3,year,2017,1038,161,0.02697495183044316,0.010428164856325488,2.5867400642482905,3.100684587727849
DISCOVERY,fresh,F07_idio_activity,abn_down,3,year,2018,1100,145,0.03909090909090909,0.011109612306815017,3.518656458149254,4.534674549854219
DISCOVERY,fresh,F07_idio_activity,abn_down,3,price_bucket,10-50,2827,775,0.033250795896710296,0.011476424335215805,2.8973132158140125,5.349750609171246
DISCOVERY,fresh,F07_idio_activity,abn_down,3,price_bucket,50-200,1744,668,0.03153669724770642,0.010519102474717714,2.998040690591592,4.213831679731936
DISCOVERY,fresh,F07_idio_activity,abn_down,3,price_bucket,>200,889,464,0.03262092238470191,0.012266567869827239,2.6593357433697014,2.5566250729209354
DISCOVERY,fresh,F08_idio_move,limit_up,3,year,2013,599,122,0.038397328881469114,0.023068950353316766,1.6644592967338236,1.9664101213220173
DISCOVERY,fresh,F08_idio_move,limit_up,3,year,2014,1161,150,0.03875968992248062,0.013745794675508212,2.8197489368542157,3.688818318334412
DISCOVERY,fresh,F08_idio_move,limit_up,3,year,2015,1572,171,0.05089058524173028,0.021565931595343098,2.3597675350467813,2.983336821489637
DISCOVERY,fresh,F08_idio_move,limit_up,3,year,2016,1705,165,0.021700879765395895,0.009978835557413142,2.174690587948872,2.971314764117826
DISCOVERY,fresh,F08_idio_move,limit_up,3,year,2017,1701,160,0.02175191064079953,0.008151846691965356,2.6683414768139233,3.3270181094268425
DISCOVERY,fresh,F08_idio_move,limit_up,3,year,2018,1429,148,0.041287613715885234,0.01740558000714106,2.372090657073536,4.74539991538102
DISCOVERY,fresh,F08_idio_move,limit_up,3,price_bucket,10-50,4618,865,0.030749242096145518,0.015278919775085508,2.0125272302487387,4.141424760455589
DISCOVERY,fresh,F08_idio_move,limit_up,3,price_bucket,50-200,2267,776,0.02999558888398765,0.0146536377991013,2.046972178186857,3.4915958279581223
DISCOVERY,fresh,F08_idio_move,limit_up,3,price_bucket,>200,1253,586,0.05506783719074222,0.012084861953203858,4.556761790410275,5.789488911473394
DISCOVERY,fresh,F12_accumulation_proxy,limit_down,10,year,2013,225,97,0.18222222222222223,0.03676633668375203,4.956224597234644,4.0160676981580465
DISCOVERY,fresh,F12_accumulation_proxy,limit_down,10,year,2014,498,140,0.002008032128514056,0.005196577073763615,0.38641438393210265,-3.1355243303334115
DISCOVERY,fresh,F12_accumulation_proxy,limit_down,10,year,2015,118,88,0.0423728813559322,0.02205933802720011,1.9208591528759666,1.055620508618054
DISCOVERY,fresh,F12_accumulation_proxy,limit_down,10,year,2016,152,114,0.125,0.02962588061991541,4.219283862096279,3.6397641666515215
DISCOVERY,fresh,F12_accumulation_proxy,limit_down,10,year,2017,219,140,0.0639269406392694,0.005038758958415788,12.687040830261976,3.5744125026946705
DISCOVERY,fresh,F12_accumulation_proxy,limit_down,10,year,2018,207,135,0.10628019323671498,0.022871065540071855,4.646927929549411,3.3917794106124592
DISCOVERY,fresh,F12_accumulation_proxy,limit_down,10,price_bucket,10-50,838,464,0.045346062052505964,0.015103903905976782,3.0022742686122377,3.7697425022872557
DISCOVERY,fresh,F12_accumulation_proxy,limit_down,10,price_bucket,50-200,388,280,0.10309278350515463,0.02045834348422019,5.039155960240454,5.451767390548699
DISCOVERY,fresh,F12_accumulation_proxy,limit_down,10,price_bucket,>200,191,176,0.1256544502617801,0.01680286341160836,7.478156977397731,4.380751319607603
DISCOVERY,fresh,F08_idio_move,limit_down,5,year,2013,1316,127,0.03115501519756839,0.009204526231241414,3.384749460740742,3.00216726057423
DISCOVERY,fresh,F08_idio_move,limit_down,5,year,2014,1780,150,0.012359550561797753,0.005792947317929829,2.1335513484722264,2.6176052983996017
DISCOVERY,fresh,F08_idio_move,limit_down,5,year,2015,2095,171,0.021957040572792363,0.009611458141065699,2.284465088494659,4.010364693097969
DISCOVERY,fresh,F08_idio_move,limit_down,5,year,2016,2397,165,0.017521902377972465,0.008655796474518987,2.024296947086684,2.8198863780719616
DISCOVERY,fresh,F08_idio_move,limit_down,5,year,2017,2261,162,0.007518796992481203,0.003142150809602883,2.3928822797119205,2.223611240137189
DISCOVERY,fresh,F08_idio_move,limit_down,5,year,2018,2183,148,0.013742556115437472,0.005960922192389076,2.3054412844012644,2.6292182681992955
DISCOVERY,fresh,F08_idio_move,limit_down,5,price_bucket,10-50,6695,896,0.015982076176250932,0.007095509010934759,2.2524213769049193,4.751097052104798
DISCOVERY,fresh,F08_idio_move,limit_down,5,price_bucket,50-200,3437,858,0.0119290078556881,0.006918131320679042,1.7243106993402983,2.2270441583697527
DISCOVERY,fresh,F08_idio_move,limit_down,5,price_bucket,>200,1865,681,0.026273458445040216,0.00641084217377378,4.098285019793927,4.488361367200247
DISCOVERY,fresh,F07_idio_activity,abn_up,5,year,2013,216,86,0.06944444444444445,0.03833111503929486,1.8116990432773477,1.7579861146032274
DISCOVERY,fresh,F07_idio_activity,abn_up,5,year,2014,525,153,0.05523809523809524,0.028863203766634888,1.913789463037677,2.3978450854080844
DISCOVERY,fresh,F07_idio_activity,abn_up,5,year,2015,655,160,0.06870229007633588,0.03890727647646704,1.7657954063654464,3.0892491273379084
DISCOVERY,fresh,F07_idio_activity,abn_up,5,year,2016,433,98,0.06004618937644342,0.03789130258622762,1.5846958346126758,1.9937044062334603
DISCOVERY,fresh,F07_idio_activity,abn_up,5,year,2017,634,154,0.06782334384858044,0.03336721207921605,2.0326344223054407,3.1307684208742725
DISCOVERY,fresh,F07_idio_activity,abn_up,5,year,2018,567,136,0.07231040564373897,0.031343624775177825,2.30702116179633,3.433040955417812
DISCOVERY,fresh,F07_idio_activity,abn_up,5,price_bucket,10-50,1551,653,0.061895551257253385,0.031722961067189095,1.951127800653882,4.809505164899509
DISCOVERY,fresh,F07_idio_activity,abn_up,5,price_bucket,50-200,977,541,0.06857727737973388,0.03513239796994161,1.9519668836270971,3.5774387928896045
DISCOVERY,fresh,F07_idio_activity,abn_up,5,price_bucket,>200,498,343,0.07228915662650602,0.04137972924989469,1.7469702662853936,2.3139712932200895
DISCOVERY,fresh,F07_idio_activity,abn_up,3,year,2013,228,89,0.07017543859649122,0.028758335231776164,2.440177361829754,2.0348146777691007
DISCOVERY,fresh,F07_idio_activity,abn_up,3,year,2014,537,153,0.048417132216014895,0.025982240937996854,1.8634702191991797,1.8079849286891185
DISCOVERY,fresh,F07_idio_activity,abn_up,3,year,2015,662,160,0.061933534743202415,0.03213235751265646,1.9274506926174872,3.4901244469133794
DISCOVERY,fresh,F07_idio_activity,abn_up,3,year,2016,440,98,0.04772727272727273,0.029013607296538207,1.6449961647122509,1.9175848990276263
DISCOVERY,fresh,F07_idio_activity,abn_up,3,year,2017,650,154,0.06461538461538462,0.02615662018778005,2.470326217665227,3.4395673174442027
DISCOVERY,fresh,F07_idio_activity,abn_up,3,year,2018,579,136,0.06044905008635579,0.026187649050602453,2.3083038103019464,2.9287146422140764
DISCOVERY,fresh,F07_idio_activity,abn_up,3,price_bucket,10-50,1578,658,0.055133079847908745,0.026709426494331355,2.0641805940539326,4.800193331159504
DISCOVERY,fresh,F07_idio_activity,abn_up,3,price_bucket,50-200,998,545,0.06312625250501001,0.028574543575884282,2.2091779817013744,3.9796633998270377
DISCOVERY,fresh,F07_idio_activity,abn_up,3,price_bucket,>200,516,350,0.060077519379844964,0.03088231022226953,1.9453699851937403,2.3046296303398575
DISCOVERY,fresh,F07_idio_activity,limit_down,10,year,2013,486,102,0.05555555555555555,0.024530048184876443,2.2647960222845107,2.904866122667662
DISCOVERY,fresh,F07_idio_activity,limit_down,10,year,2014,860,157,0.03255813953488372,0.012045303601267808,2.702973757461528,2.679419815807589
DISCOVERY,fresh,F07_idio_activity,limit_down,10,year,2015,985,164,0.030456852791878174,0.014841178500295711,2.0521855990931797,2.294541706698288
DISCOVERY,fresh,F07_idio_activity,limit_down,10,year,2016,759,99,0.05401844532279315,0.018578281703602036,2.9076125652847553,4.174328479843568
DISCOVERY,fresh,F07_idio_activity,limit_down,10,year,2017,950,160,0.02526315789473684,0.008413644707042254,3.002641396729229,2.9621907471524507
DISCOVERY,fresh,F07_idio_activity,limit_down,10,year,2018,1006,142,0.016898608349900597,0.014382879137413948,1.1749113782053917,0.6783083632063903
DISCOVERY,fresh,F07_idio_activity,limit_down,10,price_bucket,10-50,2629,751,0.02396348421453024,0.0155189672088695,1.5441416875237983,2.4241081188498157
DISCOVERY,fresh,F07_idio_activity,limit_down,10,price_bucket,50-200,1619,642,0.0253242742433601,0.01317728504631944,1.921812737171793,2.840585827819685
DISCOVERY,fresh,F07_idio_activity,limit_down,10,price_bucket,>200,790,428,0.07848101265822785,0.014171595998034813,5.537909256594026,5.94378778949948
DISCOVERY,fresh,F07_idio_activity,abn_up,1,year,2013,237,90,0.08016877637130802,0.017764122737090247,4.512960057629034,2.823387856918754
DISCOVERY,fresh,F07_idio_activity,abn_up,1,year,2014,546,154,0.029304029304029304,0.011282278429504775,2.5973503035871786,1.9825437224497429
DISCOVERY,fresh,F07_idio_activity,abn_up,1,year,2015,671,160,0.046199701937406856,0.014659684809255051,3.1514798945908953,3.7219623447169923
DISCOVERY,fresh,F07_idio_activity,abn_up,1,year,2016,450,99,0.022222222222222223,0.014171838962594139,1.5680549490349607,1.249192288659235
DISCOVERY,fresh,F07_idio_activity,abn_up,1,year,2017,668,154,0.023952095808383235,0.008276860743991307,2.8938623651209268,2.514365146925373
DISCOVERY,fresh,F07_idio_activity,abn_up,1,year,2018,601,138,0.03826955074875208,0.011805439207893268,3.2416880113333324,3.101684509816591
DISCOVERY,fresh,F07_idio_activity,abn_up,1,price_bucket,10-50,1612,663,0.03784119106699752,0.01283135140387396,2.94911968941734,5.029344574931569
DISCOVERY,fresh,F07_idio_activity,abn_up,1,price_bucket,50-200,1025,556,0.03414634146341464,0.012454263512678152,2.741739118387406,3.250276099987492
DISCOVERY,fresh,F07_idio_activity,abn_up,1,price_bucket,>200,532,356,0.03571428571428571,0.010452690754038657,3.4167552216625765,3.0520194576214354
DISCOVERY,fresh,F07_idio_activity,limit_down,5,year,2013,513,107,0.03313840155945419,0.01551904219604288,2.135338066669087,1.758871500166058
DISCOVERY,fresh,F07_idio_activity,limit_down,5,year,2014,919,159,0.026115342763873776,0.0072662203468600315,3.5940752574561077,3.088217293673397
DISCOVERY,fresh,F07_idio_activity,limit_down,5,year,2015,1046,169,0.021032504780114723,0.007818916711131807,2.6899512499181255,2.685869820748293
DISCOVERY,fresh,F07_idio_activity,limit_down,5,year,2016,790,99,0.02911392405063291,0.008631590087143171,3.3729502625476107,3.2368929391780794
DISCOVERY,fresh,F07_idio_activity,limit_down,5,year,2017,1011,161,0.019782393669634024,0.004820271207744629,4.104000131330799,3.172315533467688
DISCOVERY,fresh,F07_idio_activity,limit_down,5,year,2018,1081,145,0.013876040703052728,0.0072617477966804445,1.9108403502247584,1.6766706130110693
DISCOVERY,fresh,F07_idio_activity,limit_down,5,price_bucket,10-50,2776,769,0.01585014409221902,0.008861375986765157,1.7886775277216413,2.2103314409634907
DISCOVERY,fresh,F07_idio_activity,limit_down,5,price_bucket,50-200,1711,664,0.01694915254237288,0.006306304269202379,2.6876521999019576,3.1780867556655577
DISCOVERY,fresh,F07_idio_activity,limit_down,5,price_bucket,>200,865,455,0.05433526011560694,0.008005742628001921,6.787035586874465,5.200029740274999
DISCOVERY,fresh,F14_turnover_no_range,limit_down,10,year,2013,136,69,0.08088235294117647,0.0274441959738083,2.9471569514504097,2.3592655850153608
DISCOVERY,fresh,F14_turnover_no_range,limit_down,10,year,2014,110,79,0.1,0.011111389978052895,8.99977412344621,3.040936647555877
DISCOVERY,fresh,F14_turnover_no_range,limit_down,10,year,2015,175,107,0.08,0.012095776164682458,6.613879002951952,3.3730461548634993
DISCOVERY,fresh,F14_turnover_no_range,limit_down,10,year,2016,217,137,0.07834101382488479,0.014790001901282766,5.296890044219001,3.317976225129945
DISCOVERY,fresh,F14_turnover_no_range,limit_down,10,year,2017,181,104,0.0055248618784530384,0.005978354808161017,0.9241441927988419,0.3213862189503389
DISCOVERY,fresh,F14_turnover_no_range,limit_down,10,year,2018,141,94,0.05673758865248227,0.013842806815064454,4.098705516191811,1.9512417296065008
DISCOVERY,fresh,F14_turnover_no_range,limit_down,10,price_bucket,10-50,571,386,0.0542907180385289,0.011651523827154103,4.6595380006865135,4.51517984634966
DISCOVERY,fresh,F14_turnover_no_range,limit_down,10,price_bucket,50-200,228,197,0.03070175438596491,0.013168178947663084,2.331511024264555,1.6478833835415445
DISCOVERY,fresh,F14_turnover_no_range,limit_down,10,price_bucket,>200,157,149,0.15286624203821655,0.023004852289138008,6.6449564690486635,4.705327820956543
DISCOVERY,fresh,F07_idio_activity,abn_up,10,year,2013,195,82,0.07692307692307693,0.05055001492508262,1.5217221406775125,0.9995954812516136
DISCOVERY,fresh,F07_idio_activity,abn_up,10,year,2014,500,153,0.072,0.03600266825278928,1.9998517747201099,2.223380487653516
DISCOVERY,fresh,F07_idio_activity,abn_up,10,year,2015,613,158,0.0636215334420881,0.03804377995053557,1.6723241887322622,2.9159634014349094
DISCOVERY,fresh,F07_idio_activity,abn_up,10,year,2016,416,97,0.055288461538461536,0.043515829473876076,1.2705367726393206,1.432116758689832
DISCOVERY,fresh,F07_idio_activity,abn_up,10,year,2017,594,151,0.07744107744107744,0.04562315470198902,1.6974073350894618,2.6465942687921906
DISCOVERY,fresh,F07_idio_activity,abn_up,10,year,2018,528,132,0.0946969696969697,0.03631323044916001,2.607781475943025,4.131873914262876
DISCOVERY,fresh,F07_idio_activity,abn_up,10,price_bucket,10-50,1453,630,0.06675843083275981,0.03556029906368431,1.8773304103321324,4.80518880380035
DISCOVERY,fresh,F07_idio_activity,abn_up,10,price_bucket,50-200,937,524,0.07897545357524013,0.04270797780892025,1.8491967455959677,3.5471704568972093
DISCOVERY,fresh,F07_idio_activity,abn_up,10,price_bucket,>200,453,318,0.08388520971302428,0.05259910014255236,1.5948031332414685,2.3017388686529134
DISCOVERY,fresh,F17_abnormal_volume_persistent,abn_down,5,year,2013,1102,164,0.016333938294010888,0.010560056602442247,1.5467661688700896,0.38451588843791096
DISCOVERY,fresh,F17_abnormal_volume_persistent,abn_down,5,year,2014,1106,207,0.027124773960216998,0.009232871202790241,2.9378481909310823,2.6940139693869023
DISCOVERY,fresh,F17_abnormal_volume_persistent,abn_down,5,year,2015,1184,214,0.019425675675675675,0.010514110740600281,1.8475814222370086,1.3625137151472222
DISCOVERY,fresh,F17_abnormal_volume_persistent,abn_down,5,year,2016,1868,233,0.032119914346895075,0.014236102318751857,2.2562295232021885,3.9971881559378475
DISCOVERY,fresh,F17_abnormal_volume_persistent,abn_down,5,year,2017,1461,226,0.021218343600273786,0.008596568752867883,2.4682340373530054,2.469693555790803
DISCOVERY,fresh,F17_abnormal_volume_persistent,abn_down,5,year,2018,1498,221,0.02403204272363151,0.00673659275495222,3.5673883813096787,3.1380287695569646
DISCOVERY,fresh,F17_abnormal_volume_persistent,abn_down,5,price_bucket,10-50,4521,1102,0.0249944702499447,0.00941191330162528,2.655620536329056,4.472423622254013
DISCOVERY,fresh,F17_abnormal_volume_persistent,abn_down,5,price_bucket,50-200,2681,939,0.01939574785527788,0.01062280663654642,1.8258590708550855,3.0307089920768346
DISCOVERY,fresh,F17_abnormal_volume_persistent,abn_down,5,price_bucket,>200,1007,541,0.031777557100297914,0.012214262471870138,2.6016762922429995,3.3022985036806007
DISCOVERY,fresh,F07_idio_activity,abn_down,5,year,2013,513,107,0.025341130604288498,0.015779614382214088,1.6059410572701716,1.2230682009850533
DISCOVERY,fresh,F07_idio_activity,abn_down,5,year,2014,919,159,0.028291621327529923,0.011460937565008586,2.468525909599851,2.538063127991843
DISCOVERY,fresh,F07_idio_activity,abn_down,5,year,2015,1046,169,0.032504780114722756,0.02412809655792053,1.3471754821891415,1.4565511072872104
DISCOVERY,fresh,F07_idio_activity,abn_down,5,year,2016,790,99,0.04177215189873418,0.016101284317224355,2.5943366427017502,3.8729994765564006
DISCOVERY,fresh,F07_idio_activity,abn_down,5,year,2017,1011,161,0.03461918892185954,0.01291985500128175,2.6795338584237247,3.588485437884053
DISCOVERY,fresh,F07_idio_activity,abn_down,5,year,2018,1081,145,0.03330249768732655,0.01424794005566891,2.337355263793119,3.288908708513954
DISCOVERY,fresh,F07_idio_activity,abn_down,5,price_bucket,10-50,2776,769,0.03025936599423631,0.015403928623362543,1.9643927685008291,3.820832693444268
DISCOVERY,fresh,F07_idio_activity,abn_down,5,price_bucket,50-200,1711,664,0.03623611922852133,0.015083833179728931,2.402315034696805,4.054225574795346
DISCOVERY,fresh,F07_idio_activity,abn_down,5,price_bucket,>200,865,455,0.035838150289017344,0.019026101000915514,1.8836308231146703,1.8790049580467134
DISCOVERY,fresh,F07_idio_activity,abn_up,2,year,2013,231,89,0.05194805194805195,0.021565829195767695,2.4088131031959943,1.6045087754007372
DISCOVERY,fresh,F07_idio_activity,abn_up,2,year,2014,541,153,0.038817005545286505,0.020563616424332534,1.887654619902124,1.4836209444270059
DISCOVERY,fresh,F07_idio_activity,abn_up,2,year,2015,668,160,0.05239520958083832,0.024546563427202187,2.134523218951889,3.0959068136209584
DISCOVERY,fresh,F07_idio_activity,abn_up,2,year,2016,447,99,0.035794183445190156,0.024158904636377123,1.4816145013169713,1.834533876231152
DISCOVERY,fresh,F07_idio_activity,abn_up,2,year,2017,660,154,0.04696969696969697,0.01988979080360965,2.361497787154845,2.7831022329282065
DISCOVERY,fresh,F07_idio_activity,abn_up,2,year,2018,585,137,0.06324786324786325,0.021876048867699623,2.891192263757001,3.5134038433516737
DISCOVERY,fresh,F07_idio_activity,abn_up,2,price_bucket,10-50,1595,660,0.04827586206896552,0.02221948120568221,2.1726817841552433,4.656486809588319
DISCOVERY,fresh,F07_idio_activity,abn_up,2,price_bucket,50-200,1009,549,0.049554013875123884,0.021632996710154277,2.290668026213114,3.279092242524393
DISCOVERY,fresh,F07_idio_activity,abn_up,2,price_bucket,>200,524,351,0.04770992366412214,0.02259003431952602,2.111989870811457,2.257216056649714
DISCOVERY,fresh,F08_idio_move,run20,10,year,2013,539,122,0.11317254174397032,0.06524683554447228,1.7345292043601388,2.8566832324610676
DISCOVERY,fresh,F08_idio_move,run20,10,year,2014,1062,149,0.0423728813559322,0.026008080493845714,1.629219863648103,2.909081348324009
DISCOVERY,fresh,F08_idio_move,run20,10,year,2015,1475,170,0.03932203389830508,0.026029174506546463,1.5106907784730323,1.1764752222110797
DISCOVERY,fresh,F08_idio_move,run20,10,year,2016,1645,165,0.03829787234042553,0.025196687873789012,1.5199566122444648,1.962902665503826
DISCOVERY,fresh,F08_idio_move,run20,10,year,2017,1645,160,0.02857142857142857,0.016273404356172978,1.7557130607764067,2.9105262638939102
DISCOVERY,fresh,F08_idio_move,run20,10,year,2018,1330,144,0.04661654135338346,0.024845145000172285,1.8762837308077778,3.5991963359165706
DISCOVERY,fresh,F08_idio_move,run20,10,price_bucket,10-50,4367,857,0.047400961758644375,0.028506760255414938,1.662797221920033,4.465336100873462
DISCOVERY,fresh,F08_idio_move,run20,10,price_bucket,50-200,2143,762,0.03173121791880541,0.024706504061349263,1.2843265012327494,1.660522373770979
DISCOVERY,fresh,F08_idio_move,run20,10,price_bucket,>200,1161,566,0.05254091300602928,0.021209467685776553,2.477238645704633,4.245651829760681
DISCOVERY,fresh,F17_abnormal_volume_persistent,abn_down,1,year,2013,1160,168,0.015517241379310345,0.005591694423827242,2.7750517469603695,1.744140547417085
DISCOVERY,fresh,F17_abnormal_volume_persistent,abn_down,1,year,2014,1145,207,0.026200873362445413,0.006194844078534995,4.229464540234498,3.1233806638738395
DISCOVERY,fresh,F17_abnormal_volume_persistent,abn_down,1,year,2015,1208,214,0.014900662251655629,0.00448208642516649,3.3244923988948147,1.8698145417649619
DISCOVERY,fresh,F17_abnormal_volume_persistent,abn_down,1,year,2016,1900,234,0.015263157894736841,0.005836307294808016,2.6152080628645034,2.724004587593716
DISCOVERY,fresh,F17_abnormal_volume_persistent,abn_down,1,year,2017,1509,228,0.011928429423459244,0.004193214580536809,2.8446980697878295,1.7851672228143753
DISCOVERY,fresh,F17_abnormal_volume_persistent,abn_down,1,year,2018,1598,226,0.01877346683354193,0.004410319268616164,4.256713786490229,3.0340128067475196
DISCOVERY,fresh,F17_abnormal_volume_persistent,abn_down,1,price_bucket,10-50,4659,1120,0.017171066752522002,0.005341909039490115,3.214406427661857,4.051004961941496
DISCOVERY,fresh,F17_abnormal_volume_persistent,abn_down,1,price_bucket,50-200,2787,955,0.012558306422676713,0.004686614924269744,2.679611324080251,2.962388151047405
DISCOVERY,fresh,F17_abnormal_volume_persistent,abn_down,1,price_bucket,>200,1064,561,0.02631578947368421,0.00513837467284614,5.121422852395448,3.535263513967305
DISCOVERY,fresh,F08_idio_move,limit_up,1,year,2013,617,123,0.02593192868719611,0.008672491054792925,2.990136112376226,2.384431109549347
DISCOVERY,fresh,F08_idio_move,limit_up,1,year,2014,1193,150,0.025146689019279127,0.004967615010864946,5.0621251776314,3.8243100595290063
DISCOVERY,fresh,F08_idio_move,limit_up,1,year,2015,1600,171,0.03125,0.010286604918000842,3.03793139224339,1.2905714751042903
DISCOVERY,fresh,F08_idio_move,limit_up,1,year,2016,1732,165,0.009815242494226328,0.0033070651566098064,2.9679616304531153,2.470191016146832
DISCOVERY,fresh,F08_idio_move,limit_up,1,year,2017,1730,160,0.009248554913294798,0.002539438507515899,3.641968445355984,2.836055368223715
DISCOVERY,fresh,F08_idio_move,limit_up,1,year,2018,1466,149,0.021828103683492497,0.006209822352233383,3.5150930969292458,3.9159251736840015
DISCOVERY,fresh,F08_idio_move,limit_up,1,price_bucket,10-50,4707,868,0.016995963458678563,0.006039930467374566,2.8139336289522485,3.5095999648005436
DISCOVERY,fresh,F08_idio_move,limit_up,1,price_bucket,50-200,2313,783,0.01729355814958928,0.0056771590596223385,3.0461641056679674,3.6487693939762953
DISCOVERY,fresh,F08_idio_move,limit_up,1,price_bucket,>200,1289,598,0.031031807602792862,0.003973755685831426,7.8091886004562205,4.764557995990356
DISCOVERY,fresh,F14_turnover_no_range,limit_down,5,year,2013,140,70,0.02142857142857143,0.014078781041506241,1.5220473537728134,1.005128669064908
DISCOVERY,fresh,F14_turnover_no_range,limit_down,5,year,2014,117,84,0.05982905982905983,0.006820637395264819,8.771769610651894,2.3021388861430823
DISCOVERY,fresh,F14_turnover_no_range,limit_down,5,year,2015,186,110,0.053763440860215055,0.004689685651634329,11.464188616027771,2.852767253929973
DISCOVERY,fresh,F14_turnover_no_range,limit_down,5,year,2016,225,137,0.04888888888888889,0.006382571271850394,7.65974821221469,2.793121164319745
DISCOVERY,fresh,F14_turnover_no_range,limit_down,5,year,2017,200,117,0.005,0.003949741293559635,1.2659056956851567,0.47959322378370006
DISCOVERY,fresh,F14_turnover_no_range,limit_down,5,year,2018,164,106,0.06097560975609756,0.010196226495081485,5.9802133451538495,2.662867282826541
DISCOVERY,fresh,F14_turnover_no_range,limit_down,5,price_bucket,10-50,606,408,0.03135313531353135,0.00681249268299465,4.6023000350217,3.5134839507405307
DISCOVERY,fresh,F14_turnover_no_range,limit_down,5,price_bucket,50-200,250,211,0.028,0.007853117460550214,3.565463033076578,1.9943147011412041
DISCOVERY,fresh,F14_turnover_no_range,limit_down,5,price_bucket,>200,172,160,0.09302325581395349,0.008282718879922511,11.231004838211263,3.7835135194378906
DISCOVERY,fresh,F07_idio_activity,limit_down,3,year,2013,533,110,0.01876172607879925,0.008855858759404018,2.1185665431798144,1.2681341058763451
DISCOVERY,fresh,F07_idio_activity,limit_down,3,year,2014,944,159,0.019067796610169493,0.004571110195350356,4.171371022637976,3.069351325895406
DISCOVERY,fresh,F07_idio_activity,limit_down,3,year,2015,1054,169,0.008538899430740038,0.003163779859327428,2.6989549875177725,1.2086024903390822
DISCOVERY,fresh,F07_idio_activity,limit_down,3,year,2016,799,100,0.02127659574468085,0.004434014702771636,4.798494630922439,3.0500342081108287
DISCOVERY,fresh,F07_idio_activity,limit_down,3,year,2017,1038,161,0.011560693641618497,0.0031706272217021042,3.6461850710448105,2.580337738699411
DISCOVERY,fresh,F07_idio_activity,limit_down,3,year,2018,1100,145,0.00909090909090909,0.004754645053183587,1.912005836234201,1.362498383191465
DISCOVERY,fresh,F07_idio_activity,limit_down,3,price_bucket,10-50,2827,775,0.00955076052352317,0.0052033089861279296,1.8355166969683303,1.9700460184295168
DISCOVERY,fresh,F07_idio_activity,limit_down,3,price_bucket,50-200,1744,668,0.00974770642201835,0.0032046229883973213,3.0417638696692118,2.203662592091004
DISCOVERY,fresh,F07_idio_activity,limit_down,3,price_bucket,>200,889,464,0.0359955005624297,0.004601619435699453,7.822354948168011,4.264755754108622
DISCOVERY,fresh,F12_accumulation_proxy,limit_down,5,year,2013,228,98,0.08771929824561403,0.020837412467338473,4.209702062725366,2.943177396683319
DISCOVERY,fresh,F12_accumulation_proxy,limit_down,5,year,2014,500,142,0.002,0.0030538126959278886,0.6549190140793191,-2.04146850856426
DISCOVERY,fresh,F12_accumulation_proxy,limit_down,5,year,2015,118,88,0.0423728813559322,0.013104725955645885,3.2334046129119374,1.4585177746502127
DISCOVERY,fresh,F12_accumulation_proxy,limit_down,5,year,2016,152,114,0.07894736842105263,0.013111321646446667,6.021312766928295,3.000213102808936
DISCOVERY,fresh,F12_accumulation_proxy,limit_down,5,year,2017,221,142,0.013574660633484163,0.0017562176624408862,7.729486454781104,1.4433406714066994
DISCOVERY,fresh,F12_accumulation_proxy,limit_down,5,year,2018,223,141,0.05829596412556054,0.012164791461686062,4.792187709026343,2.6215309230885366
DISCOVERY,fresh,F12_accumulation_proxy,limit_down,5,price_bucket,10-50,855,473,0.021052631578947368,0.007887645112347701,2.6690642490989562,2.623321007591294
DISCOVERY,fresh,F12_accumulation_proxy,limit_down,5,price_bucket,50-200,392,284,0.04846938775510204,0.011421284607280282,4.243777247631685,3.5864565169680818
DISCOVERY,fresh,F12_accumulation_proxy,limit_down,5,price_bucket,>200,193,178,0.08808290155440414,0.008792266351230553,10.018224884881494,3.750209488286762
DISCOVERY,fresh,F08_idio_move,limit_down,3,year,2013,1335,127,0.018726591760299626,0.005404727952991358,3.464853721256221,2.3342737066867127
DISCOVERY,fresh,F08_idio_move,limit_down,3,year,2014,1814,151,0.006063947078280044,0.003207580919638788,1.8905047854452621,1.838050864314912
DISCOVERY,fresh,F08_idio_move,limit_down,3,year,2015,2118,171,0.013692162417374882,0.004682993526689429,2.923805540054707,3.320821468580762
DISCOVERY,fresh,F08_idio_move,limit_down,3,year,2016,2421,165,0.00950020652622883,0.00485767311883259,1.955711365056187,2.1397655694470887
DISCOVERY,fresh,F08_idio_move,limit_down,3,year,2017,2297,162,0.0043535045711798,0.0020603998237809255,2.112941634401291,1.4056128371620085
DISCOVERY,fresh,F08_idio_move,limit_down,3,year,2018,2235,149,0.007606263982102908,0.004033606338981975,1.8857229344851292,1.551323151085582
DISCOVERY,fresh,F08_idio_move,limit_down,3,price_bucket,10-50,6795,897,0.010448859455481973,0.004105898335707482,2.5448412506008977,4.068375496390307
DISCOVERY,fresh,F08_idio_move,limit_down,3,price_bucket,50-200,3485,862,0.006312769010043041,0.004040097602530568,1.5625288374441635,1.257576315154624
DISCOVERY,fresh,F08_idio_move,limit_down,3,price_bucket,>200,1905,686,0.011548556430446194,0.0033256176885036485,3.472604945050804,2.8243641012113394
DISCOVERY,fresh,F07_idio_activity,limit_up,3,year,2013,228,89,0.08771929824561403,0.03321009693465255,2.6413442399225495,2.5336564373990034
DISCOVERY,fresh,F07_idio_activity,limit_up,3,year,2014,537,153,0.0260707635009311,0.013641576332138387,1.911125434933103,1.2890604590431505
DISCOVERY,fresh,F07_idio_activity,limit_up,3,year,2015,662,160,0.04984894259818731,0.020527287983824437,2.4284232109701205,3.2296720192761232
DISCOVERY,fresh,F07_idio_activity,limit_up,3,year,2016,440,98,0.022727272727272728,0.012813254590751479,1.7737314564620545,1.2801270432301808
DISCOVERY,fresh,F07_idio_activity,limit_up,3,year,2017,650,154,0.023076923076923078,0.009167466657679825,2.5172628315578263,2.1463853008005893
DISCOVERY,fresh,F07_idio_activity,limit_up,3,year,2018,579,136,0.03626943005181347,0.020738097466919424,1.748927552764616,1.8420533440170361
DISCOVERY,fresh,F07_idio_activity,limit_up,3,price_bucket,10-50,1578,658,0.04055766793409379,0.018963258356617683,2.1387499537989587,3.9660487869046714
DISCOVERY,fresh,F07_idio_activity,limit_up,3,price_bucket,50-200,998,545,0.028056112224448898,0.015251983864768316,1.8395057635261327,2.074535793426901
DISCOVERY,fresh,F07_idio_activity,limit_up,3,price_bucket,>200,516,350,0.040697674418604654,0.013137396648334666,3.0978492549179144,3.2715117054998966
DISCOVERY,fresh,F07_idio_activity,limit_up,2,year,2013,231,89,0.07792207792207792,0.02296651104544664,3.3928565713740317,2.6093462452809923
DISCOVERY,fresh,F07_idio_activity,limit_up,2,year,2014,541,153,0.022181146025878003,0.00917091404681881,2.4186407061106587,1.5266571708089556
DISCOVERY,fresh,F07_idio_activity,limit_up,2,year,2015,668,160,0.040419161676646706,0.01361154811794532,2.9694757221155847,3.207794804885025
DISCOVERY,fresh,F07_idio_activity,limit_up,2,year,2016,447,99,0.013422818791946308,0.009931029199040183,1.3516040002423517,0.38358567682727734
DISCOVERY,fresh,F07_idio_activity,limit_up,2,year,2017,660,154,0.016666666666666666,0.006579038378161511,2.533298289000726,1.8199831531095132
DISCOVERY,fresh,F07_idio_activity,limit_up,2,year,2018,585,137,0.03076923076923077,0.013263506715453734,2.31984130813464,2.2363298231215265
DISCOVERY,fresh,F07_idio_activity,limit_up,2,price_bucket,10-50,1595,660,0.03260188087774295,0.012878531743125738,2.5314905090128055,3.9604193567243113
DISCOVERY,fresh,F07_idio_activity,limit_up,2,price_bucket,50-200,1009,549,0.02081268582755203,0.010502785866583184,1.9816347864209967,1.8842707530500566
DISCOVERY,fresh,F07_idio_activity,limit_up,2,price_bucket,>200,524,351,0.03625954198473282,0.008846291735337169,4.098840855529486,3.4702627351377857
DISCOVERY,fresh,F07_idio_activity,abn_down,1,year,2013,547,111,0.014625228519195612,0.0065501433307850986,2.23281045629312,1.7317424311045897
DISCOVERY,fresh,F07_idio_activity,abn_down,1,year,2014,961,159,0.021852237252861603,0.005066878167582254,4.312761532864873,3.149306503259606
DISCOVERY,fresh,F07_idio_activity,abn_down,1,year,2015,1064,169,0.009398496240601503,0.005342909209037036,1.7590596944273016,1.0263188104886543
DISCOVERY,fresh,F07_idio_activity,abn_down,1,year,2016,811,100,0.016029593094944512,0.004879880061929499,3.2848334162963893,2.4744401683291795
DISCOVERY,fresh,F07_idio_activity,abn_down,1,year,2017,1059,161,0.015108593012275733,0.0062545640087369545,2.4156109028815838,2.0796482367436826
DISCOVERY,fresh,F07_idio_activity,abn_down,1,year,2018,1137,147,0.014951627088830254,0.0034914881037973492,4.282307899765958,2.6798902275545733
DISCOVERY,fresh,F07_idio_activity,abn_down,1,price_bucket,10-50,2883,779,0.014568158168574402,0.00485001978244863,3.0037317004961523,3.881441224064398
DISCOVERY,fresh,F07_idio_activity,abn_down,1,price_bucket,50-200,1776,673,0.015202702702702704,0.0049426637102102326,3.0758116663486432,2.9738636662308693
DISCOVERY,fresh,F07_idio_activity,abn_down,1,price_bucket,>200,912,474,0.017543859649122806,0.006430662200398546,2.728157552426795,1.8941130756650042
DISCOVERY,fresh,F07_idio_activity,run20,10,year,2013,195,82,0.11794871794871795,0.08460370717006749,1.3941317927312742,1.0508027072048878
DISCOVERY,fresh,F07_idio_activity,run20,10,year,2014,500,153,0.068,0.023668152799744598,2.8730590247302183,3.273033599475609
DISCOVERY,fresh,F07_idio_activity,run20,10,year,2015,613,158,0.053833605220228384,0.032868375839757595,1.6378541331851038,2.463523121218853
DISCOVERY,fresh,F07_idio_activity,run20,10,year,2016,416,97,0.038461538461538464,0.02295007378679405,1.6758786406896011,1.6076496152853779
DISCOVERY,fresh,F07_idio_activity,run20,10,year,2017,594,151,0.037037037037037035,0.018518450754325812,2.0000073185595926,2.1272657647560536
DISCOVERY,fresh,F07_idio_activity,run20,10,year,2018,528,132,0.045454545454545456,0.027078155727638713,1.678642589685306,1.8379171629820898
DISCOVERY,fresh,F07_idio_activity,run20,10,price_bucket,10-50,1453,630,0.06331727460426703,0.03226117208675351,1.9626464417969862,4.945816184062032
DISCOVERY,fresh,F07_idio_activity,run20,10,price_bucket,50-200,937,524,0.042689434364994665,0.0270960838949362,1.5754835470144302,2.1199028411123044
DISCOVERY,fresh,F07_idio_activity,run20,10,price_bucket,>200,453,318,0.04415011037527594,0.02441513621140814,1.80830899295358,2.2354731001778405
DISCOVERY,fresh,F07_idio_activity,limit_up,5,year,2013,216,86,0.1111111111111111,0.05727234766666737,1.9400481320897207,2.294170400888351
DISCOVERY,fresh,F07_idio_activity,limit_up,5,year,2014,525,153,0.04,0.024184101607058108,1.6539791574612819,1.5183659762729838
DISCOVERY,fresh,F07_idio_activity,limit_up,5,year,2015,655,160,0.061068702290076333,0.03170490401145034,1.9261595073122175,2.632224410465919
DISCOVERY,fresh,F07_idio_activity,limit_up,5,year,2016,433,98,0.04157043879907621,0.021615016290778655,1.9232203316363397,2.118297323982609
DISCOVERY,fresh,F07_idio_activity,limit_up,5,year,2017,634,154,0.028391167192429023,0.014388351451177447,1.973205011621097,1.8163750007517079
DISCOVERY,fresh,F07_idio_activity,limit_up,5,year,2018,567,136,0.05114638447971781,0.03348727181885864,1.5273380511969414,1.7377738540870942
DISCOVERY,fresh,F07_idio_activity,limit_up,5,price_bucket,10-50,1551,653,0.0548033526756931,0.031045790995185694,1.7652425955000315,3.631311084658884
DISCOVERY,fresh,F07_idio_activity,limit_up,5,price_bucket,50-200,977,541,0.0368474923234391,0.023944110106300036,1.5388958771010661,1.7913201815185684
DISCOVERY,fresh,F07_idio_activity,limit_up,5,price_bucket,>200,498,343,0.05823293172690763,0.023254664695405332,2.5041398140826914,3.55248192558556
DISCOVERY,fresh,F07_idio_activity,limit_down,2,year,2013,538,110,0.011152416356877323,0.004865573943380283,2.2921070538965753,0.8309846724431174
DISCOVERY,fresh,F07_idio_activity,limit_down,2,year,2014,954,159,0.014675052410901468,0.0030858526767740813,4.755590738778436,2.8847988847367514
DISCOVERY,fresh,F07_idio_activity,limit_down,2,year,2015,1062,169,0.005649717514124294,0.002029803634597952,2.7833813171998516,0.9505561646149989
DISCOVERY,fresh,F07_idio_activity,limit_down,2,year,2016,808,100,0.013613861386138614,0.0029517170172433816,4.612183792216181,2.608487705144902
DISCOVERY,fresh,F07_idio_activity,limit_down,2,year,2017,1050,161,0.009523809523809525,0.0020914937629803107,4.553592122712527,2.5231165885551055
DISCOVERY,fresh,F07_idio_activity,limit_down,2,year,2018,1115,146,0.008071748878923767,0.003474110951740232,2.3233998542506282,1.6860943698642312
DISCOVERY,fresh,F07_idio_activity,limit_down,2,price_bucket,10-50,2858,777,0.00734779566130161,0.003439170298699384,2.1365024186445143,2.2827897197911278
DISCOVERY,fresh,F07_idio_activity,limit_down,2,price_bucket,50-200,1759,671,0.006822057987492893,0.0020568323167684337,3.316778879773381,1.9116317273269325
DISCOVERY,fresh,F07_idio_activity,limit_down,2,price_bucket,>200,902,470,0.025498891352549888,0.00297262486755101,8.57790420543615,3.5715901637374072
DISCOVERY,fresh,F07_idio_activity,limit_up,1,year,2013,237,90,0.05063291139240506,0.011984677572890965,4.224803803394379,2.1600341763875375
DISCOVERY,fresh,F07_idio_activity,limit_up,1,year,2014,546,154,0.014652014652014652,0.004432231467361767,3.305787335320754,1.5133051019340915
DISCOVERY,fresh,F07_idio_activity,limit_up,1,year,2015,671,160,0.029806259314456036,0.006684253557831017,4.459175442190722,3.234511972663536
DISCOVERY,fresh,F07_idio_activity,limit_up,1,year,2016,450,99,0.008888888888888889,0.005123998697055353,1.7347562742350293,0.8391869768322003
DISCOVERY,fresh,F07_idio_activity,limit_up,1,year,2017,668,154,0.011976047904191617,0.0031026949647350657,3.859885693021787,1.8136865498439336
DISCOVERY,fresh,F07_idio_activity,limit_up,1,year,2018,601,138,0.016638935108153077,0.00738433456154138,2.253274817044574,1.768345702706828
DISCOVERY,fresh,F07_idio_activity,limit_up,1,price_bucket,10-50,1612,663,0.019230769230769232,0.006600480880497354,2.9135406311971876,3.3063792627391027
DISCOVERY,fresh,F07_idio_activity,limit_up,1,price_bucket,50-200,1025,556,0.014634146341463415,0.00519257728707778,2.8182818535762335,2.098023247080616
DISCOVERY,fresh,F07_idio_activity,limit_up,1,price_bucket,>200,532,356,0.03007518796992481,0.004655826839526491,6.459687829151209,3.4131856266042297
DISCOVERY,fresh,F08_idio_move,limit_down,2,year,2013,1344,127,0.014136904761904762,0.004047104983478257,3.493090695600116,2.107482529769471
DISCOVERY,fresh,F08_idio_move,limit_down,2,year,2014,1836,151,0.004357298474945534,0.0022190687351808214,1.9635707564463876,1.398182859603234
DISCOVERY,fresh,F08_idio_move,limit_down,2,year,2015,2134,171,0.011715089034676664,0.003943802360670322,2.9705061165097195,3.1558938492741357
DISCOVERY,fresh,F08_idio_move,limit_down,2,year,2016,2435,165,0.006160164271047228,0.0029341829259787026,2.099447930293062,1.8833652938607444
DISCOVERY,fresh,F08_idio_move,limit_down,2,year,2017,2320,162,0.0034482758620689655,0.0015087428726203262,2.285529181046028,1.2183854516886974
DISCOVERY,fresh,F08_idio_move,limit_down,2,year,2018,2264,150,0.006183745583038869,0.0027612657649537177,2.239460490012817,1.694196268092887
DISCOVERY,fresh,F08_idio_move,limit_down,2,price_bucket,10-50,6850,898,0.008613138686131387,0.0030062441392336822,2.865082903189277,3.949879405324054
DISCOVERY,fresh,F08_idio_move,limit_down,2,price_bucket,50-200,3522,864,0.004258943781942078,0.0028430917076837387,1.4979973282014991,1.024817556875227
DISCOVERY,fresh,F08_idio_move,limit_down,2,price_bucket,>200,1926,690,0.00778816199376947,0.0021465321662426846,3.628253103424004,2.4395962699790523
DISCOVERY,fresh,F07_idio_activity,run20,5,year,2013,216,86,0.06018518518518518,0.02851904515129615,2.1103506399284147,1.7993222525663866
DISCOVERY,fresh,F07_idio_activity,run20,5,year,2014,525,153,0.024761904761904763,0.0075229208551531425,3.291528016666964,2.13712186731093
DISCOVERY,fresh,F07_idio_activity,run20,5,year,2015,655,160,0.024427480916030534,0.01294979275437159,1.8863221504285703,2.021392546418693
DISCOVERY,fresh,F07_idio_activity,run20,5,year,2016,433,98,0.020785219399538105,0.006808465721222535,3.0528492395502416,1.6707637375310531
DISCOVERY,fresh,F07_idio_activity,run20,5,year,2017,634,154,0.01892744479495268,0.005135571262244799,3.6855578140063323,2.3840433592409602
DISCOVERY,fresh,F07_idio_activity,run20,5,year,2018,567,136,0.021164021164021163,0.009660453805968975,2.1907895414752043,1.8115397540413605
DISCOVERY,fresh,F07_idio_activity,run20,5,price_bucket,10-50,1551,653,0.030947775628626693,0.011890130539426036,2.602812099161412,3.780978242299082
DISCOVERY,fresh,F07_idio_activity,run20,5,price_bucket,50-200,977,541,0.015353121801432957,0.008157690536574674,1.8820426850709597,1.7997475616570755
DISCOVERY,fresh,F07_idio_activity,run20,5,price_bucket,>200,498,343,0.024096385542168676,0.007698439161897011,3.1300351974504617,2.4709534292680324
DISCOVERY,fresh,F08_idio_move,run20,5,year,2013,588,122,0.034013605442176874,0.02123764159375719,1.6015716854443565,1.602328092728841
DISCOVERY,fresh,F08_idio_move,run20,5,year,2014,1140,150,0.021052631578947368,0.0071320627441364024,2.9518292721493102,3.1752687737412
DISCOVERY,fresh,F08_idio_move,run20,5,year,2015,1547,171,0.02197802197802198,0.009344581106925475,2.351953685942496,1.2405366649178187
DISCOVERY,fresh,F08_idio_move,run20,5,year,2016,1683,165,0.013071895424836602,0.006510921665425895,2.0076874053408744,2.1343127505541912
DISCOVERY,fresh,F08_idio_move,run20,5,year,2017,1677,160,0.01073345259391771,0.0037566332744164077,2.857200000600311,2.4204679774038755
DISCOVERY,fresh,F08_idio_move,run20,5,year,2018,1402,147,0.016405135520684736,0.007322789096502757,2.2402851296809243,2.8109165368628797
DISCOVERY,fresh,F08_idio_move,run20,5,price_bucket,10-50,4552,863,0.01757469244288225,0.008422135334901383,2.0867264350470136,2.9584663894932626
DISCOVERY,fresh,F08_idio_move,run20,5,price_bucket,50-200,2236,773,0.013864042933810376,0.007572847717786399,1.8307568632666156,2.3844934249571526
DISCOVERY,fresh,F08_idio_move,run20,5,price_bucket,>200,1220,582,0.023770491803278688,0.005876925230908432,4.044715709205022,3.879223767907929
DISCOVERY,fresh,F04_absorption_persistent,abn_down,3,year,2013,116,76,0.07758620689655173,0.004685794335618547,16.557749090007807,2.656225987198872
DISCOVERY,fresh,F04_absorption_persistent,abn_down,3,year,2014,169,108,0.047337278106508875,0.01618219249499584,2.9252697445755507,1.8834576247432782
DISCOVERY,fresh,F04_absorption_persistent,abn_down,3,year,2015,276,149,0.036231884057971016,0.016049582308126455,2.2574970091044406,1.7405509544044517
DISCOVERY,fresh,F04_absorption_persistent,abn_down,3,year,2016,336,154,0.041666666666666664,0.012887327741402842,3.2331502311999913,2.1289356944680247
DISCOVERY,fresh,F04_absorption_persistent,abn_down,3,year,2017,374,171,0.0213903743315508,0.011313452527957426,1.8907026196195744,0.7770799283833212
DISCOVERY,fresh,F04_absorption_persistent,abn_down,3,year,2018,168,113,0.041666666666666664,0.012382803932537031,3.3648814027639906,1.1002869581348793
DISCOVERY,fresh,F04_absorption_persistent,abn_down,3,price_bucket,10-50,969,584,0.04540763673890609,0.01230774250126449,3.6893554390044265,4.312228394609808
DISCOVERY,fresh,F04_absorption_persistent,abn_down,3,price_bucket,50-200,366,296,0.02185792349726776,0.015032344242747431,1.4540595361773614,0.7912358839553951
DISCOVERY,fresh,F04_absorption_persistent,abn_down,3,price_bucket,>200,99,96,0.04040404040404041,0.009132600834774058,4.4241548639895205,1.5763968724191446
DISCOVERY,fresh,F07_idio_activity,abn_down,10,year,2013,486,102,0.0205761316872428,0.01368743262823742,1.503286426761573,1.7543164594292768
DISCOVERY,fresh,F07_idio_activity,abn_down,10,year,2014,860,157,0.018604651162790697,0.011629069171064847,1.5998400980434715,0.5817351287287443
DISCOVERY,fresh,F07_idio_activity,abn_down,10,year,2015,985,164,0.048730964467005075,0.03353777601801506,1.453017172063791,1.559872303986912
DISCOVERY,fresh,F07_idio_activity,abn_down,10,year,2016,759,99,0.04743083003952569,0.025657601050285125,1.8486073560255394,2.6456387356445035
DISCOVERY,fresh,F07_idio_activity,abn_down,10,year,2017,950,160,0.029473684210526315,0.011612523984655445,2.5380945821487426,2.8820470254456434
DISCOVERY,fresh,F07_idio_activity,abn_down,10,year,2018,1006,142,0.02485089463220676,0.019523593385092245,1.2728647919487157,1.0428309947101522
DISCOVERY,fresh,F07_idio_activity,abn_down,10,price_bucket,10-50,2629,751,0.03081019399011031,0.01806734001353351,1.7052977343112847,2.834805968405161
DISCOVERY,fresh,F07_idio_activity,abn_down,10,price_bucket,50-200,1619,642,0.032736256948733784,0.020472866450315874,1.5990070090174744,3.1248100285674125
DISCOVERY,fresh,F07_idio_activity,abn_down,10,price_bucket,>200,790,428,0.03670886075949367,0.024291070090550457,1.5112080539331159,1.209672360798637
DISCOVERY,fresh,F09_idio_quiet_volume,abn_down,2,year,2013,173,73,0.03468208092485549,0.013297183853771892,2.6082275244331177,1.6603291678876058
DISCOVERY,fresh,F09_idio_quiet_volume,abn_down,2,year,2014,318,130,0.025157232704402517,0.00505670514344543,4.975024643667758,1.9446834135929985
DISCOVERY,fresh,F09_idio_quiet_volume,abn_down,2,year,2015,375,141,0.016,0.007955245897697912,2.011251469251262,1.151782064434917
DISCOVERY,fresh,F09_idio_quiet_volume,abn_down,2,year,2016,303,92,0.0231023102310231,0.006023773519172993,3.8351890484413214,1.8000451328542462
DISCOVERY,fresh,F09_idio_quiet_volume,abn_down,2,year,2017,376,135,0.023936170212765957,0.009491012955750274,2.5219826718563128,1.4395674453212883
DISCOVERY,fresh,F09_idio_quiet_volume,abn_down,2,year,2018,421,128,0.021377672209026127,0.007448313848928756,2.8701357975269453,1.8592179865374274
DISCOVERY,fresh,F09_idio_quiet_volume,abn_down,2,price_bucket,10-50,1029,544,0.028182701652089408,0.008584589904437027,3.2829409401983094,3.6836782899601093
DISCOVERY,fresh,F09_idio_quiet_volume,abn_down,2,price_bucket,50-200,617,397,0.019448946515397084,0.006320285550634601,3.0772259195542633,1.984443383156779
DISCOVERY,fresh,F09_idio_quiet_volume,abn_down,2,price_bucket,>200,318,242,0.012578616352201259,0.008453042250371632,1.488057906211015,0.20668416016761926
DISCOVERY,fresh,F03_absorption,abn_down,1,year,2013,328,134,0.07926829268292683,0.019873023417739416,3.988738452960758,2.5229155886481736
DISCOVERY,fresh,F03_absorption,abn_down,1,year,2014,382,147,0.013089005235602094,0.0056229894371583955,2.327766285511055,0.9496246171583729
DISCOVERY,fresh,F03_absorption,abn_down,1,year,2015,585,200,0.015384615384615385,0.0068288773975571,2.2528762033594187,0.6286458058190242
DISCOVERY,fresh,F03_absorption,abn_down,1,year,2016,630,202,0.014285714285714285,0.005848178938527637,2.4427628559038106,1.823874963687292
DISCOVERY,fresh,F03_absorption,abn_down,1,year,2017,621,197,0.01288244766505636,0.003999590002712518,3.2209420606410903,1.6297092019497736
DISCOVERY,fresh,F03_absorption,abn_down,1,year,2018,472,185,0.01694915254237288,0.00481814356277979,3.5177765713137448,1.8157856700925825
DISCOVERY,fresh,F03_absorption,abn_down,1,price_bucket,10-50,2037,884,0.024545900834560628,0.006551884796695758,3.746387733639578,3.532978309343591
DISCOVERY,fresh,F03_absorption,abn_down,1,price_bucket,50-200,693,484,0.017316017316017316,0.00917549865154732,1.8872017721998369,1.9394681715020774
DISCOVERY,fresh,F03_absorption,abn_down,1,price_bucket,>200,280,239,0.010714285714285714,0.004684722821579295,2.287069293605242,1.0414715856393948
DISCOVERY,fresh,F04_absorption_persistent,abn_down,5,year,2013,113,76,0.07964601769911504,0.00687481225490002,11.585191674484983,2.697821498645283
DISCOVERY,fresh,F04_absorption_persistent,abn_down,5,year,2014,166,108,0.06626506024096386,0.01709382032005768,3.87655064814325,2.20156748499333
DISCOVERY,fresh,F04_absorption_persistent,abn_down,5,year,2015,270,144,0.03333333333333333,0.02297336592428689,1.4509555736494901,1.2054711257591801
DISCOVERY,fresh,F04_absorption_persistent,abn_down,5,year,2016,335,154,0.05373134328358209,0.018271098082853376,2.940783473435929,2.3521100214354433
DISCOVERY,fresh,F04_absorption_persistent,abn_down,5,year,2017,370,168,0.013513513513513514,0.012153339302445571,1.1119177353004734,-0.4649920026813575
DISCOVERY,fresh,F04_absorption_persistent,abn_down,5,year,2018,162,111,0.030864197530864196,0.014589615045825557,2.115490877169867,0.7871695945619414
DISCOVERY,fresh,F04_absorption_persistent,abn_down,5,price_bucket,10-50,952,574,0.045168067226890755,0.015548999406505015,2.9048857772799472,3.9705667091667625
DISCOVERY,fresh,F04_absorption_persistent,abn_down,5,price_bucket,50-200,362,294,0.03591160220994475,0.018154559766768406,1.9781037200186087,1.7042802260661598
DISCOVERY,fresh,F04_absorption_persistent,abn_down,5,price_bucket,>200,97,94,0.010309278350515464,0.01449655530271298,0.7111536592825,-0.33264436811676346
DISCOVERY,fresh,F14_turnover_no_range,limit_down,3,year,2013,146,71,0.0136986301369863,0.009453730987041805,1.4490183987425667,0.6870962969773927
DISCOVERY,fresh,F14_turnover_no_range,limit_down,3,year,2014,118,85,0.025423728813559324,0.005748039466045874,4.423026140258659,1.3642543470498214
DISCOVERY,fresh,F14_turnover_no_range,limit_down,3,year,2015,189,112,0.037037037037037035,0.003241045534348858,11.427496665664082,2.352324742101086
DISCOVERY,fresh,F14_turnover_no_range,limit_down,3,year,2016,227,137,0.02643171806167401,0.0045378377176048335,5.824738500262021,1.9218767959309235
DISCOVERY,fresh,F14_turnover_no_range,limit_down,3,year,2017,204,119,0.004901960784313725,0.0028039411441539864,1.7482395429497362,0.6091053494395148
DISCOVERY,fresh,F14_turnover_no_range,limit_down,3,year,2018,173,111,0.028901734104046242,0.005215425567401651,5.54158691952059,1.9236738267957687
DISCOVERY,fresh,F14_turnover_no_range,limit_down,3,price_bucket,10-50,619,416,0.022617124394184167,0.004659776015540143,4.853693464826867,2.9822605018331974
DISCOVERY,fresh,F14_turnover_no_range,limit_down,3,price_bucket,50-200,259,215,0.015444015444015444,0.004991229273029431,3.0942308195435158,1.4680593987437154
DISCOVERY,fresh,F14_turnover_no_range,limit_down,3,price_bucket,>200,175,163,0.03428571428571429,0.005574718614265159,6.15021432615101,2.075922463230262
DISCOVERY,fresh,F17_abnormal_volume_persistent,limit_down,1,year,2013,1160,168,0.008620689655172414,0.002305428350853592,3.739300617163217,1.4626391647315766
DISCOVERY,fresh,F17_abnormal_volume_persistent,limit_down,1,year,2014,1145,207,0.004366812227074236,0.0012749433972799684,3.4251028213414205,1.5234900525959665
DISCOVERY,fresh,F17_abnormal_volume_persistent,limit_down,1,year,2015,1208,214,0.004966887417218543,0.0018758487390317094,2.647808063555482,0.6157032319724467
DISCOVERY,fresh,F17_abnormal_volume_persistent,limit_down,1,year,2016,1900,234,0.007894736842105263,0.0021275992363483554,3.7106315452787864,2.817545402714042
DISCOVERY,fresh,F17_abnormal_volume_persistent,limit_down,1,year,2017,1509,228,0.0019880715705765406,0.0007787493311201907,2.552903085922144,1.3764459197227636
DISCOVERY,fresh,F17_abnormal_volume_persistent,limit_down,1,year,2018,1598,226,0.004380475594493116,0.003237795176320857,1.3529193033979066,0.9582464096716531
DISCOVERY,fresh,F17_abnormal_volume_persistent,limit_down,1,price_bucket,10-50,4659,1120,0.004936681691350075,0.002108889353582393,2.3408917508944134,1.9431918526852952
DISCOVERY,fresh,F17_abnormal_volume_persistent,limit_down,1,price_bucket,50-200,2787,955,0.0032292787944025836,0.0017580560119288958,1.8368463646727036,1.5607856357265741
DISCOVERY,fresh,F17_abnormal_volume_persistent,limit_down,1,price_bucket,>200,1064,561,0.013157894736842105,0.0019423709882733123,6.7741408908392575,3.1001499046733247
DISCOVERY,fresh,F12_accumulation_proxy,limit_down,3,year,2013,231,99,0.06493506493506493,0.014593057562326475,4.449723072613767,2.5552900339025544
DISCOVERY,fresh,F12_accumulation_proxy,limit_down,3,year,2014,503,144,0.0019880715705765406,0.0016771160863930533,1.1854108291646372,-0.9685597395545062
DISCOVERY,fresh,F12_accumulation_proxy,limit_down,3,year,2015,121,89,0.024793388429752067,0.007966486350191237,3.1122112484579727,1.1815307965449189
DISCOVERY,fresh,F12_accumulation_proxy,limit_down,3,year,2016,153,115,0.0392156862745098,0.0069950763594211615,5.606184158617945,1.9872584328981087
DISCOVERY,fresh,F12_accumulation_proxy,limit_down,3,year,2017,224,143,0.004464285714285714,0.0007116923700017124,6.2727744492679784,0.598400112681334
DISCOVERY,fresh,F12_accumulation_proxy,limit_down,3,year,2018,228,143,0.03070175438596491,0.009334795528525654,3.288958423582522,1.7062025897001183
DISCOVERY,fresh,F12_accumulation_proxy,limit_down,3,price_bucket,10-50,869,484,0.01611047180667434,0.0055069819934141576,2.9254629533819028,2.3412986863713474
DISCOVERY,fresh,F12_accumulation_proxy,limit_down,3,price_bucket,50-200,394,284,0.025380710659898477,0.00716053119273547,3.544529026791729,2.423482149521651
DISCOVERY,fresh,F12_accumulation_proxy,limit_down,3,price_bucket,>200,195,179,0.046153846153846156,0.004767759225062835,9.68040624015318,2.704151032918884
DISCOVERY,fresh,F08_idio_move,limit_down,1,year,2013,1357,127,0.006632277081798084,0.0019274023677658197,3.4410443780278204,2.0093617024471673
DISCOVERY,fresh,F08_idio_move,limit_down,1,year,2014,1852,151,0.0005399568034557236,0.0009563846891189856,0.5645811874645628,0.10108264401931007
DISCOVERY,fresh,F08_idio_move,limit_down,1,year,2015,2147,171,0.005123428039124359,0.0017580772247357392,2.91422240561388,2.230844626207298
DISCOVERY,fresh,F08_idio_move,limit_down,1,year,2016,2450,165,0.004489795918367347,0.0012734236372498934,3.525767691939176,1.988485830710709
DISCOVERY,fresh,F08_idio_move,limit_down,1,year,2017,2333,162,0.0017145306472353193,0.0006911493733332445,2.4806947866660964,0.7367861033308657
DISCOVERY,fresh,F08_idio_move,limit_down,1,year,2018,2288,150,0.0034965034965034965,0.0013519819312419596,2.586205788483825,1.3962800396815436
DISCOVERY,fresh,F08_idio_move,limit_down,1,price_bucket,10-50,6896,898,0.004350348027842227,0.0013813254844873607,3.149401119937155,2.7118429821784305
DISCOVERY,fresh,F08_idio_move,limit_down,1,price_bucket,50-200,3549,866,0.0019723865877712033,0.0013205591992033652,1.4935995212945066,0.7206964767730343
DISCOVERY,fresh,F08_idio_move,limit_down,1,price_bucket,>200,1947,693,0.0035952747817154596,0.0009012276208253358,3.989308248700745,2.1125965627628087
DISCOVERY,fresh,F12_accumulation_proxy,abn_down,10,year,2013,225,97,0.017777777777777778,0.007180094224723477,2.47598112522854,0.930539220448592
DISCOVERY,fresh,F12_accumulation_proxy,abn_down,10,year,2014,498,140,0.030120481927710843,0.01792362349951947,1.680490662422047,2.026235227004464
DISCOVERY,fresh,F12_accumulation_proxy,abn_down,10,year,2015,118,88,0.059322033898305086,0.01931042505312101,3.0720211354807687,1.9465190067640679
DISCOVERY,fresh,F12_accumulation_proxy,abn_down,10,year,2016,152,114,0.03289473684210526,0.016074807853970578,2.0463533462379804,1.5001849177413031
DISCOVERY,fresh,F12_accumulation_proxy,abn_down,10,year,2017,219,140,0.045662100456621,0.015166425256969667,3.0107358644475024,2.217336373297193
DISCOVERY,fresh,F12_accumulation_proxy,abn_down,10,year,2018,207,135,0.0,0.01174657572998786,0.0,-5.725240148554514
DISCOVERY,fresh,F12_accumulation_proxy,abn_down,10,price_bucket,10-50,838,464,0.03579952267303103,0.01646876786067264,2.1737827004362704,3.4521812088977732
DISCOVERY,fresh,F12_accumulation_proxy,abn_down,10,price_bucket,50-200,388,280,0.023195876288659795,0.012453562045798516,1.8625896914758968,1.6057359677411793
DISCOVERY,fresh,F12_accumulation_proxy,abn_down,10,price_bucket,>200,191,176,0.010471204188481676,0.01247992366369443,0.8390439293265587,-0.0971634376125583
DISCOVERY,fresh,F14_turnover_no_range,abn_up,1,year,2013,95,53,0.031578947368421054,0.017246456197249904,1.8310397804191558,0.4304723946356419
DISCOVERY,fresh,F14_turnover_no_range,abn_up,1,year,2014,83,64,0.024096385542168676,0.01552280142527884,1.552321960579086,0.8060733761120863
DISCOVERY,fresh,F14_turnover_no_range,abn_up,1,year,2015,125,88,0.032,0.01380496675565022,2.318006306455085,0.8961476970220912
DISCOVERY,fresh,F14_turnover_no_range,abn_up,1,year,2016,169,113,0.03550295857988166,0.015836307938249226,2.2418709410248225,1.4641270589624684
DISCOVERY,fresh,F14_turnover_no_range,abn_up,1,year,2017,170,104,0.052941176470588235,0.012537411498481118,4.222656046425688,2.2668024885983296
DISCOVERY,fresh,F14_turnover_no_range,abn_up,1,year,2018,131,85,0.061068702290076333,0.01494407943215144,4.086481376610598,2.1734333194458912
DISCOVERY,fresh,F14_turnover_no_range,abn_up,1,price_bucket,10-50,445,327,0.04269662921348315,0.015198701639817642,2.8092287239606235,2.6448156582569426
DISCOVERY,fresh,F14_turnover_no_range,abn_up,1,price_bucket,50-200,199,166,0.04020100502512563,0.01579666497100624,2.5449045794737044,1.7099417539210156
DISCOVERY,fresh,F14_turnover_no_range,abn_up,1,price_bucket,>200,125,115,0.04,0.01170575597474216,3.4171223188241004,1.6822631016869265
DISCOVERY,fresh,F12_accumulation_proxy,limit_down,2,year,2013,232,99,0.04741379310344827,0.01145751416669578,4.138226880073924,2.1933639238270133
DISCOVERY,fresh,F12_accumulation_proxy,limit_down,2,year,2014,506,146,0.001976284584980237,0.00098952804696963,1.9971991607842643,-0.12821085314869443
DISCOVERY,fresh,F12_accumulation_proxy,limit_down,2,year,2015,122,89,0.02459016393442623,0.005166928058427612,4.7591457934696795,1.3846303713044426
DISCOVERY,fresh,F12_accumulation_proxy,limit_down,2,year,2016,154,116,0.025974025974025976,0.005176284371963253,5.017890074724505,1.5048161858766331
DISCOVERY,fresh,F12_accumulation_proxy,limit_down,2,year,2017,226,144,0.004424778761061947,0.0002685122154148703,16.47887323943662,0.87225344679489
DISCOVERY,fresh,F12_accumulation_proxy,limit_down,2,year,2018,230,144,0.02608695652173913,0.007031623504973074,3.70994785248233,1.8168812296239758
DISCOVERY,fresh,F12_accumulation_proxy,limit_down,2,price_bucket,10-50,876,487,0.012557077625570776,0.003875672152576845,3.2399741596362492,2.2629157009098986
DISCOVERY,fresh,F12_accumulation_proxy,limit_down,2,price_bucket,50-200,396,285,0.020202020202020204,0.005422577286424552,3.7255384543058625,2.170037854417876
DISCOVERY,fresh,F12_accumulation_proxy,limit_down,2,price_bucket,>200,196,180,0.03571428571428571,0.003683088013248429,9.696832002335519,2.3381571541714967
DISCOVERY,fresh,F04_absorption_persistent,abn_down,2,year,2013,116,76,0.06896551724137931,0.004114200094570635,16.76280094699105,2.3350357083707154
DISCOVERY,fresh,F04_absorption_persistent,abn_down,2,year,2014,170,108,0.047058823529411764,0.012196838560747178,3.858280430214118,1.938086522147601
DISCOVERY,fresh,F04_absorption_persistent,abn_down,2,year,2015,280,152,0.025,0.011118214711958362,2.2485624398952178,1.4057133572652316
DISCOVERY,fresh,F04_absorption_persistent,abn_down,2,year,2016,337,155,0.026706231454005934,0.009807141121633035,2.7231413439229626,1.5398923602487267
DISCOVERY,fresh,F04_absorption_persistent,abn_down,2,year,2017,376,172,0.018617021276595744,0.009669053568245638,1.9254233255813509,1.0706369170087953
DISCOVERY,fresh,F04_absorption_persistent,abn_down,2,year,2018,170,115,0.01764705882352941,0.009302764809759839,1.8969692542388363,-1.0003970892404426
DISCOVERY,fresh,F04_absorption_persistent,abn_down,2,price_bucket,10-50,975,590,0.03794871794871795,0.009432137338406086,4.023342386480858,4.170180165781973
DISCOVERY,fresh,F04_absorption_persistent,abn_down,2,price_bucket,50-200,368,298,0.010869565217391304,0.011531151479976213,0.9426261753881431,-0.407739612815178
DISCOVERY,fresh,F04_absorption_persistent,abn_down,2,price_bucket,>200,101,98,0.009900990099009901,0.007212961324050684,1.3726664616925552,0.29972101861213113
DISCOVERY,fresh,F08_idio_move,run20,3,year,2013,599,122,0.01001669449081803,0.005842096514407137,1.7145718948867,1.095066827297238
DISCOVERY,fresh,F08_idio_move,run20,3,year,2014,1161,150,0.0103359173126615,0.0018650218141554186,5.541981994104533,2.3798093873018695
DISCOVERY,fresh,F08_idio_move,run20,3,year,2015,1572,171,0.01717557251908397,0.006120658505525718,2.8061641575947913,0.9857240321244195
DISCOVERY,fresh,F08_idio_move,run20,3,year,2016,1705,165,0.004105571847507331,0.0015592485425949916,2.6330451723075536,1.6891539992776172
DISCOVERY,fresh,F08_idio_move,run20,3,year,2017,1701,160,0.0029394473838918285,0.0008713761056626877,3.373339439525207,1.487292842308832
DISCOVERY,fresh,F08_idio_move,run20,3,year,2018,1429,148,0.00979706088173548,0.0020836429624967547,4.7018904188825195,2.597370967746304
DISCOVERY,fresh,F08_idio_move,run20,3,price_bucket,10-50,4618,865,0.00822867042009528,0.0030719896578079967,2.678612670189394,1.995780851982816
DISCOVERY,fresh,F08_idio_move,run20,3,price_bucket,50-200,2267,776,0.008381120423467137,0.002743209322955892,3.055224533298182,2.5353230817245196
DISCOVERY,fresh,F08_idio_move,run20,3,price_bucket,>200,1253,586,0.010375099760574621,0.0015446951805131047,6.7166000719496655,2.7593963140126667
DISCOVERY,fresh,F14_turnover_no_range,abn_up,2,year,2013,90,50,0.044444444444444446,0.01901277953705534,2.3376089938782254,1.2013560231013782
DISCOVERY,fresh,F14_turnover_no_range,abn_up,2,year,2014,79,63,0.0379746835443038,0.0281522613687812,1.3489034876045498,0.6467717187991169
DISCOVERY,fresh,F14_turnover_no_range,abn_up,2,year,2015,124,88,0.03225806451612903,0.017765799954475584,1.8157394881620592,0.9207830318875756
DISCOVERY,fresh,F14_turnover_no_range,abn_up,2,year,2016,167,113,0.0718562874251497,0.03010233530162052,2.3870668738874024,1.821040364705376
DISCOVERY,fresh,F14_turnover_no_range,abn_up,2,year,2017,166,101,0.04819277108433735,0.02677170727632109,1.8001381304121258,1.067823314223935
DISCOVERY,fresh,F14_turnover_no_range,abn_up,2,year,2018,128,85,0.0625,0.01973207590547995,3.1674315616555395,2.1925848411917697
DISCOVERY,fresh,F14_turnover_no_range,abn_up,2,price_bucket,10-50,439,324,0.04328018223234624,0.024366009045944877,1.7762524076362503,1.9496362819365902
DISCOVERY,fresh,F14_turnover_no_range,abn_up,2,price_bucket,50-200,191,158,0.06282722513089005,0.02355379774043733,2.6673925718156193,2.304121826751646
DISCOVERY,fresh,F14_turnover_no_range,abn_up,2,price_bucket,>200,120,112,0.06666666666666667,0.024496531503097486,2.7214737179521493,1.9080375304390707
DISCOVERY,fresh,F03_absorption,limit_down,10,year,2013,298,123,0.0738255033557047,0.02659814203862979,2.7755887327951063,2.154599181057441
DISCOVERY,fresh,F03_absorption,limit_down,10,year,2014,348,135,0.008620689655172414,0.005478924565995869,1.5734273307348385,0.6257753227604156
DISCOVERY,fresh,F03_absorption,limit_down,10,year,2015,543,192,0.01841620626151013,0.011124377240611001,1.6554819980645163,1.0621595146210685
DISCOVERY,fresh,F03_absorption,limit_down,10,year,2016,607,195,0.029654036243822075,0.016100432868743027,1.8418160856651047,1.726743526925066
DISCOVERY,fresh,F03_absorption,limit_down,10,year,2017,586,192,0.0034129692832764505,0.004288736086339672,0.7957983924791543,-0.07849573737422962
DISCOVERY,fresh,F03_absorption,limit_down,10,year,2018,406,171,0.019704433497536946,0.009900843454168667,1.990177260023292,1.6143249608719885
DISCOVERY,fresh,F03_absorption,limit_down,10,price_bucket,10-50,1892,823,0.013213530655391121,0.010714940609142961,1.2331874844099588,-0.6379394223442535
DISCOVERY,fresh,F03_absorption,limit_down,10,price_bucket,50-200,650,458,0.033846153846153845,0.013267161604137653,2.5511224522657647,2.4344250805297696
DISCOVERY,fresh,F03_absorption,limit_down,10,price_bucket,>200,240,209,0.06666666666666667,0.013507437466711692,4.935552493281043,3.4209456741742814
DISCOVERY,fresh,F12_accumulation_proxy,limit_up,10,year,2013,141,66,0.1276595744680851,0.10151362198103114,1.2575610245878095,-0.873221374579335
DISCOVERY,fresh,F12_accumulation_proxy,limit_up,10,year,2014,463,122,0.017278617710583154,0.025464830436880324,0.6785286771656173,0.3455748408808271
DISCOVERY,fresh,F12_accumulation_proxy,limit_up,10,year,2015,69,53,0.014492753623188406,0.058426447283774496,0.2480512558430566,-2.200381233853724
DISCOVERY,fresh,F12_accumulation_proxy,limit_up,10,year,2016,59,51,0.15254237288135594,0.04873394220654269,3.1301053429015773,2.1165645700004183
DISCOVERY,fresh,F12_accumulation_proxy,limit_up,10,year,2017,149,97,0.0738255033557047,0.01970872595807085,3.7458282951807282,2.0101967136780363
DISCOVERY,fresh,F12_accumulation_proxy,limit_up,10,year,2018,135,84,0.22962962962962963,0.07761485855294846,2.9585782144146724,3.4280006854211247
DISCOVERY,fresh,F12_accumulation_proxy,limit_up,10,price_bucket,10-50,639,322,0.050078247261345854,0.04609540474609032,1.0864043289606509,0.7417921522104097
DISCOVERY,fresh,F12_accumulation_proxy,limit_up,10,price_bucket,50-200,262,187,0.06870229007633588,0.04885647891528386,1.4062063333598858,1.6762442926896641
DISCOVERY,fresh,F12_accumulation_proxy,limit_up,10,price_bucket,>200,113,102,0.23893805309734514,0.03644055190873482,6.5569273949462765,5.138673308425881
DISCOVERY,fresh,F04_absorption_persistent,abn_down,1,year,2013,116,76,0.06896551724137931,0.005855392459752187,11.77812037628953,2.2252055512973685
DISCOVERY,fresh,F04_absorption_persistent,abn_down,1,year,2014,170,108,0.029411764705882353,0.005582465610227182,5.268597562338663,1.7866053351798148
DISCOVERY,fresh,F04_absorption_persistent,abn_down,1,year,2015,282,153,0.010638297872340425,0.004061468793278977,2.6193228149247276,0.8585311562544005
DISCOVERY,fresh,F04_absorption_persistent,abn_down,1,year,2016,338,156,0.01775147928994083,0.005884305282231613,3.0167502259856596,1.134295877655063
DISCOVERY,fresh,F04_absorption_persistent,abn_down,1,year,2017,378,172,0.013227513227513227,0.004696193692464234,2.81664558443124,1.2688218762983148
DISCOVERY,fresh,F04_absorption_persistent,abn_down,1,year,2018,175,119,0.005714285714285714,0.004533837755242544,1.2603639615639535,-1.6291476757238568
DISCOVERY,fresh,F04_absorption_persistent,abn_down,1,price_bucket,10-50,981,596,0.023445463812436288,0.0053471329467484575,4.384679424642557,3.082472560502764
DISCOVERY,fresh,F04_absorption_persistent,abn_down,1,price_bucket,50-200,370,299,0.008108108108108109,0.004460820492998162,1.817627075744213,0.7417920213078266
DISCOVERY,fresh,F04_absorption_persistent,abn_down,1,price_bucket,>200,103,100,0.019417475728155338,0.004223455183671846,4.597533271626646,1.125643536801259
DISCOVERY,fresh,F07_idio_activity,limit_down,1,year,2013,547,111,0.007312614259597806,0.0015249597784073722,4.795283366250425,0.9687194535726139
DISCOVERY,fresh,F07_idio_activity,limit_down,1,year,2014,961,159,0.007284079084287201,0.0011904305833050528,6.1188608445055594,2.1586095480276173
DISCOVERY,fresh,F07_idio_activity,limit_down,1,year,2015,1064,169,0.0,0.0008272490156514536,0.0,-3.258139362635428
DISCOVERY,fresh,F07_idio_activity,limit_down,1,year,2016,811,100,0.004932182490752158,0.0013602949658202722,3.6258183810729605,1.4529238014276236
DISCOVERY,fresh,F07_idio_activity,limit_down,1,year,2017,1059,161,0.0056657223796034,0.0012863695664717069,4.404428188660832,1.9624235254826226
DISCOVERY,fresh,F07_idio_activity,limit_down,1,year,2018,1137,147,0.0043975373790677225,0.0012331276853716903,3.566165475996278,1.2844329167998687
DISCOVERY,fresh,F07_idio_activity,limit_down,1,price_bucket,10-50,2883,779,0.003815469996531391,0.0013798498366892733,2.76513421611586,2.036681827394394
DISCOVERY,fresh,F07_idio_activity,limit_down,1,price_bucket,50-200,1776,673,0.002815315315315315,0.0009429332434386896,2.985699501958825,1.297629253935401
DISCOVERY,fresh,F07_idio_activity,limit_down,1,price_bucket,>200,912,474,0.010964912280701754,0.0011538274732279651,9.503077830194275,2.2445484613559974
DISCOVERY,fresh,F14_turnover_no_range,limit_down,2,year,2013,150,73,0.013333333333333334,0.007161122292407898,1.8619055490043943,0.7470285130546476
DISCOVERY,fresh,F14_turnover_no_range,limit_down,2,year,2014,118,85,0.01694915254237288,0.004255579004270107,3.982807633312851,1.0147103796883181
DISCOVERY,fresh,F14_turnover_no_range,limit_down,2,year,2015,195,114,0.02564102564102564,0.0020317009224128475,12.62047251057718,1.9954626137987024
DISCOVERY,fresh,F14_turnover_no_range,limit_down,2,year,2016,231,139,0.012987012987012988,0.00284680002777877,4.561968828258784,1.2406708268436273
DISCOVERY,fresh,F14_turnover_no_range,limit_down,2,year,2017,209,122,0.004784688995215311,0.002293370940383008,2.086312733349729,0.663039473428958
DISCOVERY,fresh,F14_turnover_no_range,limit_down,2,year,2018,176,112,0.022727272727272728,0.004152199850346579,5.473549816099461,1.6634913207181208
DISCOVERY,fresh,F14_turnover_no_range,limit_down,2,price_bucket,10-50,631,423,0.01584786053882726,0.003631735568274994,4.363715430513762,2.3920719082605646
DISCOVERY,fresh,F14_turnover_no_range,limit_down,2,price_bucket,50-200,263,217,0.0076045627376425855,0.002916334265595746,2.6075758281052646,0.932256676670328
DISCOVERY,fresh,F14_turnover_no_range,limit_down,2,price_bucket,>200,181,168,0.027624309392265192,0.004195456216563981,6.5843398110561395,1.918696785307671
