regime,variant,footprint,outcome,horizon,door_outcome,n_guarded_rows,n_population,n_occurrences,n_no_outcome,n_measured,n_dates,n_hit,n_failed,hit_rate,fail_share,base_sameday,excess_sameday,lift_sameday,t_sameday,base_volmatched,excess_volmatched,lift_volmatched,t_volmatched,p_sameday,fdr10_sameday,p_volmatched,fdr10_volmatched,eligible,lift_vm_vs_ref_volume,lift_vm_vs_ref_moved,pass_prereg,beats_both_refs,tier,status
DISCOVERY,fresh,F08_idio_move,abn_up,2,True,362402,324571,8442,191,8251,918,535,7716,0.06484062537874197,0.9351593746212581,0.027123879623678782,0.03771674575506319,2.390536541171528,10.473056204180294,0.03223159043142108,0.03260903494732089,2.0117103906710065,9.230726823421856,1.1487322617947878e-25,True,2.688016540328947e-20,True,True,1.0452197309105897,1.1203432816967784,True,True,A,"PHASE5_CANDIDATE — DISCOVERY WINDOW ONLY, fresh-door, beats both references, NOT VALIDATED"
DISCOVERY,fresh,F08_idio_move,abn_up,3,True,362402,324571,8442,275,8167,916,625,7542,0.07652748867393168,0.9234725113260683,0.033935441792226274,0.042592046881705405,2.2550903902321418,11.06704499348386,0.04231204945738572,0.03421543921654596,1.8086452832072293,9.094726246459294,1.812800174046698e-28,True,9.482504952962411e-20,True,True,1.0324321590654446,1.0936388139639734,True,True,A,"PHASE5_CANDIDATE — DISCOVERY WINDOW ONLY, fresh-door, beats both references, NOT VALIDATED"
DISCOVERY,fresh,F08_idio_move,abn_down,1,True,362402,349931,12549,122,12427,926,233,12194,0.018749497062847027,0.981250502937153,0.005698595076454382,0.013050901986392645,3.2901964100444223,9.098756616285215,0.005809353244738777,0.012940143818108249,3.227467202106784,9.071256960387286,9.137184911609563e-20,True,1.176518292067368e-19,True,True,1.2756027282248175,1.1434018036915206,True,True,A,"PHASE5_CANDIDATE — DISCOVERY WINDOW ONLY, fresh-door, beats both references, NOT VALIDATED"
DISCOVERY,fresh,F08_idio_move,abn_up,1,True,362402,324571,8442,104,8338,918,381,7957,0.04569441112976733,0.9543055888702326,0.01645119424978168,0.029243216879985653,2.777574104103338,9.261582578524163,0.01684492234748265,0.028849488782284684,2.712651930781743,9.010477595735326,2.014242519170722e-20,True,2.0516106197746611e-19,True,True,1.0966956205024823,1.1796674115708976,True,True,A,"PHASE5_CANDIDATE — DISCOVERY WINDOW ONLY, fresh-door, beats both references, NOT VALIDATED"
DISCOVERY,fresh,F08_idio_move,limit_down,10,True,362402,349931,12549,1005,11544,920,327,11217,0.028326403326403328,0.9716735966735967,0.01548306664245009,0.012843336683953238,1.8295085838318699,6.880549137210028,0.012988302460993308,0.01533810086541002,2.180916514030503,8.12794544980729,5.962227524854437e-12,True,4.3662761482521884e-16,True,True,1.256169262747506,1.1494761797623705,True,True,A,"PHASE5_CANDIDATE — DISCOVERY WINDOW ONLY, fresh-door, beats both references, NOT VALIDATED"
DISCOVERY,fresh,F08_idio_move,abn_down,10,True,362402,349931,12549,1005,11544,920,498,11046,0.04313929313929314,0.9568607068607069,0.022355205948991323,0.02078408719030182,1.9297202288239088,9.60334593809567,0.026731558168771527,0.016407734970521615,1.6137964299323764,7.9425240312761245,7.739048161249107e-22,True,1.981079577721312e-15,True,True,1.080891070945271,1.0796649943582097,True,True,A,"PHASE5_CANDIDATE — DISCOVERY WINDOW ONLY, fresh-door, beats both references, NOT VALIDATED"
DISCOVERY,fresh,F07_idio_activity,abn_down,2,True,362402,349931,5654,127,5527,845,160,5367,0.02894879681563235,0.9710512031843677,0.01020448835064692,0.018744308464985426,2.836869014975858,6.906560833205131,0.00881175643687989,0.02013704037875246,3.2852470472825144,7.574650399633883,4.965440616853279e-12,True,3.600960063959103e-14,True,True,1.1830153872873568,1.4628479482514039,True,True,A,"PHASE5_CANDIDATE — DISCOVERY WINDOW ONLY, fresh-door, beats both references, NOT VALIDATED"
DISCOVERY,fresh,F08_idio_move,limit_up,5,True,362402,324571,8442,405,8037,915,369,7668,0.04591265397536394,0.9540873460246361,0.028894058201379726,0.017018595773984214,1.5889998440292321,5.48111144920568,0.023657073103505177,0.022255580871858763,1.9407580039375725,7.2624376818273495,4.22662112283072e-08,True,3.80175685978495e-13,True,True,1.1934515120332907,1.0899516947716728,True,True,A,"PHASE5_CANDIDATE — DISCOVERY WINDOW ONLY, fresh-door, beats both references, NOT VALIDATED"
DISCOVERY,fresh,F17_abnormal_volume_persistent,abn_down,3,True,362402,349931,8605,229,8376,1270,216,8160,0.025787965616045846,0.9742120343839542,0.010517382503489832,0.015270583112556014,2.4519376002050888,6.140709358050224,0.008447717456017443,0.017340248160028403,3.0526548443777166,7.256905167645881,8.215377886718326e-10,True,3.960471607877953e-13,True,True,1.2115004604863693,1.542970173325183,True,True,A,"PHASE5_CANDIDATE — DISCOVERY WINDOW ONLY, fresh-door, beats both references, NOT VALIDATED"
DISCOVERY,fresh,F17_abnormal_volume_persistent,abn_down,2,True,362402,349931,8605,150,8455,1276,198,8257,0.023418095801301005,0.976581904198699,0.008319471012132902,0.015098624789168102,2.8148539452987644,6.55175265808315,0.007392580069207316,0.01602551573209369,3.1677838565246756,7.188670358328973,5.686567457972755e-11,True,6.542531845216871e-13,True,True,1.1407169664665122,1.4105441838397434,True,True,A,"PHASE5_CANDIDATE — DISCOVERY WINDOW ONLY, fresh-door, beats both references, NOT VALIDATED"
DISCOVERY,fresh,F08_idio_move,limit_up,2,True,362402,324571,8442,191,8251,918,233,8018,0.028239001333171736,0.9717609986668283,0.012398555759679965,0.01584044557349177,2.2776040920027807,6.023523459429464,0.010102961089704179,0.018136040243467558,2.7951212602362494,7.079022696564808,1.7066036007813862e-09,True,1.4517461008475327e-12,True,True,1.3634122405471003,1.1687515269841686,True,True,A,"PHASE5_CANDIDATE — DISCOVERY WINDOW ONLY, fresh-door, beats both references, NOT VALIDATED"
DISCOVERY,fresh,F08_idio_move,limit_up,10,True,362402,324571,8442,746,7696,910,552,7144,0.07172557172557173,0.9282744282744283,0.05338816754657787,0.018337404178993863,1.343473189316633,4.470421613326803,0.04408430737591551,0.02764126434965622,1.6270091557513595,7.038879694774176,7.806555210222022e-06,True,1.9379159524485653e-12,True,True,1.1999213105250432,1.0277706873096712,True,True,A,"PHASE5_CANDIDATE — DISCOVERY WINDOW ONLY, fresh-door, beats both references, NOT VALIDATED"
DISCOVERY,fresh,F07_idio_activity,abn_down,3,True,362402,349931,5654,186,5468,844,178,5290,0.032553035844915874,0.9674469641550841,0.013432965498395575,0.0191200703465203,2.423369273806591,6.101929253262972,0.011286738163546813,0.021266297681369062,2.884184551215478,7.036746893446092,1.04795761809102e-09,True,1.9677982805812364e-12,True,True,1.1446400232115055,1.4578165445356586,True,True,A,"PHASE5_CANDIDATE — DISCOVERY WINDOW ONLY, fresh-door, beats both references, NOT VALIDATED"
DISCOVERY,fresh,F08_idio_move,limit_up,3,True,362402,324571,8442,275,8167,916,281,7886,0.03440675890779968,0.9655932410922003,0.018044695902165658,0.01636206300563402,1.9067519394256074,5.677785639215301,0.014623679812220909,0.01978307909557877,2.3528112861884587,7.0364463240260555,1.3644955561572752e-08,True,1.9720456825403525e-12,True,True,1.282674170946393,1.1060917483120447,True,True,A,"PHASE5_CANDIDATE — DISCOVERY WINDOW ONLY, fresh-door, beats both references, NOT VALIDATED"
DISCOVERY,fresh,F12_accumulation_proxy,limit_down,10,True,362402,349931,1482,63,1419,714,102,1317,0.07188160676532769,0.9281183932346723,0.012849130565478864,0.059032476199848825,5.594277869543059,7.177817725362747,0.01677537396525946,0.05510623280006823,4.284948097979163,7.001816250514197,7.083290675379116e-13,True,2.5266532666123626e-12,True,True,2.4680541682919874,2.258429306421509,True,True,A,"PHASE5_CANDIDATE — DISCOVERY WINDOW ONLY, fresh-door, beats both references, NOT VALIDATED"
DISCOVERY,fresh,F08_idio_move,limit_down,5,True,362402,349931,12549,517,12032,923,198,11834,0.016456117021276594,0.9835438829787234,0.008259698396758285,0.008196418624518309,1.9923387308833442,6.007792551498406,0.006933647592061246,0.00952246942921535,2.373370841650245,6.8481150487618585,1.8806625604340124e-09,True,7.482937775146637e-12,True,True,1.1235606066367336,1.134396577613393,True,True,A,"PHASE5_CANDIDATE — DISCOVERY WINDOW ONLY, fresh-door, beats both references, NOT VALIDATED"
DISCOVERY,fresh,F07_idio_activity,abn_up,5,True,362402,324571,3241,211,3030,787,199,2831,0.06567656765676567,0.9343234323432343,0.033626885401039634,0.03204968225572604,1.9530969601703037,6.3697807462633325,0.034406122324634414,0.03127044533213126,1.9088628191541934,6.547217271245313,1.8929861384719014e-10,True,5.86190524182671e-11,True,True,1.1928059433542637,1.249701318650582,True,True,A,"PHASE5_CANDIDATE — DISCOVERY WINDOW ONLY, fresh-door, beats both references, NOT VALIDATED"
DISCOVERY,fresh,F07_idio_activity,abn_up,3,True,362402,324571,3241,145,3096,790,181,2915,0.058462532299741604,0.9415374677002584,0.0277981133185415,0.030664418981200103,2.1031115180304973,6.333916716855629,0.02800756576962549,0.030454966530116114,2.0873835584506546,6.456998088060819,2.3901456322964505e-10,True,1.0680024643278898e-10,True,True,1.1915448175815673,1.2621842991256738,True,True,A,"PHASE5_CANDIDATE — DISCOVERY WINDOW ONLY, fresh-door, beats both references, NOT VALIDATED"
DISCOVERY,fresh,F07_idio_activity,limit_down,10,True,362402,349931,5654,608,5046,824,167,4879,0.03309552120491478,0.9669044787950852,0.013081238733585252,0.020014282471329532,2.5299990221831306,6.860250749611998,0.014558497826931046,0.018537023377983734,2.2732785757396625,6.428815322566508,6.873978201982456e-12,True,1.2860225270016187e-10,True,True,1.3093681734883011,1.1981566263385737,True,True,A,"PHASE5_CANDIDATE — DISCOVERY WINDOW ONLY, fresh-door, beats both references, NOT VALIDATED"
DISCOVERY,fresh,F07_idio_activity,abn_up,1,True,362402,324571,3241,68,3173,795,115,3058,0.036243302867948315,0.9637566971320517,0.012501507175564692,0.023741795692383626,2.899114671452501,6.302246199632618,0.0123568260612378,0.023886476806710515,2.933059240968046,6.423034127878679,2.933626764803045e-10,True,1.3358452794023545e-10,True,True,1.1858038946106133,1.275517276475552,True,True,A,"PHASE5_CANDIDATE — DISCOVERY WINDOW ONLY, fresh-door, beats both references, NOT VALIDATED"
DISCOVERY,fresh,F07_idio_activity,limit_down,5,True,362402,349931,5654,294,5360,840,121,5239,0.022574626865671642,0.9774253731343283,0.00697307211912543,0.015601554746546212,3.237400457074718,6.64517679305735,0.007902931297250507,0.014671695568421135,2.8564878039020196,6.37323621075559,3.028533352283135e-11,True,1.8508048796107212e-10,True,True,1.3522695709748451,1.365311282954732,True,True,A,"PHASE5_CANDIDATE — DISCOVERY WINDOW ONLY, fresh-door, beats both references, NOT VALIDATED"
DISCOVERY,fresh,F14_turnover_no_range,limit_down,10,True,362402,349931,1141,181,960,590,62,898,0.06458333333333334,0.9354166666666667,0.011836210698726734,0.052747122634606604,5.45641970874013,6.4014253773873975,0.013869554971482052,0.050713778361851286,4.656482018790556,6.326050508991771,1.5393304407943863e-10,True,2.5151551819832197e-10,True,True,2.6820511225031427,2.454250370271935,True,True,A,"PHASE5_CANDIDATE — DISCOVERY WINDOW ONLY, fresh-door, beats both references, NOT VALIDATED"
DISCOVERY,fresh,F07_idio_activity,abn_up,10,True,362402,324571,3241,395,2846,773,209,2637,0.07343640196767393,0.9265635980323261,0.03968843620273938,0.033747965764934544,1.8503223859096063,6.047790256879928,0.040602792964769666,0.03283360900290426,1.8086539522390346,6.176697130779027,1.4684595328164043e-09,True,6.545646733591265e-10,True,True,1.3265300463243808,1.332720609802204,True,True,A,"PHASE5_CANDIDATE — DISCOVERY WINDOW ONLY, fresh-door, beats both references, NOT VALIDATED"
DISCOVERY,fresh,F17_abnormal_volume_persistent,abn_down,5,True,362402,349931,8605,386,8219,1265,198,8021,0.02409052196130916,0.9759094780386909,0.013651578282421806,0.010438943678887355,1.7646693637122428,3.9692258425081213,0.01016443448951636,0.013926087471792801,2.3700799081499544,6.115334764830312,7.210651603664311e-05,True,9.635447536217485e-10,True,True,1.1418249250163757,1.358436846766997,True,True,A,"PHASE5_CANDIDATE — DISCOVERY WINDOW ONLY, fresh-door, beats both references, NOT VALIDATED"
DISCOVERY,fresh,F07_idio_activity,abn_down,5,True,362402,349931,5654,294,5360,840,177,5183,0.033022388059701493,0.9669776119402985,0.01874254323372799,0.014279844825973505,1.7618947251660237,4.899069900530528,0.01586745224197477,0.017154935817726723,2.0811399055196853,6.063257373097605,9.629138589909712e-07,True,1.3339194853370008e-09,True,True,1.0026233328240401,1.1928277697362166,True,True,A,"PHASE5_CANDIDATE — DISCOVERY WINDOW ONLY, fresh-door, beats both references, NOT VALIDATED"
DISCOVERY,fresh,F07_idio_activity,abn_up,2,True,362402,324571,3241,109,3132,792,152,2980,0.04853128991060025,0.9514687100893997,0.021918954056607962,0.02661233585399229,2.2141243503345636,5.871140285472861,0.022103291280205783,0.02642799863039447,2.1956589765462486,5.995435153205919,4.328078303290118e-09,True,2.029412674382973e-09,True,True,1.140793473692608,1.2227862393504447,True,True,A,"PHASE5_CANDIDATE — DISCOVERY WINDOW ONLY, fresh-door, beats both references, NOT VALIDATED"
DISCOVERY,fresh,F08_idio_move,run20,10,True,362402,324571,8442,746,7696,910,336,7360,0.04365904365904366,0.9563409563409564,0.03268563552404591,0.010973408134997753,1.335725708222039,3.8791147324977513,0.02630509392003734,0.017353949739006322,1.6597182200435834,5.935766839795232,0.00010483730184395272,True,2.924752063109579e-09,True,True,1.173713760468379,1.1433741903579255,True,True,A,"PHASE5_CANDIDATE — DISCOVERY WINDOW ONLY, fresh-door, beats both references, NOT VALIDATED"
DISCOVERY,fresh,F17_abnormal_volume_persistent,abn_down,1,True,362402,349931,8605,85,8520,1277,143,8377,0.016784037558685447,0.9832159624413146,0.004723210240594875,0.012060827318090571,3.5535232826247314,5.864826716133009,0.005100710945607652,0.011683326613077794,3.2905290532369014,5.794834223128425,4.4960198545982796e-09,True,6.83887004934292e-09,True,True,1.3005268759577442,1.1657428624261328,True,True,A,"PHASE5_CANDIDATE — DISCOVERY WINDOW ONLY, fresh-door, beats both references, NOT VALIDATED"
DISCOVERY,fresh,F08_idio_move,limit_up,1,True,362402,324571,8442,104,8338,918,161,8177,0.019309186855360996,0.980690813144639,0.006856280850619489,0.012452906004741507,2.8162771152550357,5.2231551011684,0.005632108970400011,0.013677077884960986,3.4284114453115055,5.708828688203855,1.7589993456688107e-07,True,1.1375631837211862e-08,True,True,1.4289392627289819,1.1446194992327323,True,True,A,"PHASE5_CANDIDATE — DISCOVERY WINDOW ONLY, fresh-door, beats both references, NOT VALIDATED"
DISCOVERY,fresh,F14_turnover_no_range,limit_down,5,True,362402,349931,1141,109,1032,624,42,990,0.040697674418604654,0.9593023255813954,0.005975734873908995,0.03472193954469566,6.810488630661501,5.454684803329709,0.007305749411174876,0.03339192500742978,5.570636512163076,5.350808480952108,4.9059789398775104e-08,True,8.756215250427765e-08,True,True,2.63715540324357,2.662588957287466,True,True,A,"PHASE5_CANDIDATE — DISCOVERY WINDOW ONLY, fresh-door, beats both references, NOT VALIDATED"
DISCOVERY,fresh,F07_idio_activity,limit_down,3,True,362402,349931,5654,186,5468,844,76,5392,0.013899049012435992,0.986100950987564,0.0038452483094853786,0.010053800702950613,3.614603763858398,5.4158850553121045,0.004468530189657544,0.009430518822778448,3.1104296989210174,5.208354786110496,6.098627240275289e-08,True,1.90522369808817e-07,True,True,1.3858539983021925,1.4534141946327377,True,True,A,"PHASE5_CANDIDATE — DISCOVERY WINDOW ONLY, fresh-door, beats both references, NOT VALIDATED"
DISCOVERY,fresh,F12_accumulation_proxy,limit_down,5,True,362402,349931,1482,40,1442,725,54,1388,0.03744798890429958,0.9625520110957004,0.0063849557986342745,0.031063033105665307,5.865034948606787,5.434417136328956,0.008958382484673129,0.028489606419626452,4.180217686437171,5.142621415514052,5.497583718511018e-08,True,2.7093123435860943e-07,True,True,1.9789271180146613,1.9980125119747796,True,True,A,"PHASE5_CANDIDATE — DISCOVERY WINDOW ONLY, fresh-door, beats both references, NOT VALIDATED"
DISCOVERY,fresh,F08_idio_move,limit_down,3,True,362402,349931,12549,329,12220,925,115,12105,0.009410801963993453,0.9905891980360065,0.004938491244011328,0.0044723107199821244,1.9056026423870815,4.379591099680124,0.003965688958963963,0.0054451130050294895,2.373055996416831,5.136127469387807,1.1890220730451342e-05,True,2.8045746779397944e-07,True,True,1.057316660129012,1.1088607053382364,True,True,A,"PHASE5_CANDIDATE — DISCOVERY WINDOW ONLY, fresh-door, beats both references, NOT VALIDATED"
DISCOVERY,fresh,F07_idio_activity,limit_up,3,True,362402,324571,3241,145,3096,790,113,2983,0.03649870801033592,0.963501291989664,0.01555766879923449,0.02094103921110143,2.3460268039728307,5.33604798799067,0.016825108855788036,0.01967359915454788,2.1692999625247555,5.124652624441617,9.499427049871445e-08,True,2.980868040351536e-07,True,True,1.1826299233174475,1.0198203324880113,True,True,A,"PHASE5_CANDIDATE — DISCOVERY WINDOW ONLY, fresh-door, beats both references, NOT VALIDATED"
DISCOVERY,fresh,F07_idio_activity,limit_up,2,True,362402,324571,3241,109,3132,792,92,3040,0.02937420178799489,0.9706257982120051,0.010215900393918655,0.019158301394076236,2.8753414437635705,5.369263566734471,0.011462238028005306,0.017911963759989585,2.562693403873299,5.094056237258516,7.905880774546546e-08,True,3.5048272860118327e-07,True,True,1.2500379161778654,1.0715641827703812,True,True,A,"PHASE5_CANDIDATE — DISCOVERY WINDOW ONLY, fresh-door, beats both references, NOT VALIDATED"
DISCOVERY,fresh,F07_idio_activity,abn_down,1,True,362402,349931,5654,75,5579,847,85,5494,0.015235705323534684,0.9847642946764653,0.005070540605963831,0.010165164717570853,3.004749691899689,4.9699309101904054,0.00514214764454136,0.010093557678993323,2.9629070140971403,5.054381440836992,6.697676307764602e-07,True,4.3178788177503675e-07,True,True,1.171039714421151,1.0496754922489957,True,True,A,"PHASE5_CANDIDATE — DISCOVERY WINDOW ONLY, fresh-door, beats both references, NOT VALIDATED"
DISCOVERY,fresh,F07_idio_activity,run20,10,True,362402,324571,3241,395,2846,773,152,2694,0.05340829234012649,0.9465917076598735,0.02838357799209148,0.025024714348035014,1.8816617254881556,5.07747298083577,0.029277782977995766,0.024130509362130726,1.8241918242329493,4.905352203790286,3.8248787801074796e-07,True,9.325984189726462e-07,True,True,1.2900256320497003,1.2566794922785902,True,True,A,"PHASE5_CANDIDATE — DISCOVERY WINDOW ONLY, fresh-door, beats both references, NOT VALIDATED"
DISCOVERY,fresh,F07_idio_activity,limit_up,5,True,362402,324571,3241,211,3030,787,150,2880,0.04950495049504951,0.9504950495049505,0.02553544783936318,0.02396950265568633,1.9386756326527812,5.260713551443538,0.02749273681929114,0.02201221367575837,1.800655599347709,4.892640814374913,1.4349743585748011e-07,True,9.949188330085127e-07,True,True,1.1072968104898566,1.0112685962016872,True,True,A,"PHASE5_CANDIDATE — DISCOVERY WINDOW ONLY, fresh-door, beats both references, NOT VALIDATED"
DISCOVERY,fresh,F07_idio_activity,limit_down,2,True,362402,349931,5654,127,5527,845,56,5471,0.010132078885471322,0.9898679211145287,0.0025634438327792448,0.007568635052692077,3.9525261899287587,4.982392553706867,0.0029259857440521856,0.007206093141419137,3.4627916099958327,4.834098171648212,6.280286463687259e-07,True,1.3375057361138041e-06,True,True,1.3725914475955183,1.5263143246489892,True,True,A,"PHASE5_CANDIDATE — DISCOVERY WINDOW ONLY, fresh-door, beats both references, NOT VALIDATED"
DISCOVERY,fresh,F07_idio_activity,limit_up,1,True,362402,324571,3241,68,3173,795,62,3111,0.019539867633154743,0.9804601323668453,0.005055232433710676,0.014484635199444068,3.865275808655935,4.906076735134861,0.00584994825870268,0.013689919374452063,3.3401778561179998,4.6697509551021605,9.291618546548968e-07,True,3.0156510125620504e-06,True,True,1.3921640850989687,1.1151615743922672,True,True,A,"PHASE5_CANDIDATE — DISCOVERY WINDOW ONLY, fresh-door, beats both references, NOT VALIDATED"
DISCOVERY,fresh,F08_idio_move,limit_down,2,True,362402,349931,12549,216,12333,926,89,12244,0.007216411254358226,0.9927835887456418,0.003516371160909824,0.003700040093448402,2.052232521578028,4.100280581182343,0.0028238156259101396,0.004392595628448086,2.5555532691807086,4.6576852336869745,4.126495234358903e-05,True,3.1978465204404655e-06,True,True,1.0129776654843026,1.126425728563771,True,True,A,"PHASE5_CANDIDATE — DISCOVERY WINDOW ONLY, fresh-door, beats both references, NOT VALIDATED"
DISCOVERY,fresh,F07_idio_activity,run20,5,True,362402,324571,3241,211,3030,787,75,2955,0.024752475247524754,0.9752475247524752,0.00909042114966744,0.015662054097857314,2.7229184258894636,4.87365696225268,0.00999117379580387,0.014761301451720884,2.4774341587292166,4.5851926578085385,1.095511505548357e-06,True,4.535680117868229e-06,True,True,1.4803841432165428,1.4070226689669811,True,True,A,"PHASE5_CANDIDATE — DISCOVERY WINDOW ONLY, fresh-door, beats both references, NOT VALIDATED"
DISCOVERY,fresh,F08_idio_move,run20,5,True,362402,324571,8442,405,8037,915,141,7896,0.017543859649122806,0.9824561403508771,0.009836488635849329,0.007707371013273477,1.7835490182120244,3.700302870874906,0.007788808913184445,0.00975505073593836,2.2524444808789155,4.580268868156179,0.00021534230393255324,True,4.6437855825319374e-06,True,True,1.3459421640812304,1.2792430563772637,True,True,A,"PHASE5_CANDIDATE — DISCOVERY WINDOW ONLY, fresh-door, beats both references, NOT VALIDATED"
DISCOVERY,fresh,F04_absorption_persistent,abn_down,3,True,362402,349931,1468,29,1439,771,56,1383,0.03891591382904795,0.9610840861709521,0.0106983972842465,0.028217516544801452,3.6375461478096383,4.47148127314326,0.012751710784477139,0.026164203044570813,3.0518190450508738,4.269280922531442,7.767966312217733e-06,True,1.9610415539216707e-05,True,True,1.2111687586330762,1.5425477169722879,True,True,A,"PHASE5_CANDIDATE — DISCOVERY WINDOW ONLY, fresh-door, beats both references, NOT VALIDATED"
DISCOVERY,fresh,F07_idio_activity,abn_down,10,True,362402,349931,5654,608,5046,824,163,4883,0.03230281411018628,0.9676971858898137,0.023652608169550827,0.008650205940635456,1.3657189041744366,2.6622635448155827,0.019784889625480747,0.012517924484705536,1.6327012544251869,4.10172190686062,0.007761708122857096,True,4.100869600328443e-05,True,True,1.093553173558128,1.0923127340921663,True,True,A,"PHASE5_CANDIDATE — DISCOVERY WINDOW ONLY, fresh-door, beats both references, NOT VALIDATED"
DISCOVERY,fresh,F09_idio_quiet_volume,abn_down,2,True,362402,349931,2045,79,1966,699,45,1921,0.02288911495422177,0.9771108850457783,0.010350327439688249,0.01253878751453352,2.2114387286390227,3.276410074242545,0.007843960647011915,0.015045154307209855,2.9180558118864566,4.012472300090213,0.0010513578722029725,True,6.0086131443527246e-05,True,True,1.0507900552807699,1.2993458013552257,True,True,A,"PHASE5_CANDIDATE — DISCOVERY WINDOW ONLY, fresh-door, beats both references, NOT VALIDATED"
DISCOVERY,fresh,F03_absorption,abn_down,1,True,362402,349931,3064,46,3018,1065,65,2953,0.021537442014579192,0.9784625579854208,0.006335146717973032,0.01520229529660616,3.3996753308769816,4.088569897978406,0.006992541023251453,0.014544900991327738,3.080059443764911,4.000194447966016,4.340407656377707e-05,True,6.329045787142778e-05,True,True,1.2173422636166393,1.0911793375248,True,True,A,"PHASE5_CANDIDATE — DISCOVERY WINDOW ONLY, fresh-door, beats both references, NOT VALIDATED"
DISCOVERY,fresh,F04_absorption_persistent,abn_down,5,True,362402,349931,1468,52,1416,761,57,1359,0.04025423728813559,0.9597457627118644,0.013585286355929942,0.02666895093220565,2.9630760981762245,4.280219326520157,0.016100499854926006,0.024153737433209584,2.5001855626128067,3.915367712303901,1.8670922036643897e-05,True,9.026652781069126e-05,True,True,1.204505461077801,1.4330083050487703,True,True,A,"PHASE5_CANDIDATE — DISCOVERY WINDOW ONLY, fresh-door, beats both references, NOT VALIDATED"
DISCOVERY,fresh,F14_turnover_no_range,limit_down,3,True,362402,349931,1141,84,1057,635,24,1033,0.02270577105014191,0.9772942289498581,0.0037331696045721555,0.018972601445569757,6.082169698996072,4.053957958752789,0.0048963413108397795,0.01780942973930213,4.637293360222801,3.8947092052406522,5.035827041772229e-05,True,9.831660604206903e-05,True,True,2.066149106920602,2.166873598449109,True,True,A,"PHASE5_CANDIDATE — DISCOVERY WINDOW ONLY, fresh-door, beats both references, NOT VALIDATED"
DISCOVERY,fresh,F17_abnormal_volume_persistent,limit_down,1,True,362402,349931,8605,85,8520,1277,46,8474,0.00539906103286385,0.9946009389671362,0.0013999884450255136,0.003999072587838336,3.8565039961922376,4.347046868942821,0.00197085684684378,0.00342820418602007,2.7394486015106336,3.813135265985406,1.3798274270226794e-05,True,0.0001372149641857245,True,True,1.0247819367573376,1.021257997881318,True,True,A,"PHASE5_CANDIDATE — DISCOVERY WINDOW ONLY, fresh-door, beats both references, NOT VALIDATED"
DISCOVERY,fresh,F12_accumulation_proxy,limit_down,3,True,362402,349931,1482,22,1460,733,33,1427,0.022602739726027398,0.9773972602739726,0.0040582089242676535,0.018544530801759745,5.5696343258390275,4.060818610842259,0.005846938144590363,0.016755801581437035,3.865739497678737,3.7422060841271323,4.890095367411506e-05,True,0.00018241182320503772,True,True,1.722382775958964,1.8063487050125984,True,True,A,"PHASE5_CANDIDATE — DISCOVERY WINDOW ONLY, fresh-door, beats both references, NOT VALIDATED"
DISCOVERY,fresh,F08_idio_move,limit_down,1,True,362402,349931,12549,122,12427,926,44,12383,0.0035406775569324857,0.9964593224430676,0.0017317209288886743,0.0018089566280438114,2.0446005461195775,2.936993769423961,0.0012864710160734299,0.002254206540859056,2.7522404412493886,3.6494458465950053,0.003314107621244258,True,0.0002628066331670093,True,True,1.029567150210491,1.0260267563218364,True,True,A,"PHASE5_CANDIDATE — DISCOVERY WINDOW ONLY, fresh-door, beats both references, NOT VALIDATED"
DISCOVERY,fresh,F12_accumulation_proxy,abn_down,10,True,362402,349931,1482,63,1419,714,41,1378,0.028893587033121917,0.971106412966878,0.01645952111674629,0.012434065916375626,1.7554330304133166,2.8866945298977655,0.014810764595334128,0.014082822437787789,1.9508504673839955,3.6408373431054617,0.00389312001117779,True,0.0002717527873058119,True,True,1.3066436458984665,1.305161493603076,True,True,A,"PHASE5_CANDIDATE — DISCOVERY WINDOW ONLY, fresh-door, beats both references, NOT VALIDATED"
DISCOVERY,fresh,F14_turnover_no_range,abn_up,1,True,362402,324571,806,33,773,507,32,741,0.04139715394566624,0.9586028460543338,0.014804219157303757,0.02659293478836248,2.796307829936622,3.5359199873017193,0.014770759512821356,0.026626394432844883,2.8026422006080707,3.5931087839816653,0.0004063577499031934,True,0.00032675609022876146,True,True,1.1330777061237396,1.2188020264722637,True,True,A,"PHASE5_CANDIDATE — DISCOVERY WINDOW ONLY, fresh-door, beats both references, NOT VALIDATED"
DISCOVERY,fresh,F12_accumulation_proxy,limit_down,2,True,362402,349931,1482,12,1470,738,26,1444,0.017687074829931974,0.9823129251700681,0.0028396697459755972,0.014847405083956378,6.228567549095538,3.8017753236019027,0.004261438545359274,0.0134256362845727,4.150493933367473,3.5389325262633364,0.00014366297657929602,True,0.0004017485271114602,True,True,1.6451849022021088,1.8294367834843879,True,True,A,"PHASE5_CANDIDATE — DISCOVERY WINDOW ONLY, fresh-door, beats both references, NOT VALIDATED"
DISCOVERY,fresh,F04_absorption_persistent,abn_down,2,True,362402,349931,1468,19,1449,778,42,1407,0.028985507246376812,0.9710144927536232,0.008373789767054728,0.020611717479322084,3.461456288336188,3.738888603721804,0.009790097034475791,0.01919541021190102,2.9606966247938558,3.4887892256224924,0.0001848356030683203,True,0.0004852135841843316,True,True,1.0661449850835745,1.3183328135267935,True,True,A,"PHASE5_CANDIDATE — DISCOVERY WINDOW ONLY, fresh-door, beats both references, NOT VALIDATED"
DISCOVERY,fresh,F08_idio_move,run20,3,True,362402,324571,8442,275,8167,916,71,8096,0.008693522713358638,0.9913064772866413,0.0035269482938717523,0.005166574419486886,2.4648852177572507,2.8815069502324797,0.002743312920694906,0.005950209792663732,3.1689869018502232,3.4135016918364403,0.003957785058918295,True,0.0006413376034002246,True,True,1.613127737978076,1.3819402354369874,True,True,A,"PHASE5_CANDIDATE — DISCOVERY WINDOW ONLY, fresh-door, beats both references, NOT VALIDATED"
DISCOVERY,fresh,F14_turnover_no_range,abn_up,2,True,362402,324571,806,52,754,500,39,715,0.05172413793103448,0.9482758620689655,0.02493059225037781,0.026793545680656672,2.0747255986367765,3.2430857412142102,0.024051773368653887,0.027672364562380595,2.150533232549303,3.408488426830887,0.001182426217490636,True,0.0006532385603914347,True,True,1.1173475948939728,1.1976552242933105,True,True,A,"PHASE5_CANDIDATE — DISCOVERY WINDOW ONLY, fresh-door, beats both references, NOT VALIDATED"
DISCOVERY,fresh,F03_absorption,limit_down,10,True,362402,349931,3064,276,2788,1008,63,2725,0.02259684361549498,0.977403156384505,0.013155499407550933,0.009441344207944046,1.7176728085689357,2.7424855870765827,0.01154209234520967,0.01105475127028531,1.9577770597956945,3.2977637620382785,0.00609761258019322,True,0.0009745809231811315,True,True,1.1276448914968145,1.0318680614515654,True,True,A,"PHASE5_CANDIDATE — DISCOVERY WINDOW ONLY, fresh-door, beats both references, NOT VALIDATED"
DISCOVERY,fresh,F12_accumulation_proxy,limit_up,10,True,362402,324571,1044,28,1016,473,78,938,0.07677165354330709,0.9232283464566929,0.04876917626913683,0.02800247727417026,1.574183929612348,3.177856813424662,0.04569386881571657,0.03107778472759052,1.680130300477013,3.2963320599339445,0.0014836800338342063,True,0.0009795616026680206,True,True,1.239098221958194,1.0613269554058693,True,True,A,"PHASE5_CANDIDATE — DISCOVERY WINDOW ONLY, fresh-door, beats both references, NOT VALIDATED"
DISCOVERY,fresh,F04_absorption_persistent,abn_down,1,True,362402,349931,1468,9,1459,784,28,1431,0.019191226867717615,0.9808087731322824,0.004578683750573892,0.014612543117143724,4.1914287845960505,3.2990116085739096,0.005024713425008744,0.014166513442708872,3.8193674433650355,3.2203464288320154,0.0009702589882609801,True,0.0012803577125600491,True,True,1.5095414533319527,1.3530955855581035,True,True,A,"PHASE5_CANDIDATE — DISCOVERY WINDOW ONLY, fresh-door, beats both references, NOT VALIDATED"
DISCOVERY,fresh,F07_idio_activity,limit_down,1,True,362402,349931,5654,75,5579,847,26,5553,0.004660333393081197,0.9953396666069187,0.0011287126827067518,0.003531620710374445,4.128892555637197,3.220278908169942,0.0012055709819751793,0.0034547624111060174,3.8656648698078446,3.1842874181331338,0.0012806593394357239,True,0.0014511085129283291,True,True,1.4460806200021372,1.4411079526161286,True,True,A,"PHASE5_CANDIDATE — DISCOVERY WINDOW ONLY, fresh-door, beats both references, NOT VALIDATED"
DISCOVERY,fresh,F14_turnover_no_range,limit_down,2,True,362402,349931,1141,62,1079,645,17,1062,0.015755329008341055,0.9842446709916589,0.002609384809217533,0.013145944199123523,6.037947700425814,3.359984756089733,0.0035590554706705336,0.012196273537670521,4.4268287297507944,3.1657834605489734,0.0007794677324539145,True,0.0015466588391565485,True,True,1.7547192955204673,1.951238441112677,True,True,A,"PHASE5_CANDIDATE — DISCOVERY WINDOW ONLY, fresh-door, beats both references, NOT VALIDATED"
