row,symbol,ts,code,detail
370755,ICBSONALI1,2018-09-05,NONPOS_PRICE,price <= 0
509688,MONNOCERA,2018-09-20,NONPOS_PRICE,price <= 0
800838,TAKAFULINS,2018-09-05,NONPOS_PRICE,price <= 0
191827,CONTININS,2018-07-24,OHLC_INCONSISTENT,"high < max(open,close) or low > min(open,close) or high < low"
202697,DACCADYE,2018-07-24,OHLC_INCONSISTENT,"high < max(open,close) or low > min(open,close) or high < low"
215917,DESCO,2018-07-24,OHLC_INCONSISTENT,"high < max(open,close) or low > min(open,close) or high < low"
225059,DHAKAINS,2018-07-24,OHLC_INCONSISTENT,"high < max(open,close) or low > min(open,close) or high < low"
232604,DSSL,2018-07-24,OHLC_INCONSISTENT,"high < max(open,close) or low > min(open,close) or high < low"
235141,DULAMIACOT,2018-07-24,OHLC_INCONSISTENT,"high < max(open,close) or low > min(open,close) or high < low"
277578,FAREASTLIF,2018-07-24,OHLC_INCONSISTENT,"high < max(open,close) or low > min(open,close) or high < low"
292923,FIRSTFIN,2018-07-24,OHLC_INCONSISTENT,"high < max(open,close) or low > min(open,close) or high < low"
305173,GBBPOWER,2018-07-24,OHLC_INCONSISTENT,"high < max(open,close) or low > min(open,close) or high < low"
317183,GHCL,2018-07-24,OHLC_INCONSISTENT,"high < max(open,close) or low > min(open,close) or high < low"
320359,GLOBALINS,2018-07-24,OHLC_INCONSISTENT,"high < max(open,close) or low > min(open,close) or high < low"
341877,HAKKANIPUL,2018-07-24,OHLC_INCONSISTENT,"high < max(open,close) or low > min(open,close) or high < low"
344561,HEIDELBCEM,2018-07-24,OHLC_INCONSISTENT,"high < max(open,close) or low > min(open,close) or high < low"
354676,IBNSINA,2018-07-24,OHLC_INCONSISTENT,"high < max(open,close) or low > min(open,close) or high < low"
365881,ICBAMCL2ND,2018-07-24,OHLC_INCONSISTENT,"high < max(open,close) or low > min(open,close) or high < low"
370755,ICBSONALI1,2018-09-05,OHLC_INCONSISTENT,"high < max(open,close) or low > min(open,close) or high < low"
383935,IMAMBUTTON,2018-07-24,OHLC_INCONSISTENT,"high < max(open,close) or low > min(open,close) or high < low"
399996,ISLAMIINS,2018-07-24,OHLC_INCONSISTENT,"high < max(open,close) or low > min(open,close) or high < low"
404606,ITC,2018-07-24,OHLC_INCONSISTENT,"high < max(open,close) or low > min(open,close) or high < low"
412708,JANATAINS,2018-07-24,OHLC_INCONSISTENT,"high < max(open,close) or low > min(open,close) or high < low"
416130,JMISMDL,2018-07-24,OHLC_INCONSISTENT,"high < max(open,close) or low > min(open,close) or high < low"
421320,KARNAPHULI,2018-07-24,OHLC_INCONSISTENT,"high < max(open,close) or low > min(open,close) or high < low"
423965,KAY&QUE,2018-07-24,OHLC_INCONSISTENT,"high < max(open,close) or low > min(open,close) or high < low"
438987,KPPL,2018-07-24,OHLC_INCONSISTENT,"high < max(open,close) or low > min(open,close) or high < low"
470976,MEGCONMILK,2018-07-24,OHLC_INCONSISTENT,"high < max(open,close) or low > min(open,close) or high < low"
477135,MEGHNALIFE,2018-07-24,OHLC_INCONSISTENT,"high < max(open,close) or low > min(open,close) or high < low"
479712,MEGHNAPET,2018-07-24,OHLC_INCONSISTENT,"high < max(open,close) or low > min(open,close) or high < low"
492599,MIDASFIN,2018-07-24,OHLC_INCONSISTENT,"high < max(open,close) or low > min(open,close) or high < low"
517602,MTB,2018-07-24,OHLC_INCONSISTENT,"high < max(open,close) or low > min(open,close) or high < low"
536938,NHFIL,2018-07-24,OHLC_INCONSISTENT,"high < max(open,close) or low > min(open,close) or high < low"
540005,NITOLINS,2018-07-24,OHLC_INCONSISTENT,"high < max(open,close) or low > min(open,close) or high < low"
558377,OAL,2018-07-24,OHLC_INCONSISTENT,"high < max(open,close) or low > min(open,close) or high < low"
574110,PADMALIFE,2018-07-24,OHLC_INCONSISTENT,"high < max(open,close) or low > min(open,close) or high < low"
595074,PHOENIXFIN,2018-07-24,OHLC_INCONSISTENT,"high < max(open,close) or low > min(open,close) or high < low"
605491,PRAGATIINS,2018-07-24,OHLC_INCONSISTENT,"high < max(open,close) or low > min(open,close) or high < low"
608145,PRAGATILIF,2018-07-24,OHLC_INCONSISTENT,"high < max(open,close) or low > min(open,close) or high < low"
779439,SQURPHARMA,2013-01-10,OHLC_INCONSISTENT,"high < max(open,close) or low > min(open,close) or high < low"
792973,STYLECRAFT,2018-09-20,OHLC_INCONSISTENT,"high < max(open,close) or low > min(open,close) or high < low"
798212,SUNLIFEINS,2018-07-24,OHLC_INCONSISTENT,"high < max(open,close) or low > min(open,close) or high < low"
800814,TAKAFULINS,2018-07-24,OHLC_INCONSISTENT,"high < max(open,close) or low > min(open,close) or high < low"
800838,TAKAFULINS,2018-09-05,OHLC_INCONSISTENT,"high < max(open,close) or low > min(open,close) or high < low"
1786,AAMRANET,2025-05-17,NON_TRADING_WEEKDAY,timestamp on an assumed non-trading weekday (unverified)
1792,AAMRANET,2025-05-24,NON_TRADING_WEEKDAY,timestamp on an assumed non-trading weekday (unverified)
2857,AAMRATECH,2016-07-16,NON_TRADING_WEEKDAY,timestamp on an assumed non-trading weekday (unverified)
2901,AAMRATECH,2016-09-24,NON_TRADING_WEEKDAY,timestamp on an assumed non-trading weekday (unverified)
5558,ABBANK,2016-07-16,NON_TRADING_WEEKDAY,timestamp on an assumed non-trading weekday (unverified)
5602,ABBANK,2016-09-24,NON_TRADING_WEEKDAY,timestamp on an assumed non-trading weekday (unverified)
8853,ACFL,2025-05-17,NON_TRADING_WEEKDAY,timestamp on an assumed non-trading weekday (unverified)
8859,ACFL,2025-05-24,NON_TRADING_WEEKDAY,timestamp on an assumed non-trading weekday (unverified)
9321,ACHIASF,2025-05-17,NON_TRADING_WEEKDAY,timestamp on an assumed non-trading weekday (unverified)
9327,ACHIASF,2025-05-24,NON_TRADING_WEEKDAY,timestamp on an assumed non-trading weekday (unverified)
10391,ACI,2016-07-16,NON_TRADING_WEEKDAY,timestamp on an assumed non-trading weekday (unverified)
10435,ACI,2016-09-24,NON_TRADING_WEEKDAY,timestamp on an assumed non-trading weekday (unverified)
13083,ACIFORMULA,2016-07-16,NON_TRADING_WEEKDAY,timestamp on an assumed non-trading weekday (unverified)
13127,ACIFORMULA,2016-09-24,NON_TRADING_WEEKDAY,timestamp on an assumed non-trading weekday (unverified)
14893,ACMELAB,2016-07-16,NON_TRADING_WEEKDAY,timestamp on an assumed non-trading weekday (unverified)
14937,ACMELAB,2016-09-24,NON_TRADING_WEEKDAY,timestamp on an assumed non-trading weekday (unverified)
17451,ACMEPL,2025-05-17,NON_TRADING_WEEKDAY,timestamp on an assumed non-trading weekday (unverified)
17457,ACMEPL,2025-05-24,NON_TRADING_WEEKDAY,timestamp on an assumed non-trading weekday (unverified)
18510,ACTIVEFINE,2016-07-16,NON_TRADING_WEEKDAY,timestamp on an assumed non-trading weekday (unverified)
18554,ACTIVEFINE,2016-09-24,NON_TRADING_WEEKDAY,timestamp on an assumed non-trading weekday (unverified)
21493,ADNTEL,2025-05-17,NON_TRADING_WEEKDAY,timestamp on an assumed non-trading weekday (unverified)
21499,ADNTEL,2025-05-24,NON_TRADING_WEEKDAY,timestamp on an assumed non-trading weekday (unverified)
23303,ADVENT,2025-05-17,NON_TRADING_WEEKDAY,timestamp on an assumed non-trading weekday (unverified)
23309,ADVENT,2025-05-24,NON_TRADING_WEEKDAY,timestamp on an assumed non-trading weekday (unverified)
24053,AFCAGRO,2016-07-16,NON_TRADING_WEEKDAY,timestamp on an assumed non-trading weekday (unverified)
24097,AFCAGRO,2016-09-24,NON_TRADING_WEEKDAY,timestamp on an assumed non-trading weekday (unverified)
26620,AFTABAUTO,2016-07-16,NON_TRADING_WEEKDAY,timestamp on an assumed non-trading weekday (unverified)
26664,AFTABAUTO,2016-09-24,NON_TRADING_WEEKDAY,timestamp on an assumed non-trading weekday (unverified)
29324,AGNISYSL,2016-07-16,NON_TRADING_WEEKDAY,timestamp on an assumed non-trading weekday (unverified)
29368,AGNISYSL,2016-09-24,NON_TRADING_WEEKDAY,timestamp on an assumed non-trading weekday (unverified)
32014,AGRANINS,2016-07-16,NON_TRADING_WEEKDAY,timestamp on an assumed non-trading weekday (unverified)
32058,AGRANINS,2016-09-24,NON_TRADING_WEEKDAY,timestamp on an assumed non-trading weekday (unverified)
35426,AIL,2025-05-17,NON_TRADING_WEEKDAY,timestamp on an assumed non-trading weekday (unverified)
35432,AIL,2025-05-24,NON_TRADING_WEEKDAY,timestamp on an assumed non-trading weekday (unverified)
36498,AL-HAJTEX,2016-07-16,NON_TRADING_WEEKDAY,timestamp on an assumed non-trading weekday (unverified)
36542,AL-HAJTEX,2016-09-24,NON_TRADING_WEEKDAY,timestamp on an assumed non-trading weekday (unverified)
39169,ALARABANK,2016-07-16,NON_TRADING_WEEKDAY,timestamp on an assumed non-trading weekday (unverified)
39213,ALARABANK,2016-09-24,NON_TRADING_WEEKDAY,timestamp on an assumed non-trading weekday (unverified)
41870,ALIF,2016-07-16,NON_TRADING_WEEKDAY,timestamp on an assumed non-trading weekday (unverified)
41914,ALIF,2016-09-24,NON_TRADING_WEEKDAY,timestamp on an assumed non-trading weekday (unverified)
44536,ALLTEX,2016-07-16,NON_TRADING_WEEKDAY,timestamp on an assumed non-trading weekday (unverified)
44580,ALLTEX,2016-09-24,NON_TRADING_WEEKDAY,timestamp on an assumed non-trading weekday (unverified)
46478,AMANFEED,2016-07-16,NON_TRADING_WEEKDAY,timestamp on an assumed non-trading weekday (unverified)
46522,AMANFEED,2016-09-24,NON_TRADING_WEEKDAY,timestamp on an assumed non-trading weekday (unverified)
49125,AMBEEPHA,2016-07-16,NON_TRADING_WEEKDAY,timestamp on an assumed non-trading weekday (unverified)
49169,AMBEEPHA,2016-09-24,NON_TRADING_WEEKDAY,timestamp on an assumed non-trading weekday (unverified)
51822,AMCL(PRAN),2016-07-16,NON_TRADING_WEEKDAY,timestamp on an assumed non-trading weekday (unverified)
51866,AMCL(PRAN),2016-09-24,NON_TRADING_WEEKDAY,timestamp on an assumed non-trading weekday (unverified)
53922,AMPL,2025-05-17,NON_TRADING_WEEKDAY,timestamp on an assumed non-trading weekday (unverified)
53928,AMPL,2025-05-24,NON_TRADING_WEEKDAY,timestamp on an assumed non-trading weekday (unverified)
54993,ANLIMAYARN,2016-07-16,NON_TRADING_WEEKDAY,timestamp on an assumed non-trading weekday (unverified)
55037,ANLIMAYARN,2016-09-24,NON_TRADING_WEEKDAY,timestamp on an assumed non-trading weekday (unverified)
57698,ANWARGALV,2016-07-16,NON_TRADING_WEEKDAY,timestamp on an assumed non-trading weekday (unverified)
57742,ANWARGALV,2016-09-24,NON_TRADING_WEEKDAY,timestamp on an assumed non-trading weekday (unverified)
60534,AOL,2025-05-17,NON_TRADING_WEEKDAY,timestamp on an assumed non-trading weekday (unverified)
60540,AOL,2025-05-24,NON_TRADING_WEEKDAY,timestamp on an assumed non-trading weekday (unverified)
61006,AOPLC,2025-05-17,NON_TRADING_WEEKDAY,timestamp on an assumed non-trading weekday (unverified)
61012,AOPLC,2025-05-24,NON_TRADING_WEEKDAY,timestamp on an assumed non-trading weekday (unverified)
62079,APEXFOODS,2016-07-16,NON_TRADING_WEEKDAY,timestamp on an assumed non-trading weekday (unverified)
62123,APEXFOODS,2016-09-24,NON_TRADING_WEEKDAY,timestamp on an assumed non-trading weekday (unverified)
64757,APEXFOOT,2016-07-16,NON_TRADING_WEEKDAY,timestamp on an assumed non-trading weekday (unverified)
64801,APEXFOOT,2016-09-24,NON_TRADING_WEEKDAY,timestamp on an assumed non-trading weekday (unverified)
67422,APEXSPINN,2016-07-16,NON_TRADING_WEEKDAY,timestamp on an assumed non-trading weekday (unverified)
67466,APEXSPINN,2016-09-24,NON_TRADING_WEEKDAY,timestamp on an assumed non-trading weekday (unverified)
70069,APEXTANRY,2016-07-16,NON_TRADING_WEEKDAY,timestamp on an assumed non-trading weekday (unverified)
70112,APEXTANRY,2016-09-24,NON_TRADING_WEEKDAY,timestamp on an assumed non-trading weekday (unverified)
72427,APOLOISPAT,2016-07-16,NON_TRADING_WEEKDAY,timestamp on an assumed non-trading weekday (unverified)
72471,APOLOISPAT,2016-09-24,NON_TRADING_WEEKDAY,timestamp on an assumed non-trading weekday (unverified)
75071,ARAMIT,2016-07-16,NON_TRADING_WEEKDAY,timestamp on an assumed non-trading weekday (unverified)
75115,ARAMIT,2016-09-24,NON_TRADING_WEEKDAY,timestamp on an assumed non-trading weekday (unverified)
77768,ARAMITCEM,2016-07-16,NON_TRADING_WEEKDAY,timestamp on an assumed non-trading weekday (unverified)
77812,ARAMITCEM,2016-09-24,NON_TRADING_WEEKDAY,timestamp on an assumed non-trading weekday (unverified)
80369,ARGONDENIM,2016-07-16,NON_TRADING_WEEKDAY,timestamp on an assumed non-trading weekday (unverified)
80413,ARGONDENIM,2016-09-24,NON_TRADING_WEEKDAY,timestamp on an assumed non-trading weekday (unverified)
82973,ASIAINS,2016-07-16,NON_TRADING_WEEKDAY,timestamp on an assumed non-trading weekday (unverified)
83017,ASIAINS,2016-09-24,NON_TRADING_WEEKDAY,timestamp on an assumed non-trading weekday (unverified)
85660,ASIAPACINS,2016-07-16,NON_TRADING_WEEKDAY,timestamp on an assumed non-trading weekday (unverified)
85704,ASIAPACINS,2016-09-24,NON_TRADING_WEEKDAY,timestamp on an assumed non-trading weekday (unverified)
87705,ASIATICLAB,2025-05-17,NON_TRADING_WEEKDAY,timestamp on an assumed non-trading weekday (unverified)
87711,ASIATICLAB,2025-05-24,NON_TRADING_WEEKDAY,timestamp on an assumed non-trading weekday (unverified)
88185,ATCSLGF,2016-07-16,NON_TRADING_WEEKDAY,timestamp on an assumed non-trading weekday (unverified)
88228,ATCSLGF,2016-09-24,NON_TRADING_WEEKDAY,timestamp on an assumed non-trading weekday (unverified)
90706,ATLASBANG,2016-07-16,NON_TRADING_WEEKDAY,timestamp on an assumed non-trading weekday (unverified)
90750,ATLASBANG,2016-09-24,NON_TRADING_WEEKDAY,timestamp on an assumed non-trading weekday (unverified)
93148,AZIZPIPES,2016-07-16,NON_TRADING_WEEKDAY,timestamp on an assumed non-trading weekday (unverified)
93192,AZIZPIPES,2016-09-24,NON_TRADING_WEEKDAY,timestamp on an assumed non-trading weekday (unverified)
95842,BANGAS,2016-07-16,NON_TRADING_WEEKDAY,timestamp on an assumed non-trading weekday (unverified)
95886,BANGAS,2016-09-24,NON_TRADING_WEEKDAY,timestamp on an assumed non-trading weekday (unverified)
98540,BANKASIA,2016-07-16,NON_TRADING_WEEKDAY,timestamp on an assumed non-trading weekday (unverified)
98584,BANKASIA,2016-09-24,NON_TRADING_WEEKDAY,timestamp on an assumed non-trading weekday (unverified)
101201,BARKAPOWER,2016-07-16,NON_TRADING_WEEKDAY,timestamp on an assumed non-trading weekday (unverified)
101245,BARKAPOWER,2016-09-24,NON_TRADING_WEEKDAY,timestamp on an assumed non-trading weekday (unverified)
103801,BATASHOE,2016-07-16,NON_TRADING_WEEKDAY,timestamp on an assumed non-trading weekday (unverified)
103844,BATASHOE,2016-09-24,NON_TRADING_WEEKDAY,timestamp on an assumed non-trading weekday (unverified)
106469,BATBC,2016-07-16,NON_TRADING_WEEKDAY,timestamp on an assumed non-trading weekday (unverified)
106513,BATBC,2016-09-24,NON_TRADING_WEEKDAY,timestamp on an assumed non-trading weekday (unverified)
108544,BATBC,2025-05-17,NON_TRADING_WEEKDAY,timestamp on an assumed non-trading weekday (unverified)
108550,BATBC,2025-05-24,NON_TRADING_WEEKDAY,timestamp on an assumed non-trading weekday (unverified)
109616,BAYLEASING,2016-07-16,NON_TRADING_WEEKDAY,timestamp on an assumed non-trading weekday (unverified)
109660,BAYLEASING,2016-09-24,NON_TRADING_WEEKDAY,timestamp on an assumed non-trading weekday (unverified)
111904,BBS,2016-07-16,NON_TRADING_WEEKDAY,timestamp on an assumed non-trading weekday (unverified)
111948,BBS,2016-09-24,NON_TRADING_WEEKDAY,timestamp on an assumed non-trading weekday (unverified)
115479,BBSCABLES,2025-05-17,NON_TRADING_WEEKDAY,timestamp on an assumed non-trading weekday (unverified)
115485,BBSCABLES,2025-05-24,NON_TRADING_WEEKDAY,timestamp on an assumed non-trading weekday (unverified)
116545,BDAUTOCA,2016-07-16,NON_TRADING_WEEKDAY,timestamp on an assumed non-trading weekday (unverified)
116589,BDAUTOCA,2016-09-24,NON_TRADING_WEEKDAY,timestamp on an assumed non-trading weekday (unverified)
119190,BDCOM,2016-07-16,NON_TRADING_WEEKDAY,timestamp on an assumed non-trading weekday (unverified)
119234,BDCOM,2016-09-24,NON_TRADING_WEEKDAY,timestamp on an assumed non-trading weekday (unverified)
121893,BDFINANCE,2016-07-16,NON_TRADING_WEEKDAY,timestamp on an assumed non-trading weekday (unverified)
121937,BDFINANCE,2016-09-24,NON_TRADING_WEEKDAY,timestamp on an assumed non-trading weekday (unverified)
124415,BDLAMPS,2016-07-16,NON_TRADING_WEEKDAY,timestamp on an assumed non-trading weekday (unverified)
124459,BDLAMPS,2016-09-24,NON_TRADING_WEEKDAY,timestamp on an assumed non-trading weekday (unverified)
126468,BDPAINTS,2025-05-17,NON_TRADING_WEEKDAY,timestamp on an assumed non-trading weekday (unverified)
126474,BDPAINTS,2025-05-24,NON_TRADING_WEEKDAY,timestamp on an assumed non-trading weekday (unverified)
127540,BDTHAI,2016-07-16,NON_TRADING_WEEKDAY,timestamp on an assumed non-trading weekday (unverified)
127583,BDTHAI,2016-09-24,NON_TRADING_WEEKDAY,timestamp on an assumed non-trading weekday (unverified)
130066,BDTHAIFOOD,2025-05-17,NON_TRADING_WEEKDAY,timestamp on an assumed non-trading weekday (unverified)
130072,BDTHAIFOOD,2025-05-24,NON_TRADING_WEEKDAY,timestamp on an assumed non-trading weekday (unverified)
131138,BDWELDING,2016-07-16,NON_TRADING_WEEKDAY,timestamp on an assumed non-trading weekday (unverified)
131182,BDWELDING,2016-09-24,NON_TRADING_WEEKDAY,timestamp on an assumed non-trading weekday (unverified)
133850,BEACHHATCH,2016-07-16,NON_TRADING_WEEKDAY,timestamp on an assumed non-trading weekday (unverified)
133894,BEACHHATCH,2016-09-24,NON_TRADING_WEEKDAY,timestamp on an assumed non-trading weekday (unverified)
136534,BEACONPHAR,2016-07-16,NON_TRADING_WEEKDAY,timestamp on an assumed non-trading weekday (unverified)
136578,BEACONPHAR,2016-09-24,NON_TRADING_WEEKDAY,timestamp on an assumed non-trading weekday (unverified)
138571,BENGALBISC,2025-05-17,NON_TRADING_WEEKDAY,timestamp on an assumed non-trading weekday (unverified)
138577,BENGALBISC,2025-05-24,NON_TRADING_WEEKDAY,timestamp on an assumed non-trading weekday (unverified)
139505,BENGALWTL,2016-07-16,NON_TRADING_WEEKDAY,timestamp on an assumed non-trading weekday (unverified)
139549,BENGALWTL,2016-09-24,NON_TRADING_WEEKDAY,timestamp on an assumed non-trading weekday (unverified)
142158,BERGERPBL,2016-07-16,NON_TRADING_WEEKDAY,timestamp on an assumed non-trading weekday (unverified)
142196,BERGERPBL,2016-09-24,NON_TRADING_WEEKDAY,timestamp on an assumed non-trading weekday (unverified)
144204,BESTHLDNG,2025-05-17,NON_TRADING_WEEKDAY,timestamp on an assumed non-trading weekday (unverified)
144210,BESTHLDNG,2025-05-24,NON_TRADING_WEEKDAY,timestamp on an assumed non-trading weekday (unverified)
145276,BEXIMCO,2016-07-16,NON_TRADING_WEEKDAY,timestamp on an assumed non-trading weekday (unverified)
145320,BEXIMCO,2016-09-24,NON_TRADING_WEEKDAY,timestamp on an assumed non-trading weekday (unverified)
147972,BGIC,2016-07-16,NON_TRADING_WEEKDAY,timestamp on an assumed non-trading weekday (unverified)
148016,BGIC,2016-09-24,NON_TRADING_WEEKDAY,timestamp on an assumed non-trading weekday (unverified)
150671,BIFC,2016-07-16,NON_TRADING_WEEKDAY,timestamp on an assumed non-trading weekday (unverified)
150715,BIFC,2016-09-24,NON_TRADING_WEEKDAY,timestamp on an assumed non-trading weekday (unverified)
152348,BNICL,2016-07-16,NON_TRADING_WEEKDAY,timestamp on an assumed non-trading weekday (unverified)
152392,BNICL,2016-09-24,NON_TRADING_WEEKDAY,timestamp on an assumed non-trading weekday (unverified)
155752,BPML,2025-05-17,NON_TRADING_WEEKDAY,timestamp on an assumed non-trading weekday (unverified)
155758,BPML,2025-05-24,NON_TRADING_WEEKDAY,timestamp on an assumed non-trading weekday (unverified)
156762,BPPL,2025-05-17,NON_TRADING_WEEKDAY,timestamp on an assumed non-trading weekday (unverified)
156768,BPPL,2025-05-24,NON_TRADING_WEEKDAY,timestamp on an assumed non-trading weekday (unverified)
157832,BRACBANK,2016-07-16,NON_TRADING_WEEKDAY,timestamp on an assumed non-trading weekday (unverified)
157876,BRACBANK,2016-09-24,NON_TRADING_WEEKDAY,timestamp on an assumed non-trading weekday (unverified)
160537,BSC,2016-07-16,NON_TRADING_WEEKDAY,timestamp on an assumed non-trading weekday (unverified)
160581,BSC,2016-09-24,NON_TRADING_WEEKDAY,timestamp on an assumed non-trading weekday (unverified)
163242,BSCCL,2016-07-16,NON_TRADING_WEEKDAY,timestamp on an assumed non-trading weekday (unverified)
163285,BSCCL,2016-09-24,NON_TRADING_WEEKDAY,timestamp on an assumed non-trading weekday (unverified)
165325,BSRMLTD,2016-07-16,NON_TRADING_WEEKDAY,timestamp on an assumed non-trading weekday (unverified)
165369,BSRMLTD,2016-09-24,NON_TRADING_WEEKDAY,timestamp on an assumed non-trading weekday (unverified)
167978,BSRMSTEEL,2016-07-16,NON_TRADING_WEEKDAY,timestamp on an assumed non-trading weekday (unverified)
168022,BSRMSTEEL,2016-09-24,NON_TRADING_WEEKDAY,timestamp on an assumed non-trading weekday (unverified)
170657,BXPHARMA,2016-07-16,NON_TRADING_WEEKDAY,timestamp on an assumed non-trading weekday (unverified)
170701,BXPHARMA,2016-09-24,NON_TRADING_WEEKDAY,timestamp on an assumed non-trading weekday (unverified)
173359,BXSYNTH,2016-07-16,NON_TRADING_WEEKDAY,timestamp on an assumed non-trading weekday (unverified)
173403,BXSYNTH,2016-09-24,NON_TRADING_WEEKDAY,timestamp on an assumed non-trading weekday (unverified)
175217,CENTRALINS,2016-07-16,NON_TRADING_WEEKDAY,timestamp on an assumed non-trading weekday (unverified)
175261,CENTRALINS,2016-09-24,NON_TRADING_WEEKDAY,timestamp on an assumed non-trading weekday (unverified)
177694,CENTRALPHL,2016-07-16,NON_TRADING_WEEKDAY,timestamp on an assumed non-trading weekday (unverified)
177738,CENTRALPHL,2016-09-24,NON_TRADING_WEEKDAY,timestamp on an assumed non-trading weekday (unverified)
180396,CITYBANK,2016-07-16,NON_TRADING_WEEKDAY,timestamp on an assumed non-trading weekday (unverified)
180440,CITYBANK,2016-09-24,NON_TRADING_WEEKDAY,timestamp on an assumed non-trading weekday (unverified)
183101,CITYGENINS,2016-07-16,NON_TRADING_WEEKDAY,timestamp on an assumed non-trading weekday (unverified)
183145,CITYGENINS,2016-09-24,NON_TRADING_WEEKDAY,timestamp on an assumed non-trading weekday (unverified)
185508,CLICL,2025-05-17,NON_TRADING_WEEKDAY,timestamp on an assumed non-trading weekday (unverified)
185514,CLICL,2025-05-24,NON_TRADING_WEEKDAY,timestamp on an assumed non-trading weekday (unverified)
186034,CNATEX,2016-07-16,NON_TRADING_WEEKDAY,timestamp on an assumed non-trading weekday (unverified)
186078,CNATEX,2016-09-24,NON_TRADING_WEEKDAY,timestamp on an assumed non-trading weekday (unverified)
188668,CONFIDCEM,2016-07-16,NON_TRADING_WEEKDAY,timestamp on an assumed non-trading weekday (unverified)
188712,CONFIDCEM,2016-09-24,NON_TRADING_WEEKDAY,timestamp on an assumed non-trading weekday (unverified)
191338,CONTININS,2016-07-16,NON_TRADING_WEEKDAY,timestamp on an assumed non-trading weekday (unverified)
191382,CONTININS,2016-09-24,NON_TRADING_WEEKDAY,timestamp on an assumed non-trading weekday (unverified)
194377,COPPERTECH,2025-05-17,NON_TRADING_WEEKDAY,timestamp on an assumed non-trading weekday (unverified)
194383,COPPERTECH,2025-05-24,NON_TRADING_WEEKDAY,timestamp on an assumed non-trading weekday (unverified)
194776,CRAFTSMAN,2025-05-17,NON_TRADING_WEEKDAY,timestamp on an assumed non-trading weekday (unverified)
194782,CRAFTSMAN,2025-05-24,NON_TRADING_WEEKDAY,timestamp on an assumed non-trading weekday (unverified)
195847,CROWNCEMNT,2016-07-16,NON_TRADING_WEEKDAY,timestamp on an assumed non-trading weekday (unverified)
195891,CROWNCEMNT,2016-09-24,NON_TRADING_WEEKDAY,timestamp on an assumed non-trading weekday (unverified)
198532,CRYSTALINS,2025-05-17,NON_TRADING_WEEKDAY,timestamp on an assumed non-trading weekday (unverified)
198538,CRYSTALINS,2025-05-24,NON_TRADING_WEEKDAY,timestamp on an assumed non-trading weekday (unverified)
199552,CVOPRL,2016-07-16,NON_TRADING_WEEKDAY,timestamp on an assumed non-trading weekday (unverified)
199596,CVOPRL,2016-09-24,NON_TRADING_WEEKDAY,timestamp on an assumed non-trading weekday (unverified)
202202,DACCADYE,2016-07-16,NON_TRADING_WEEKDAY,timestamp on an assumed non-trading weekday (unverified)
202246,DACCADYE,2016-09-24,NON_TRADING_WEEKDAY,timestamp on an assumed non-trading weekday (unverified)
204895,DAFODILCOM,2016-07-16,NON_TRADING_WEEKDAY,timestamp on an assumed non-trading weekday (unverified)
204939,DAFODILCOM,2016-09-24,NON_TRADING_WEEKDAY,timestamp on an assumed non-trading weekday (unverified)
207460,DBH,2016-07-16,NON_TRADING_WEEKDAY,timestamp on an assumed non-trading weekday (unverified)
207504,DBH,2016-09-24,NON_TRADING_WEEKDAY,timestamp on an assumed non-trading weekday (unverified)
210097,DELTALIFE,2016-07-16,NON_TRADING_WEEKDAY,timestamp on an assumed non-trading weekday (unverified)
210141,DELTALIFE,2016-09-24,NON_TRADING_WEEKDAY,timestamp on an assumed non-trading weekday (unverified)
212799,DELTASPINN,2016-07-16,NON_TRADING_WEEKDAY,timestamp on an assumed non-trading weekday (unverified)
212843,DELTASPINN,2016-09-24,NON_TRADING_WEEKDAY,timestamp on an assumed non-trading weekday (unverified)
215422,DESCO,2016-07-16,NON_TRADING_WEEKDAY,timestamp on an assumed non-trading weekday (unverified)
215466,DESCO,2016-09-24,NON_TRADING_WEEKDAY,timestamp on an assumed non-trading weekday (unverified)
218027,DESHBANDHU,2016-07-16,NON_TRADING_WEEKDAY,timestamp on an assumed non-trading weekday (unverified)
218071,DESHBANDHU,2016-09-24,NON_TRADING_WEEKDAY,timestamp on an assumed non-trading weekday (unverified)
220805,DGIC,2025-05-17,NON_TRADING_WEEKDAY,timestamp on an assumed non-trading weekday (unverified)
220811,DGIC,2025-05-24,NON_TRADING_WEEKDAY,timestamp on an assumed non-trading weekday (unverified)
221875,DHAKABANK,2016-07-16,NON_TRADING_WEEKDAY,timestamp on an assumed non-trading weekday (unverified)
221919,DHAKABANK,2016-09-24,NON_TRADING_WEEKDAY,timestamp on an assumed non-trading weekday (unverified)
224567,DHAKAINS,2016-07-16,NON_TRADING_WEEKDAY,timestamp on an assumed non-trading weekday (unverified)
224610,DHAKAINS,2016-09-24,NON_TRADING_WEEKDAY,timestamp on an assumed non-trading weekday (unverified)
227400,DOMINAGE,2025-05-17,NON_TRADING_WEEKDAY,timestamp on an assumed non-trading weekday (unverified)
227406,DOMINAGE,2025-05-24,NON_TRADING_WEEKDAY,timestamp on an assumed non-trading weekday (unverified)
227631,DOREENPWR,2016-07-16,NON_TRADING_WEEKDAY,timestamp on an assumed non-trading weekday (unverified)
227675,DOREENPWR,2016-09-24,NON_TRADING_WEEKDAY,timestamp on an assumed non-trading weekday (unverified)
230251,DSHGARME,2016-07-16,NON_TRADING_WEEKDAY,timestamp on an assumed non-trading weekday (unverified)
230295,DSHGARME,2016-09-24,NON_TRADING_WEEKDAY,timestamp on an assumed non-trading weekday (unverified)
232111,DSSL,2016-07-16,NON_TRADING_WEEKDAY,timestamp on an assumed non-trading weekday (unverified)
232155,DSSL,2016-09-24,NON_TRADING_WEEKDAY,timestamp on an assumed non-trading weekday (unverified)
234676,DULAMIACOT,2016-07-16,NON_TRADING_WEEKDAY,timestamp on an assumed non-trading weekday (unverified)
234716,DULAMIACOT,2016-09-24,NON_TRADING_WEEKDAY,timestamp on an assumed non-trading weekday (unverified)
237183,DUTCHBANGL,2016-07-16,NON_TRADING_WEEKDAY,timestamp on an assumed non-trading weekday (unverified)
237227,DUTCHBANGL,2016-09-24,NON_TRADING_WEEKDAY,timestamp on an assumed non-trading weekday (unverified)
239864,EASTERNINS,2016-07-16,NON_TRADING_WEEKDAY,timestamp on an assumed non-trading weekday (unverified)
239908,EASTERNINS,2016-09-24,NON_TRADING_WEEKDAY,timestamp on an assumed non-trading weekday (unverified)
242555,EASTLAND,2016-07-16,NON_TRADING_WEEKDAY,timestamp on an assumed non-trading weekday (unverified)
242599,EASTLAND,2016-09-24,NON_TRADING_WEEKDAY,timestamp on an assumed non-trading weekday (unverified)
245103,EASTRNLUB,2016-07-16,NON_TRADING_WEEKDAY,timestamp on an assumed non-trading weekday (unverified)
245147,EASTRNLUB,2016-09-24,NON_TRADING_WEEKDAY,timestamp on an assumed non-trading weekday (unverified)
247808,EBL,2016-07-16,NON_TRADING_WEEKDAY,timestamp on an assumed non-trading weekday (unverified)
247852,EBL,2016-09-24,NON_TRADING_WEEKDAY,timestamp on an assumed non-trading weekday (unverified)
250479,ECABLES,2016-07-16,NON_TRADING_WEEKDAY,timestamp on an assumed non-trading weekday (unverified)
250523,ECABLES,2016-09-24,NON_TRADING_WEEKDAY,timestamp on an assumed non-trading weekday (unverified)
253229,EGEN,2025-05-17,NON_TRADING_WEEKDAY,timestamp on an assumed non-trading weekday (unverified)
253235,EGEN,2025-05-24,NON_TRADING_WEEKDAY,timestamp on an assumed non-trading weekday (unverified)
254301,EHL,2016-07-16,NON_TRADING_WEEKDAY,timestamp on an assumed non-trading weekday (unverified)
254345,EHL,2016-09-24,NON_TRADING_WEEKDAY,timestamp on an assumed non-trading weekday (unverified)
257232,EIL,2025-05-17,NON_TRADING_WEEKDAY,timestamp on an assumed non-trading weekday (unverified)
257238,EIL,2025-05-24,NON_TRADING_WEEKDAY,timestamp on an assumed non-trading weekday (unverified)
257957,EMERALDOIL,2016-07-16,NON_TRADING_WEEKDAY,timestamp on an assumed non-trading weekday (unverified)
258001,EMERALDOIL,2016-09-24,NON_TRADING_WEEKDAY,timestamp on an assumed non-trading weekday (unverified)
260620,ENVOYTEX,2016-07-16,NON_TRADING_WEEKDAY,timestamp on an assumed non-trading weekday (unverified)
260664,ENVOYTEX,2016-09-24,NON_TRADING_WEEKDAY,timestamp on an assumed non-trading weekday (unverified)
263240,EPGL,2025-05-17,NON_TRADING_WEEKDAY,timestamp on an assumed non-trading weekday (unverified)
263246,EPGL,2025-05-24,NON_TRADING_WEEKDAY,timestamp on an assumed non-trading weekday (unverified)
264664,ESQUIRENIT,2025-05-17,NON_TRADING_WEEKDAY,timestamp on an assumed non-trading weekday (unverified)
264670,ESQUIRENIT,2025-05-24,NON_TRADING_WEEKDAY,timestamp on an assumed non-trading weekday (unverified)
264874,ETL,2016-09-24,NON_TRADING_WEEKDAY,timestamp on an assumed non-trading weekday (unverified)
267442,EXIMBANK,2016-07-16,NON_TRADING_WEEKDAY,timestamp on an assumed non-trading weekday (unverified)
267486,EXIMBANK,2016-09-24,NON_TRADING_WEEKDAY,timestamp on an assumed non-trading weekday (unverified)
269965,FAMILYTEX,2016-07-16,NON_TRADING_WEEKDAY,timestamp on an assumed non-trading weekday (unverified)
270009,FAMILYTEX,2016-09-24,NON_TRADING_WEEKDAY,timestamp on an assumed non-trading weekday (unverified)
272162,FARCHEM,2016-07-16,NON_TRADING_WEEKDAY,timestamp on an assumed non-trading weekday (unverified)
272206,FARCHEM,2016-09-24,NON_TRADING_WEEKDAY,timestamp on an assumed non-trading weekday (unverified)
274613,FAREASTFIN,2016-07-16,NON_TRADING_WEEKDAY,timestamp on an assumed non-trading weekday (unverified)
274657,FAREASTFIN,2016-09-24,NON_TRADING_WEEKDAY,timestamp on an assumed non-trading weekday (unverified)
277083,FAREASTLIF,2016-07-16,NON_TRADING_WEEKDAY,timestamp on an assumed non-trading weekday (unverified)
277127,FAREASTLIF,2016-09-24,NON_TRADING_WEEKDAY,timestamp on an assumed non-trading weekday (unverified)
279724,FASFIN,2016-07-16,NON_TRADING_WEEKDAY,timestamp on an assumed non-trading weekday (unverified)
279768,FASFIN,2016-09-24,NON_TRADING_WEEKDAY,timestamp on an assumed non-trading weekday (unverified)
282115,FBFIF,2016-07-16,NON_TRADING_WEEKDAY,timestamp on an assumed non-trading weekday (unverified)
282158,FBFIF,2016-09-24,NON_TRADING_WEEKDAY,timestamp on an assumed non-trading weekday (unverified)
284804,FEDERALINS,2016-07-16,NON_TRADING_WEEKDAY,timestamp on an assumed non-trading weekday (unverified)
284848,FEDERALINS,2016-09-24,NON_TRADING_WEEKDAY,timestamp on an assumed non-trading weekday (unverified)
287051,FEKDIL,2016-07-16,NON_TRADING_WEEKDAY,timestamp on an assumed non-trading weekday (unverified)
287095,FEKDIL,2016-09-24,NON_TRADING_WEEKDAY,timestamp on an assumed non-trading weekday (unverified)
289725,FINEFOODS,2016-07-16,NON_TRADING_WEEKDAY,timestamp on an assumed non-trading weekday (unverified)
289769,FINEFOODS,2016-09-24,NON_TRADING_WEEKDAY,timestamp on an assumed non-trading weekday (unverified)
292428,FIRSTFIN,2016-07-16,NON_TRADING_WEEKDAY,timestamp on an assumed non-trading weekday (unverified)
292472,FIRSTFIN,2016-09-24,NON_TRADING_WEEKDAY,timestamp on an assumed non-trading weekday (unverified)
294978,FIRSTSBANK,2016-07-16,NON_TRADING_WEEKDAY,timestamp on an assumed non-trading weekday (unverified)
295022,FIRSTSBANK,2016-09-24,NON_TRADING_WEEKDAY,timestamp on an assumed non-trading weekday (unverified)
299347,FUWANGCER,2016-07-16,NON_TRADING_WEEKDAY,timestamp on an assumed non-trading weekday (unverified)
299391,FUWANGCER,2016-09-24,NON_TRADING_WEEKDAY,timestamp on an assumed non-trading weekday (unverified)
302008,FUWANGFOOD,2016-07-16,NON_TRADING_WEEKDAY,timestamp on an assumed non-trading weekday (unverified)
302052,FUWANGFOOD,2016-09-24,NON_TRADING_WEEKDAY,timestamp on an assumed non-trading weekday (unverified)
304678,GBBPOWER,2016-07-16,NON_TRADING_WEEKDAY,timestamp on an assumed non-trading weekday (unverified)
304722,GBBPOWER,2016-09-24,NON_TRADING_WEEKDAY,timestamp on an assumed non-trading weekday (unverified)
307323,GEMINISEA,2016-07-16,NON_TRADING_WEEKDAY,timestamp on an assumed non-trading weekday (unverified)
307366,GEMINISEA,2016-09-24,NON_TRADING_WEEKDAY,timestamp on an assumed non-trading weekday (unverified)
310538,GENEXIL,2025-05-17,NON_TRADING_WEEKDAY,timestamp on an assumed non-trading weekday (unverified)
310544,GENEXIL,2025-05-24,NON_TRADING_WEEKDAY,timestamp on an assumed non-trading weekday (unverified)
311556,GENNEXT,2016-07-16,NON_TRADING_WEEKDAY,timestamp on an assumed non-trading weekday (unverified)
311600,GENNEXT,2016-09-24,NON_TRADING_WEEKDAY,timestamp on an assumed non-trading weekday (unverified)
314159,GHAIL,2016-07-16,NON_TRADING_WEEKDAY,timestamp on an assumed non-trading weekday (unverified)
314203,GHAIL,2016-09-24,NON_TRADING_WEEKDAY,timestamp on an assumed non-trading weekday (unverified)
316690,GHCL,2016-07-16,NON_TRADING_WEEKDAY,timestamp on an assumed non-trading weekday (unverified)
316734,GHCL,2016-09-24,NON_TRADING_WEEKDAY,timestamp on an assumed non-trading weekday (unverified)
318858,GIB,2025-05-17,NON_TRADING_WEEKDAY,timestamp on an assumed non-trading weekday (unverified)
318864,GIB,2025-05-24,NON_TRADING_WEEKDAY,timestamp on an assumed non-trading weekday (unverified)
319866,GLOBALINS,2016-07-16,NON_TRADING_WEEKDAY,timestamp on an assumed non-trading weekday (unverified)
319910,GLOBALINS,2016-09-24,NON_TRADING_WEEKDAY,timestamp on an assumed non-trading weekday (unverified)
322563,GOLDENSON,2016-07-16,NON_TRADING_WEEKDAY,timestamp on an assumed non-trading weekday (unverified)
322607,GOLDENSON,2016-09-24,NON_TRADING_WEEKDAY,timestamp on an assumed non-trading weekday (unverified)
325118,GP,2016-07-16,NON_TRADING_WEEKDAY,timestamp on an assumed non-trading weekday (unverified)
325162,GP,2016-09-24,NON_TRADING_WEEKDAY,timestamp on an assumed non-trading weekday (unverified)
327197,GP,2025-05-17,NON_TRADING_WEEKDAY,timestamp on an assumed non-trading weekday (unverified)
327203,GP,2025-05-24,NON_TRADING_WEEKDAY,timestamp on an assumed non-trading weekday (unverified)
328266,GPHISPAT,2016-07-16,NON_TRADING_WEEKDAY,timestamp on an assumed non-trading weekday (unverified)
328310,GPHISPAT,2016-09-24,NON_TRADING_WEEKDAY,timestamp on an assumed non-trading weekday (unverified)
330952,GQBALLPEN,2016-07-16,NON_TRADING_WEEKDAY,timestamp on an assumed non-trading weekday (unverified)
330996,GQBALLPEN,2016-09-24,NON_TRADING_WEEKDAY,timestamp on an assumed non-trading weekday (unverified)
333650,GRAMEENS2,2016-07-16,NON_TRADING_WEEKDAY,timestamp on an assumed non-trading weekday (unverified)
333693,GRAMEENS2,2016-09-24,NON_TRADING_WEEKDAY,timestamp on an assumed non-trading weekday (unverified)
336232,GREENDELT,2016-07-16,NON_TRADING_WEEKDAY,timestamp on an assumed non-trading weekday (unverified)
336276,GREENDELT,2016-09-24,NON_TRADING_WEEKDAY,timestamp on an assumed non-trading weekday (unverified)
338893,GSPFINANCE,2016-07-16,NON_TRADING_WEEKDAY,timestamp on an assumed non-trading weekday (unverified)
338937,GSPFINANCE,2016-09-24,NON_TRADING_WEEKDAY,timestamp on an assumed non-trading weekday (unverified)
341382,HAKKANIPUL,2016-07-16,NON_TRADING_WEEKDAY,timestamp on an assumed non-trading weekday (unverified)
341426,HAKKANIPUL,2016-09-24,NON_TRADING_WEEKDAY,timestamp on an assumed non-trading weekday (unverified)
344067,HEIDELBCEM,2016-07-16,NON_TRADING_WEEKDAY,timestamp on an assumed non-trading weekday (unverified)
344111,HEIDELBCEM,2016-09-24,NON_TRADING_WEEKDAY,timestamp on an assumed non-trading weekday (unverified)
346218,HFL,2016-07-16,NON_TRADING_WEEKDAY,timestamp on an assumed non-trading weekday (unverified)
346262,HFL,2016-09-24,NON_TRADING_WEEKDAY,timestamp on an assumed non-trading weekday (unverified)
348284,HIMADRI,2025-05-17,NON_TRADING_WEEKDAY,timestamp on an assumed non-trading weekday (unverified)
348287,HIMADRI,2025-05-24,NON_TRADING_WEEKDAY,timestamp on an assumed non-trading weekday (unverified)
349341,HRTEX,2016-07-16,NON_TRADING_WEEKDAY,timestamp on an assumed non-trading weekday (unverified)
349385,HRTEX,2016-09-24,NON_TRADING_WEEKDAY,timestamp on an assumed non-trading weekday (unverified)
351496,HWAWELLTEX,2016-07-16,NON_TRADING_WEEKDAY,timestamp on an assumed non-trading weekday (unverified)
351540,HWAWELLTEX,2016-09-24,NON_TRADING_WEEKDAY,timestamp on an assumed non-trading weekday (unverified)
354182,IBNSINA,2016-07-16,NON_TRADING_WEEKDAY,timestamp on an assumed non-trading weekday (unverified)
354226,IBNSINA,2016-09-24,NON_TRADING_WEEKDAY,timestamp on an assumed non-trading weekday (unverified)
357501,IBP,2025-05-17,NON_TRADING_WEEKDAY,timestamp on an assumed non-trading weekday (unverified)
357507,IBP,2025-05-24,NON_TRADING_WEEKDAY,timestamp on an assumed non-trading weekday (unverified)
358569,ICB,2016-07-16,NON_TRADING_WEEKDAY,timestamp on an assumed non-trading weekday (unverified)
358613,ICB,2016-09-24,NON_TRADING_WEEKDAY,timestamp on an assumed non-trading weekday (unverified)
361214,ICB3RDNRB,2016-07-16,NON_TRADING_WEEKDAY,timestamp on an assumed non-trading weekday (unverified)
361258,ICB3RDNRB,2016-09-24,NON_TRADING_WEEKDAY,timestamp on an assumed non-trading weekday (unverified)
364317,ICBAGRANI1,2025-05-17,NON_TRADING_WEEKDAY,timestamp on an assumed non-trading weekday (unverified)
364323,ICBAGRANI1,2025-05-24,NON_TRADING_WEEKDAY,timestamp on an assumed non-trading weekday (unverified)
365387,ICBAMCL2ND,2016-07-16,NON_TRADING_WEEKDAY,timestamp on an assumed non-trading weekday (unverified)
365431,ICBAMCL2ND,2016-09-24,NON_TRADING_WEEKDAY,timestamp on an assumed non-trading weekday (unverified)
367888,ICBIBANK,2016-07-16,NON_TRADING_WEEKDAY,timestamp on an assumed non-trading weekday (unverified)
367932,ICBIBANK,2016-09-24,NON_TRADING_WEEKDAY,timestamp on an assumed non-trading weekday (unverified)
370264,ICBSONALI1,2016-07-16,NON_TRADING_WEEKDAY,timestamp on an assumed non-trading weekday (unverified)
370308,ICBSONALI1,2016-09-24,NON_TRADING_WEEKDAY,timestamp on an assumed non-trading weekday (unverified)
372296,ICICL,2025-05-17,NON_TRADING_WEEKDAY,timestamp on an assumed non-trading weekday (unverified)
372302,ICICL,2025-05-24,NON_TRADING_WEEKDAY,timestamp on an assumed non-trading weekday (unverified)
373366,IDLC,2016-07-16,NON_TRADING_WEEKDAY,timestamp on an assumed non-trading weekday (unverified)
373410,IDLC,2016-09-24,NON_TRADING_WEEKDAY,timestamp on an assumed non-trading weekday (unverified)
375481,IFADAUTOS,2016-07-16,NON_TRADING_WEEKDAY,timestamp on an assumed non-trading weekday (unverified)
375525,IFADAUTOS,2016-09-24,NON_TRADING_WEEKDAY,timestamp on an assumed non-trading weekday (unverified)
378140,IFIC,2016-07-16,NON_TRADING_WEEKDAY,timestamp on an assumed non-trading weekday (unverified)
378184,IFIC,2016-09-24,NON_TRADING_WEEKDAY,timestamp on an assumed non-trading weekday (unverified)
380841,ILFSL,2016-07-16,NON_TRADING_WEEKDAY,timestamp on an assumed non-trading weekday (unverified)
380885,ILFSL,2016-09-24,NON_TRADING_WEEKDAY,timestamp on an assumed non-trading weekday (unverified)
383442,IMAMBUTTON,2016-07-16,NON_TRADING_WEEKDAY,timestamp on an assumed non-trading weekday (unverified)
383486,IMAMBUTTON,2016-09-24,NON_TRADING_WEEKDAY,timestamp on an assumed non-trading weekday (unverified)
386059,INDEXAGRO,2025-05-17,NON_TRADING_WEEKDAY,timestamp on an assumed non-trading weekday (unverified)
386065,INDEXAGRO,2025-05-24,NON_TRADING_WEEKDAY,timestamp on an assumed non-trading weekday (unverified)
387129,INTECH,2016-07-16,NON_TRADING_WEEKDAY,timestamp on an assumed non-trading weekday (unverified)
387173,INTECH,2016-09-24,NON_TRADING_WEEKDAY,timestamp on an assumed non-trading weekday (unverified)
390543,INTRACO,2025-05-17,NON_TRADING_WEEKDAY,timestamp on an assumed non-trading weekday (unverified)
390549,INTRACO,2025-05-24,NON_TRADING_WEEKDAY,timestamp on an assumed non-trading weekday (unverified)
391614,IPDC,2016-07-16,NON_TRADING_WEEKDAY,timestamp on an assumed non-trading weekday (unverified)
391657,IPDC,2016-09-24,NON_TRADING_WEEKDAY,timestamp on an assumed non-trading weekday (unverified)
394183,ISLAMIBANK,2016-07-16,NON_TRADING_WEEKDAY,timestamp on an assumed non-trading weekday (unverified)
394227,ISLAMIBANK,2016-09-24,NON_TRADING_WEEKDAY,timestamp on an assumed non-trading weekday (unverified)
396872,ISLAMICFIN,2016-07-16,NON_TRADING_WEEKDAY,timestamp on an assumed non-trading weekday (unverified)
396916,ISLAMICFIN,2016-09-24,NON_TRADING_WEEKDAY,timestamp on an assumed non-trading weekday (unverified)
399502,ISLAMIINS,2016-07-16,NON_TRADING_WEEKDAY,timestamp on an assumed non-trading weekday (unverified)
399546,ISLAMIINS,2016-09-24,NON_TRADING_WEEKDAY,timestamp on an assumed non-trading weekday (unverified)
402192,ISNLTD,2016-07-16,NON_TRADING_WEEKDAY,timestamp on an assumed non-trading weekday (unverified)
402235,ISNLTD,2016-09-24,NON_TRADING_WEEKDAY,timestamp on an assumed non-trading weekday (unverified)
404111,ITC,2016-07-16,NON_TRADING_WEEKDAY,timestamp on an assumed non-trading weekday (unverified)
404155,ITC,2016-09-24,NON_TRADING_WEEKDAY,timestamp on an assumed non-trading weekday (unverified)
406808,JAMUNABANK,2016-07-16,NON_TRADING_WEEKDAY,timestamp on an assumed non-trading weekday (unverified)
406852,JAMUNABANK,2016-09-24,NON_TRADING_WEEKDAY,timestamp on an assumed non-trading weekday (unverified)
409511,JAMUNAOIL,2016-07-16,NON_TRADING_WEEKDAY,timestamp on an assumed non-trading weekday (unverified)
409555,JAMUNAOIL,2016-09-24,NON_TRADING_WEEKDAY,timestamp on an assumed non-trading weekday (unverified)
412213,JANATAINS,2016-07-16,NON_TRADING_WEEKDAY,timestamp on an assumed non-trading weekday (unverified)
412257,JANATAINS,2016-09-24,NON_TRADING_WEEKDAY,timestamp on an assumed non-trading weekday (unverified)
414738,JHRML,2025-05-17,NON_TRADING_WEEKDAY,timestamp on an assumed non-trading weekday (unverified)
414744,JHRML,2025-05-24,NON_TRADING_WEEKDAY,timestamp on an assumed non-trading weekday (unverified)
415637,JMISMDL,2016-07-16,NON_TRADING_WEEKDAY,timestamp on an assumed non-trading weekday (unverified)
415681,JMISMDL,2016-09-24,NON_TRADING_WEEKDAY,timestamp on an assumed non-trading weekday (unverified)
418172,JUTESPINN,2016-07-16,NON_TRADING_WEEKDAY,timestamp on an assumed non-trading weekday (unverified)
418207,JUTESPINN,2016-09-24,NON_TRADING_WEEKDAY,timestamp on an assumed non-trading weekday (unverified)
420827,KARNAPHULI,2016-07-16,NON_TRADING_WEEKDAY,timestamp on an assumed non-trading weekday (unverified)
420871,KARNAPHULI,2016-09-24,NON_TRADING_WEEKDAY,timestamp on an assumed non-trading weekday (unverified)
423471,KAY&QUE,2016-07-16,NON_TRADING_WEEKDAY,timestamp on an assumed non-trading weekday (unverified)
423515,KAY&QUE,2016-09-24,NON_TRADING_WEEKDAY,timestamp on an assumed non-trading weekday (unverified)
425640,KBPPWBIL,2016-07-16,NON_TRADING_WEEKDAY,timestamp on an assumed non-trading weekday (unverified)
425684,KBPPWBIL,2016-09-24,NON_TRADING_WEEKDAY,timestamp on an assumed non-trading weekday (unverified)
427719,KBSEED,2025-05-24,NON_TRADING_WEEKDAY,timestamp on an assumed non-trading weekday (unverified)
428059,KDSALTD,2016-07-16,NON_TRADING_WEEKDAY,timestamp on an assumed non-trading weekday (unverified)
428103,KDSALTD,2016-09-24,NON_TRADING_WEEKDAY,timestamp on an assumed non-trading weekday (unverified)
430652,KEYACOSMET,2016-07-16,NON_TRADING_WEEKDAY,timestamp on an assumed non-trading weekday (unverified)
430696,KEYACOSMET,2016-09-24,NON_TRADING_WEEKDAY,timestamp on an assumed non-trading weekday (unverified)
432760,KFL,2025-05-17,NON_TRADING_WEEKDAY,timestamp on an assumed non-trading weekday (unverified)
432766,KFL,2025-05-24,NON_TRADING_WEEKDAY,timestamp on an assumed non-trading weekday (unverified)
433656,KOHINOOR,2016-07-16,NON_TRADING_WEEKDAY,timestamp on an assumed non-trading weekday (unverified)
433700,KOHINOOR,2016-09-24,NON_TRADING_WEEKDAY,timestamp on an assumed non-trading weekday (unverified)
436304,KPCL,2016-07-16,NON_TRADING_WEEKDAY,timestamp on an assumed non-trading weekday (unverified)
436348,KPCL,2016-09-24,NON_TRADING_WEEKDAY,timestamp on an assumed non-trading weekday (unverified)
438493,KPPL,2016-07-16,NON_TRADING_WEEKDAY,timestamp on an assumed non-trading weekday (unverified)
438537,KPPL,2016-09-24,NON_TRADING_WEEKDAY,timestamp on an assumed non-trading weekday (unverified)
441652,KTL,2025-05-17,NON_TRADING_WEEKDAY,timestamp on an assumed non-trading weekday (unverified)
441658,KTL,2025-05-24,NON_TRADING_WEEKDAY,timestamp on an assumed non-trading weekday (unverified)
442722,LANKABAFIN,2016-07-16,NON_TRADING_WEEKDAY,timestamp on an assumed non-trading weekday (unverified)
442765,LANKABAFIN,2016-09-24,NON_TRADING_WEEKDAY,timestamp on an assumed non-trading weekday (unverified)
445407,LEGACYFOOT,2016-07-16,NON_TRADING_WEEKDAY,timestamp on an assumed non-trading weekday (unverified)
445451,LEGACYFOOT,2016-09-24,NON_TRADING_WEEKDAY,timestamp on an assumed non-trading weekday (unverified)
448043,LHBL,2016-07-16,NON_TRADING_WEEKDAY,timestamp on an assumed non-trading weekday (unverified)
448087,LHBL,2016-09-24,NON_TRADING_WEEKDAY,timestamp on an assumed non-trading weekday (unverified)
450605,LIBRAINFU,2016-07-16,NON_TRADING_WEEKDAY,timestamp on an assumed non-trading weekday (unverified)
450649,LIBRAINFU,2016-09-24,NON_TRADING_WEEKDAY,timestamp on an assumed non-trading weekday (unverified)
453260,LINDEBD,2016-07-16,NON_TRADING_WEEKDAY,timestamp on an assumed non-trading weekday (unverified)
453303,LINDEBD,2016-09-24,NON_TRADING_WEEKDAY,timestamp on an assumed non-trading weekday (unverified)
456034,LOVELLO,2025-05-17,NON_TRADING_WEEKDAY,timestamp on an assumed non-trading weekday (unverified)
456040,LOVELLO,2025-05-24,NON_TRADING_WEEKDAY,timestamp on an assumed non-trading weekday (unverified)
457195,LRBDL,2025-05-17,NON_TRADING_WEEKDAY,timestamp on an assumed non-trading weekday (unverified)
457201,LRBDL,2025-05-24,NON_TRADING_WEEKDAY,timestamp on an assumed non-trading weekday (unverified)
458296,MAGURAPLEX,2025-05-17,NON_TRADING_WEEKDAY,timestamp on an assumed non-trading weekday (unverified)
458302,MAGURAPLEX,2025-05-24,NON_TRADING_WEEKDAY,timestamp on an assumed non-trading weekday (unverified)
459366,MAKSONSPIN,2016-07-16,NON_TRADING_WEEKDAY,timestamp on an assumed non-trading weekday (unverified)
459410,MAKSONSPIN,2016-09-24,NON_TRADING_WEEKDAY,timestamp on an assumed non-trading weekday (unverified)
462017,MALEKSPIN,2016-07-16,NON_TRADING_WEEKDAY,timestamp on an assumed non-trading weekday (unverified)
462061,MALEKSPIN,2016-09-24,NON_TRADING_WEEKDAY,timestamp on an assumed non-trading weekday (unverified)
464079,MAMUNAGRO,2025-05-17,NON_TRADING_WEEKDAY,timestamp on an assumed non-trading weekday (unverified)
464084,MAMUNAGRO,2025-05-24,NON_TRADING_WEEKDAY,timestamp on an assumed non-trading weekday (unverified)
465131,MARICO,2016-07-16,NON_TRADING_WEEKDAY,timestamp on an assumed non-trading weekday (unverified)
465172,MARICO,2016-09-24,NON_TRADING_WEEKDAY,timestamp on an assumed non-trading weekday (unverified)
467214,MASTERAGRO,2025-05-17,NON_TRADING_WEEKDAY,timestamp on an assumed non-trading weekday (unverified)
467220,MASTERAGRO,2025-05-24,NON_TRADING_WEEKDAY,timestamp on an assumed non-trading weekday (unverified)
467927,MATINSPINN,2016-07-16,NON_TRADING_WEEKDAY,timestamp on an assumed non-trading weekday (unverified)
467971,MATINSPINN,2016-09-24,NON_TRADING_WEEKDAY,timestamp on an assumed non-trading weekday (unverified)
470482,MEGCONMILK,2016-07-16,NON_TRADING_WEEKDAY,timestamp on an assumed non-trading weekday (unverified)
470526,MEGCONMILK,2016-09-24,NON_TRADING_WEEKDAY,timestamp on an assumed non-trading weekday (unverified)
473130,MEGHNACEM,2016-07-16,NON_TRADING_WEEKDAY,timestamp on an assumed non-trading weekday (unverified)
473174,MEGHNACEM,2016-09-24,NON_TRADING_WEEKDAY,timestamp on an assumed non-trading weekday (unverified)
475569,MEGHNAINS,2025-05-17,NON_TRADING_WEEKDAY,timestamp on an assumed non-trading weekday (unverified)
475575,MEGHNAINS,2025-05-24,NON_TRADING_WEEKDAY,timestamp on an assumed non-trading weekday (unverified)
476641,MEGHNALIFE,2016-07-16,NON_TRADING_WEEKDAY,timestamp on an assumed non-trading weekday (unverified)
476684,MEGHNALIFE,2016-09-24,NON_TRADING_WEEKDAY,timestamp on an assumed non-trading weekday (unverified)
479262,MEGHNAPET,2016-09-24,NON_TRADING_WEEKDAY,timestamp on an assumed non-trading weekday (unverified)
481872,MERCANBANK,2016-07-16,NON_TRADING_WEEKDAY,timestamp on an assumed non-trading weekday (unverified)
481916,MERCANBANK,2016-09-24,NON_TRADING_WEEKDAY,timestamp on an assumed non-trading weekday (unverified)
484568,MERCINS,2016-07-16,NON_TRADING_WEEKDAY,timestamp on an assumed non-trading weekday (unverified)
484612,MERCINS,2016-09-24,NON_TRADING_WEEKDAY,timestamp on an assumed non-trading weekday (unverified)
487254,METROSPIN,2016-07-16,NON_TRADING_WEEKDAY,timestamp on an assumed non-trading weekday (unverified)
487298,METROSPIN,2016-09-24,NON_TRADING_WEEKDAY,timestamp on an assumed non-trading weekday (unverified)
489646,MHSML,2016-07-16,NON_TRADING_WEEKDAY,timestamp on an assumed non-trading weekday (unverified)
489690,MHSML,2016-09-24,NON_TRADING_WEEKDAY,timestamp on an assumed non-trading weekday (unverified)
492105,MIDASFIN,2016-07-16,NON_TRADING_WEEKDAY,timestamp on an assumed non-trading weekday (unverified)
492149,MIDASFIN,2016-09-24,NON_TRADING_WEEKDAY,timestamp on an assumed non-trading weekday (unverified)
494368,MIDLANDBNK,2025-05-17,NON_TRADING_WEEKDAY,timestamp on an assumed non-trading weekday (unverified)
494373,MIDLANDBNK,2025-05-24,NON_TRADING_WEEKDAY,timestamp on an assumed non-trading weekday (unverified)
495439,MIRACLEIND,2016-07-16,NON_TRADING_WEEKDAY,timestamp on an assumed non-trading weekday (unverified)
495483,MIRACLEIND,2016-09-24,NON_TRADING_WEEKDAY,timestamp on an assumed non-trading weekday (unverified)
498237,MIRAKHTER,2025-05-17,NON_TRADING_WEEKDAY,timestamp on an assumed non-trading weekday (unverified)
498243,MIRAKHTER,2025-05-24,NON_TRADING_WEEKDAY,timestamp on an assumed non-trading weekday (unverified)
499308,MITHUNKNIT,2016-07-16,NON_TRADING_WEEKDAY,timestamp on an assumed non-trading weekday (unverified)
499352,MITHUNKNIT,2016-09-24,NON_TRADING_WEEKDAY,timestamp on an assumed non-trading weekday (unverified)
501867,MJLBD,2016-07-16,NON_TRADING_WEEKDAY,timestamp on an assumed non-trading weekday (unverified)
501911,MJLBD,2016-09-24,NON_TRADING_WEEKDAY,timestamp on an assumed non-trading weekday (unverified)
503961,MKFOOTWEAR,2025-05-17,NON_TRADING_WEEKDAY,timestamp on an assumed non-trading weekday (unverified)
503966,MKFOOTWEAR,2025-05-24,NON_TRADING_WEEKDAY,timestamp on an assumed non-trading weekday (unverified)
505529,MLDYEING,2025-05-17,NON_TRADING_WEEKDAY,timestamp on an assumed non-trading weekday (unverified)
505535,MLDYEING,2025-05-24,NON_TRADING_WEEKDAY,timestamp on an assumed non-trading weekday (unverified)
506523,MONNOAGML,2016-07-16,NON_TRADING_WEEKDAY,timestamp on an assumed non-trading weekday (unverified)
506567,MONNOAGML,2016-09-24,NON_TRADING_WEEKDAY,timestamp on an assumed non-trading weekday (unverified)
509157,MONNOCERA,2016-07-16,NON_TRADING_WEEKDAY,timestamp on an assumed non-trading weekday (unverified)
509201,MONNOCERA,2016-09-24,NON_TRADING_WEEKDAY,timestamp on an assumed non-trading weekday (unverified)
511764,MONNOFABR,2025-05-17,NON_TRADING_WEEKDAY,timestamp on an assumed non-trading weekday (unverified)
511770,MONNOFABR,2025-05-24,NON_TRADING_WEEKDAY,timestamp on an assumed non-trading weekday (unverified)
512866,MONOSPOOL,2025-05-17,NON_TRADING_WEEKDAY,timestamp on an assumed non-trading weekday (unverified)
512872,MONOSPOOL,2025-05-24,NON_TRADING_WEEKDAY,timestamp on an assumed non-trading weekday (unverified)
513336,MOSTFAMETL,2025-05-17,NON_TRADING_WEEKDAY,timestamp on an assumed non-trading weekday (unverified)
513342,MOSTFAMETL,2025-05-24,NON_TRADING_WEEKDAY,timestamp on an assumed non-trading weekday (unverified)
514405,MPETROLEUM,2016-07-16,NON_TRADING_WEEKDAY,timestamp on an assumed non-trading weekday (unverified)
514449,MPETROLEUM,2016-09-24,NON_TRADING_WEEKDAY,timestamp on an assumed non-trading weekday (unverified)
517108,MTB,2016-07-16,NON_TRADING_WEEKDAY,timestamp on an assumed non-trading weekday (unverified)
517152,MTB,2016-09-24,NON_TRADING_WEEKDAY,timestamp on an assumed non-trading weekday (unverified)
520439,NAHEEACP,2025-05-17,NON_TRADING_WEEKDAY,timestamp on an assumed non-trading weekday (unverified)
520445,NAHEEACP,2025-05-24,NON_TRADING_WEEKDAY,timestamp on an assumed non-trading weekday (unverified)
521501,NATLIFEINS,2016-07-16,NON_TRADING_WEEKDAY,timestamp on an assumed non-trading weekday (unverified)
521545,NATLIFEINS,2016-09-24,NON_TRADING_WEEKDAY,timestamp on an assumed non-trading weekday (unverified)
524025,NAVANACNG,2016-07-16,NON_TRADING_WEEKDAY,timestamp on an assumed non-trading weekday (unverified)
524069,NAVANACNG,2016-09-24,NON_TRADING_WEEKDAY,timestamp on an assumed non-trading weekday (unverified)
526430,NAVANAPHAR,2025-05-17,NON_TRADING_WEEKDAY,timestamp on an assumed non-trading weekday (unverified)
526436,NAVANAPHAR,2025-05-24,NON_TRADING_WEEKDAY,timestamp on an assumed non-trading weekday (unverified)
527501,NBL,2016-07-16,NON_TRADING_WEEKDAY,timestamp on an assumed non-trading weekday (unverified)
527545,NBL,2016-09-24,NON_TRADING_WEEKDAY,timestamp on an assumed non-trading weekday (unverified)
530135,NCCBANK,2016-07-16,NON_TRADING_WEEKDAY,timestamp on an assumed non-trading weekday (unverified)
530179,NCCBANK,2016-09-24,NON_TRADING_WEEKDAY,timestamp on an assumed non-trading weekday (unverified)
533223,NEWLINE,2025-05-17,NON_TRADING_WEEKDAY,timestamp on an assumed non-trading weekday (unverified)
533229,NEWLINE,2025-05-24,NON_TRADING_WEEKDAY,timestamp on an assumed non-trading weekday (unverified)
533753,NFML,2016-07-16,NON_TRADING_WEEKDAY,timestamp on an assumed non-trading weekday (unverified)
533797,NFML,2016-09-24,NON_TRADING_WEEKDAY,timestamp on an assumed non-trading weekday (unverified)
536444,NHFIL,2016-07-16,NON_TRADING_WEEKDAY,timestamp on an assumed non-trading weekday (unverified)
536488,NHFIL,2016-09-24,NON_TRADING_WEEKDAY,timestamp on an assumed non-trading weekday (unverified)
538498,NIALCO,2025-05-17,NON_TRADING_WEEKDAY,timestamp on an assumed non-trading weekday (unverified)
538504,NIALCO,2025-05-24,NON_TRADING_WEEKDAY,timestamp on an assumed non-trading weekday (unverified)
539547,NITOLINS,2016-07-16,NON_TRADING_WEEKDAY,timestamp on an assumed non-trading weekday (unverified)
539590,NITOLINS,2016-09-24,NON_TRADING_WEEKDAY,timestamp on an assumed non-trading weekday (unverified)
541786,NORTHERN,2016-07-16,NON_TRADING_WEEKDAY,timestamp on an assumed non-trading weekday (unverified)
541830,NORTHERN,2016-09-24,NON_TRADING_WEEKDAY,timestamp on an assumed non-trading weekday (unverified)
544484,NORTHRNINS,2016-07-16,NON_TRADING_WEEKDAY,timestamp on an assumed non-trading weekday (unverified)
544528,NORTHRNINS,2016-09-24,NON_TRADING_WEEKDAY,timestamp on an assumed non-trading weekday (unverified)
547187,NPOLYMER,2016-07-16,NON_TRADING_WEEKDAY,timestamp on an assumed non-trading weekday (unverified)
547231,NPOLYMER,2016-09-24,NON_TRADING_WEEKDAY,timestamp on an assumed non-trading weekday (unverified)
549227,NRBBANK,2025-05-17,NON_TRADING_WEEKDAY,timestamp on an assumed non-trading weekday (unverified)
549233,NRBBANK,2025-05-24,NON_TRADING_WEEKDAY,timestamp on an assumed non-trading weekday (unverified)
550344,NRBCBANK,2025-05-17,NON_TRADING_WEEKDAY,timestamp on an assumed non-trading weekday (unverified)
550350,NRBCBANK,2025-05-24,NON_TRADING_WEEKDAY,timestamp on an assumed non-trading weekday (unverified)
551239,NTC,2016-07-16,NON_TRADING_WEEKDAY,timestamp on an assumed non-trading weekday (unverified)
551283,NTC,2016-09-24,NON_TRADING_WEEKDAY,timestamp on an assumed non-trading weekday (unverified)
553941,NTLTUBES,2016-07-16,NON_TRADING_WEEKDAY,timestamp on an assumed non-trading weekday (unverified)
553985,NTLTUBES,2016-09-24,NON_TRADING_WEEKDAY,timestamp on an assumed non-trading weekday (unverified)
557459,NURANI,2025-05-17,NON_TRADING_WEEKDAY,timestamp on an assumed non-trading weekday (unverified)
557465,NURANI,2025-05-24,NON_TRADING_WEEKDAY,timestamp on an assumed non-trading weekday (unverified)
557882,OAL,2016-07-16,NON_TRADING_WEEKDAY,timestamp on an assumed non-trading weekday (unverified)
557926,OAL,2016-09-24,NON_TRADING_WEEKDAY,timestamp on an assumed non-trading weekday (unverified)
561388,OIMEX,2025-05-17,NON_TRADING_WEEKDAY,timestamp on an assumed non-trading weekday (unverified)
561394,OIMEX,2025-05-24,NON_TRADING_WEEKDAY,timestamp on an assumed non-trading weekday (unverified)
562459,OLYMPIC,2016-07-16,NON_TRADING_WEEKDAY,timestamp on an assumed non-trading weekday (unverified)
562503,OLYMPIC,2016-09-24,NON_TRADING_WEEKDAY,timestamp on an assumed non-trading weekday (unverified)
565166,ONEBANKPLC,2016-07-16,NON_TRADING_WEEKDAY,timestamp on an assumed non-trading weekday (unverified)
565210,ONEBANKPLC,2016-09-24,NON_TRADING_WEEKDAY,timestamp on an assumed non-trading weekday (unverified)
567864,ORIONINFU,2016-07-16,NON_TRADING_WEEKDAY,timestamp on an assumed non-trading weekday (unverified)
567908,ORIONINFU,2016-09-24,NON_TRADING_WEEKDAY,timestamp on an assumed non-trading weekday (unverified)
570442,ORIONPHARM,2016-07-16,NON_TRADING_WEEKDAY,timestamp on an assumed non-trading weekday (unverified)
570486,ORIONPHARM,2016-09-24,NON_TRADING_WEEKDAY,timestamp on an assumed non-trading weekday (unverified)
572544,ORYZAAGRO,2025-05-17,NON_TRADING_WEEKDAY,timestamp on an assumed non-trading weekday (unverified)
572550,ORYZAAGRO,2025-05-24,NON_TRADING_WEEKDAY,timestamp on an assumed non-trading weekday (unverified)
573616,PADMALIFE,2016-07-16,NON_TRADING_WEEKDAY,timestamp on an assumed non-trading weekday (unverified)
573659,PADMALIFE,2016-09-24,NON_TRADING_WEEKDAY,timestamp on an assumed non-trading weekday (unverified)
576290,PADMAOIL,2016-07-16,NON_TRADING_WEEKDAY,timestamp on an assumed non-trading weekday (unverified)
576334,PADMAOIL,2016-09-24,NON_TRADING_WEEKDAY,timestamp on an assumed non-trading weekday (unverified)
579623,PARAMOUNT,2016-07-16,NON_TRADING_WEEKDAY,timestamp on an assumed non-trading weekday (unverified)
579667,PARAMOUNT,2016-09-24,NON_TRADING_WEEKDAY,timestamp on an assumed non-trading weekday (unverified)
583346,PDL,2025-05-17,NON_TRADING_WEEKDAY,timestamp on an assumed non-trading weekday (unverified)
583352,PDL,2025-05-24,NON_TRADING_WEEKDAY,timestamp on an assumed non-trading weekday (unverified)
584013,PENINSULA,2016-07-16,NON_TRADING_WEEKDAY,timestamp on an assumed non-trading weekday (unverified)
584057,PENINSULA,2016-09-24,NON_TRADING_WEEKDAY,timestamp on an assumed non-trading weekday (unverified)
586677,PEOPLESINS,2016-07-16,NON_TRADING_WEEKDAY,timestamp on an assumed non-trading weekday (unverified)
586721,PEOPLESINS,2016-09-24,NON_TRADING_WEEKDAY,timestamp on an assumed non-trading weekday (unverified)
589297,PHARMAID,2016-07-16,NON_TRADING_WEEKDAY,timestamp on an assumed non-trading weekday (unverified)
589341,PHARMAID,2016-09-24,NON_TRADING_WEEKDAY,timestamp on an assumed non-trading weekday (unverified)
591899,PHENIXINS,2016-07-16,NON_TRADING_WEEKDAY,timestamp on an assumed non-trading weekday (unverified)
591943,PHENIXINS,2016-09-24,NON_TRADING_WEEKDAY,timestamp on an assumed non-trading weekday (unverified)
594580,PHOENIXFIN,2016-07-16,NON_TRADING_WEEKDAY,timestamp on an assumed non-trading weekday (unverified)
594624,PHOENIXFIN,2016-09-24,NON_TRADING_WEEKDAY,timestamp on an assumed non-trading weekday (unverified)
597058,PIONEERINS,2016-07-16,NON_TRADING_WEEKDAY,timestamp on an assumed non-trading weekday (unverified)
597101,PIONEERINS,2016-09-24,NON_TRADING_WEEKDAY,timestamp on an assumed non-trading weekday (unverified)
599739,POPULARLIF,2016-07-16,NON_TRADING_WEEKDAY,timestamp on an assumed non-trading weekday (unverified)
599783,POPULARLIF,2016-09-24,NON_TRADING_WEEKDAY,timestamp on an assumed non-trading weekday (unverified)
602364,POWERGRID,2016-07-16,NON_TRADING_WEEKDAY,timestamp on an assumed non-trading weekday (unverified)
602408,POWERGRID,2016-09-24,NON_TRADING_WEEKDAY,timestamp on an assumed non-trading weekday (unverified)
604998,PRAGATIINS,2016-07-16,NON_TRADING_WEEKDAY,timestamp on an assumed non-trading weekday (unverified)
605042,PRAGATIINS,2016-09-24,NON_TRADING_WEEKDAY,timestamp on an assumed non-trading weekday (unverified)
607653,PRAGATILIF,2016-07-16,NON_TRADING_WEEKDAY,timestamp on an assumed non-trading weekday (unverified)
607696,PRAGATILIF,2016-09-24,NON_TRADING_WEEKDAY,timestamp on an assumed non-trading weekday (unverified)
610302,PREMIERBAN,2016-07-16,NON_TRADING_WEEKDAY,timestamp on an assumed non-trading weekday (unverified)
610346,PREMIERBAN,2016-09-24,NON_TRADING_WEEKDAY,timestamp on an assumed non-trading weekday (unverified)
612909,PREMIERCEM,2016-07-16,NON_TRADING_WEEKDAY,timestamp on an assumed non-trading weekday (unverified)
612953,PREMIERCEM,2016-09-24,NON_TRADING_WEEKDAY,timestamp on an assumed non-trading weekday (unverified)
615515,PREMIERLEA,2016-07-16,NON_TRADING_WEEKDAY,timestamp on an assumed non-trading weekday (unverified)
615559,PREMIERLEA,2016-09-24,NON_TRADING_WEEKDAY,timestamp on an assumed non-trading weekday (unverified)
618100,PRIME1ICBA,2016-07-16,NON_TRADING_WEEKDAY,timestamp on an assumed non-trading weekday (unverified)
618144,PRIME1ICBA,2016-09-24,NON_TRADING_WEEKDAY,timestamp on an assumed non-trading weekday (unverified)
620555,PRIMEBANK,2016-07-16,NON_TRADING_WEEKDAY,timestamp on an assumed non-trading weekday (unverified)
620599,PRIMEBANK,2016-09-24,NON_TRADING_WEEKDAY,timestamp on an assumed non-trading weekday (unverified)
623262,PRIMEFIN,2016-07-16,NON_TRADING_WEEKDAY,timestamp on an assumed non-trading weekday (unverified)
623306,PRIMEFIN,2016-09-24,NON_TRADING_WEEKDAY,timestamp on an assumed non-trading weekday (unverified)
625833,PRIMEINSUR,2016-07-16,NON_TRADING_WEEKDAY,timestamp on an assumed non-trading weekday (unverified)
625877,PRIMEINSUR,2016-09-24,NON_TRADING_WEEKDAY,timestamp on an assumed non-trading weekday (unverified)
628316,PRIMELIFE,2016-07-16,NON_TRADING_WEEKDAY,timestamp on an assumed non-trading weekday (unverified)
628360,PRIMELIFE,2016-09-24,NON_TRADING_WEEKDAY,timestamp on an assumed non-trading weekday (unverified)
630994,PRIMETEX,2016-07-16,NON_TRADING_WEEKDAY,timestamp on an assumed non-trading weekday (unverified)
631038,PRIMETEX,2016-09-24,NON_TRADING_WEEKDAY,timestamp on an assumed non-trading weekday (unverified)
633475,PROGRESLIF,2016-07-16,NON_TRADING_WEEKDAY,timestamp on an assumed non-trading weekday (unverified)
633514,PROGRESLIF,2016-09-24,NON_TRADING_WEEKDAY,timestamp on an assumed non-trading weekday (unverified)
636022,PROVATIINS,2016-07-16,NON_TRADING_WEEKDAY,timestamp on an assumed non-trading weekday (unverified)
636066,PROVATIINS,2016-09-24,NON_TRADING_WEEKDAY,timestamp on an assumed non-trading weekday (unverified)
638438,PTL,2016-07-16,NON_TRADING_WEEKDAY,timestamp on an assumed non-trading weekday (unverified)
638482,PTL,2016-09-24,NON_TRADING_WEEKDAY,timestamp on an assumed non-trading weekday (unverified)
641116,PUBALIBANK,2016-07-16,NON_TRADING_WEEKDAY,timestamp on an assumed non-trading weekday (unverified)
641160,PUBALIBANK,2016-09-24,NON_TRADING_WEEKDAY,timestamp on an assumed non-trading weekday (unverified)
643817,PURABIGEN,2016-07-16,NON_TRADING_WEEKDAY,timestamp on an assumed non-trading weekday (unverified)
643861,PURABIGEN,2016-09-24,NON_TRADING_WEEKDAY,timestamp on an assumed non-trading weekday (unverified)
646514,QUASEMIND,2016-07-16,NON_TRADING_WEEKDAY,timestamp on an assumed non-trading weekday (unverified)
646558,QUASEMIND,2016-09-24,NON_TRADING_WEEKDAY,timestamp on an assumed non-trading weekday (unverified)
649723,QUEENSOUTH,2025-05-17,NON_TRADING_WEEKDAY,timestamp on an assumed non-trading weekday (unverified)
649729,QUEENSOUTH,2025-05-24,NON_TRADING_WEEKDAY,timestamp on an assumed non-trading weekday (unverified)
650762,RAHIMAFOOD,2016-07-16,NON_TRADING_WEEKDAY,timestamp on an assumed non-trading weekday (unverified)
650806,RAHIMAFOOD,2016-09-24,NON_TRADING_WEEKDAY,timestamp on an assumed non-trading weekday (unverified)
652868,RAHIMTEXT,2016-07-16,NON_TRADING_WEEKDAY,timestamp on an assumed non-trading weekday (unverified)
652912,RAHIMTEXT,2016-09-24,NON_TRADING_WEEKDAY,timestamp on an assumed non-trading weekday (unverified)
655458,RAKCERAMIC,2016-07-16,NON_TRADING_WEEKDAY,timestamp on an assumed non-trading weekday (unverified)
655502,RAKCERAMIC,2016-09-24,NON_TRADING_WEEKDAY,timestamp on an assumed non-trading weekday (unverified)
658099,RANFOUNDRY,2016-07-16,NON_TRADING_WEEKDAY,timestamp on an assumed non-trading weekday (unverified)
658143,RANFOUNDRY,2016-09-24,NON_TRADING_WEEKDAY,timestamp on an assumed non-trading weekday (unverified)
660789,RDFOOD,2016-07-16,NON_TRADING_WEEKDAY,timestamp on an assumed non-trading weekday (unverified)
660833,RDFOOD,2016-09-24,NON_TRADING_WEEKDAY,timestamp on an assumed non-trading weekday (unverified)
663328,RECKITTBEN,2016-07-16,NON_TRADING_WEEKDAY,timestamp on an assumed non-trading weekday (unverified)
663371,RECKITTBEN,2016-09-24,NON_TRADING_WEEKDAY,timestamp on an assumed non-trading weekday (unverified)
665214,REGENTTEX,2016-07-16,NON_TRADING_WEEKDAY,timestamp on an assumed non-trading weekday (unverified)
665258,REGENTTEX,2016-09-24,NON_TRADING_WEEKDAY,timestamp on an assumed non-trading weekday (unverified)
667725,RELIANCE1,2016-07-16,NON_TRADING_WEEKDAY,timestamp on an assumed non-trading weekday (unverified)
667768,RELIANCE1,2016-09-24,NON_TRADING_WEEKDAY,timestamp on an assumed non-trading weekday (unverified)
670198,RELIANCINS,2016-07-16,NON_TRADING_WEEKDAY,timestamp on an assumed non-trading weekday (unverified)
670240,RELIANCINS,2016-09-24,NON_TRADING_WEEKDAY,timestamp on an assumed non-trading weekday (unverified)
672894,RENATA,2016-07-16,NON_TRADING_WEEKDAY,timestamp on an assumed non-trading weekday (unverified)
672938,RENATA,2016-09-24,NON_TRADING_WEEKDAY,timestamp on an assumed non-trading weekday (unverified)
675558,RENWICKJA,2016-07-16,NON_TRADING_WEEKDAY,timestamp on an assumed non-trading weekday (unverified)
675602,RENWICKJA,2016-09-24,NON_TRADING_WEEKDAY,timestamp on an assumed non-trading weekday (unverified)
678155,REPUBLIC,2016-07-16,NON_TRADING_WEEKDAY,timestamp on an assumed non-trading weekday (unverified)
678199,REPUBLIC,2016-09-24,NON_TRADING_WEEKDAY,timestamp on an assumed non-trading weekday (unverified)
681138,RINGSHINE,2025-05-17,NON_TRADING_WEEKDAY,timestamp on an assumed non-trading weekday (unverified)
681144,RINGSHINE,2025-05-24,NON_TRADING_WEEKDAY,timestamp on an assumed non-trading weekday (unverified)
682213,RNSPIN,2016-07-16,NON_TRADING_WEEKDAY,timestamp on an assumed non-trading weekday (unverified)
682257,RNSPIN,2016-09-24,NON_TRADING_WEEKDAY,timestamp on an assumed non-trading weekday (unverified)
685001,ROBI,2025-05-17,NON_TRADING_WEEKDAY,timestamp on an assumed non-trading weekday (unverified)
685007,ROBI,2025-05-24,NON_TRADING_WEEKDAY,timestamp on an assumed non-trading weekday (unverified)
685605,RSRMSTEEL,2016-07-16,NON_TRADING_WEEKDAY,timestamp on an assumed non-trading weekday (unverified)
685649,RSRMSTEEL,2016-09-24,NON_TRADING_WEEKDAY,timestamp on an assumed non-trading weekday (unverified)
688668,RUNNERAUTO,2025-05-17,NON_TRADING_WEEKDAY,timestamp on an assumed non-trading weekday (unverified)
688674,RUNNERAUTO,2025-05-24,NON_TRADING_WEEKDAY,timestamp on an assumed non-trading weekday (unverified)
689738,RUPALIBANK,2016-07-16,NON_TRADING_WEEKDAY,timestamp on an assumed non-trading weekday (unverified)
689782,RUPALIBANK,2016-09-24,NON_TRADING_WEEKDAY,timestamp on an assumed non-trading weekday (unverified)
692390,RUPALIINS,2016-07-16,NON_TRADING_WEEKDAY,timestamp on an assumed non-trading weekday (unverified)
692434,RUPALIINS,2016-09-24,NON_TRADING_WEEKDAY,timestamp on an assumed non-trading weekday (unverified)
695079,RUPALILIFE,2016-07-16,NON_TRADING_WEEKDAY,timestamp on an assumed non-trading weekday (unverified)
695122,RUPALILIFE,2016-09-24,NON_TRADING_WEEKDAY,timestamp on an assumed non-trading weekday (unverified)
697172,SADHESIVE,2025-05-17,NON_TRADING_WEEKDAY,timestamp on an assumed non-trading weekday (unverified)
697178,SADHESIVE,2025-05-24,NON_TRADING_WEEKDAY,timestamp on an assumed non-trading weekday (unverified)
698241,SAFKOSPINN,2016-07-16,NON_TRADING_WEEKDAY,timestamp on an assumed non-trading weekday (unverified)
698285,SAFKOSPINN,2016-09-24,NON_TRADING_WEEKDAY,timestamp on an assumed non-trading weekday (unverified)
700376,SAIFPOWER,2016-07-16,NON_TRADING_WEEKDAY,timestamp on an assumed non-trading weekday (unverified)
700420,SAIFPOWER,2016-09-24,NON_TRADING_WEEKDAY,timestamp on an assumed non-trading weekday (unverified)
703035,SAIHAMCOT,2016-07-16,NON_TRADING_WEEKDAY,timestamp on an assumed non-trading weekday (unverified)
703079,SAIHAMCOT,2016-09-24,NON_TRADING_WEEKDAY,timestamp on an assumed non-trading weekday (unverified)
705594,SAIHAMTEX,2016-07-16,NON_TRADING_WEEKDAY,timestamp on an assumed non-trading weekday (unverified)
705638,SAIHAMTEX,2016-09-24,NON_TRADING_WEEKDAY,timestamp on an assumed non-trading weekday (unverified)
708210,SALAMCRST,2016-07-16,NON_TRADING_WEEKDAY,timestamp on an assumed non-trading weekday (unverified)
708254,SALAMCRST,2016-09-24,NON_TRADING_WEEKDAY,timestamp on an assumed non-trading weekday (unverified)
710709,SALVOCHEM,2016-07-16,NON_TRADING_WEEKDAY,timestamp on an assumed non-trading weekday (unverified)
710753,SALVOCHEM,2016-09-24,NON_TRADING_WEEKDAY,timestamp on an assumed non-trading weekday (unverified)
713099,SAMATALETH,2016-09-24,NON_TRADING_WEEKDAY,timestamp on an assumed non-trading weekday (unverified)
715599,SAMORITA,2016-07-16,NON_TRADING_WEEKDAY,timestamp on an assumed non-trading weekday (unverified)
715643,SAMORITA,2016-09-24,NON_TRADING_WEEKDAY,timestamp on an assumed non-trading weekday (unverified)
718296,SANDHANINS,2016-07-16,NON_TRADING_WEEKDAY,timestamp on an assumed non-trading weekday (unverified)
718339,SANDHANINS,2016-09-24,NON_TRADING_WEEKDAY,timestamp on an assumed non-trading weekday (unverified)
720983,SAPORTL,2016-07-16,NON_TRADING_WEEKDAY,timestamp on an assumed non-trading weekday (unverified)
721027,SAPORTL,2016-09-24,NON_TRADING_WEEKDAY,timestamp on an assumed non-trading weekday (unverified)
723374,SAVAREFR,2016-09-24,NON_TRADING_WEEKDAY,timestamp on an assumed non-trading weekday (unverified)
725622,SBACBANK,2025-05-17,NON_TRADING_WEEKDAY,timestamp on an assumed non-trading weekday (unverified)
725628,SBACBANK,2025-05-24,NON_TRADING_WEEKDAY,timestamp on an assumed non-trading weekday (unverified)
727018,SEAPEARL,2025-05-17,NON_TRADING_WEEKDAY,timestamp on an assumed non-trading weekday (unverified)
727024,SEAPEARL,2025-05-24,NON_TRADING_WEEKDAY,timestamp on an assumed non-trading weekday (unverified)
728478,SEMLFBSLGF,2025-05-17,NON_TRADING_WEEKDAY,timestamp on an assumed non-trading weekday (unverified)
728484,SEMLFBSLGF,2025-05-24,NON_TRADING_WEEKDAY,timestamp on an assumed non-trading weekday (unverified)
730344,SEMLIBBLSF,2025-05-17,NON_TRADING_WEEKDAY,timestamp on an assumed non-trading weekday (unverified)
730350,SEMLIBBLSF,2025-05-24,NON_TRADING_WEEKDAY,timestamp on an assumed non-trading weekday (unverified)
731414,SHAHJABANK,2016-07-16,NON_TRADING_WEEKDAY,timestamp on an assumed non-trading weekday (unverified)
731458,SHAHJABANK,2016-09-24,NON_TRADING_WEEKDAY,timestamp on an assumed non-trading weekday (unverified)
733338,SHARPIND,2025-05-17,NON_TRADING_WEEKDAY,timestamp on an assumed non-trading weekday (unverified)
733344,SHARPIND,2025-05-24,NON_TRADING_WEEKDAY,timestamp on an assumed non-trading weekday (unverified)
733832,SHASHADNIM,2016-07-16,NON_TRADING_WEEKDAY,timestamp on an assumed non-trading weekday (unverified)
733876,SHASHADNIM,2016-09-24,NON_TRADING_WEEKDAY,timestamp on an assumed non-trading weekday (unverified)
737209,SHEPHERD,2025-05-17,NON_TRADING_WEEKDAY,timestamp on an assumed non-trading weekday (unverified)
737215,SHEPHERD,2025-05-24,NON_TRADING_WEEKDAY,timestamp on an assumed non-trading weekday (unverified)
737821,SHURWID,2016-07-16,NON_TRADING_WEEKDAY,timestamp on an assumed non-trading weekday (unverified)
737865,SHURWID,2016-09-24,NON_TRADING_WEEKDAY,timestamp on an assumed non-trading weekday (unverified)
740129,SHYAMPSUG,2016-07-16,NON_TRADING_WEEKDAY,timestamp on an assumed non-trading weekday (unverified)
740171,SHYAMPSUG,2016-09-24,NON_TRADING_WEEKDAY,timestamp on an assumed non-trading weekday (unverified)
742794,SIBL,2016-07-16,NON_TRADING_WEEKDAY,timestamp on an assumed non-trading weekday (unverified)
742838,SIBL,2016-09-24,NON_TRADING_WEEKDAY,timestamp on an assumed non-trading weekday (unverified)
744877,SICL,2025-05-17,NON_TRADING_WEEKDAY,timestamp on an assumed non-trading weekday (unverified)
744883,SICL,2025-05-24,NON_TRADING_WEEKDAY,timestamp on an assumed non-trading weekday (unverified)
746414,SILCOPHL,2025-05-17,NON_TRADING_WEEKDAY,timestamp on an assumed non-trading weekday (unverified)
746420,SILCOPHL,2025-05-24,NON_TRADING_WEEKDAY,timestamp on an assumed non-trading weekday (unverified)
748066,SILVAPHL,2025-05-17,NON_TRADING_WEEKDAY,timestamp on an assumed non-trading weekday (unverified)
748072,SILVAPHL,2025-05-24,NON_TRADING_WEEKDAY,timestamp on an assumed non-trading weekday (unverified)
748390,SIMTEX,2016-07-16,NON_TRADING_WEEKDAY,timestamp on an assumed non-trading weekday (unverified)
748434,SIMTEX,2016-09-24,NON_TRADING_WEEKDAY,timestamp on an assumed non-trading weekday (unverified)
751070,SINGERBD,2016-07-16,NON_TRADING_WEEKDAY,timestamp on an assumed non-trading weekday (unverified)
751114,SINGERBD,2016-09-24,NON_TRADING_WEEKDAY,timestamp on an assumed non-trading weekday (unverified)
753763,SINOBANGLA,2016-07-16,NON_TRADING_WEEKDAY,timestamp on an assumed non-trading weekday (unverified)
753807,SINOBANGLA,2016-09-24,NON_TRADING_WEEKDAY,timestamp on an assumed non-trading weekday (unverified)
756401,SIPLC,2025-05-17,NON_TRADING_WEEKDAY,timestamp on an assumed non-trading weekday (unverified)
756407,SIPLC,2025-05-24,NON_TRADING_WEEKDAY,timestamp on an assumed non-trading weekday (unverified)
758646,SKTRIMS,2025-05-17,NON_TRADING_WEEKDAY,timestamp on an assumed non-trading weekday (unverified)
758652,SKTRIMS,2025-05-24,NON_TRADING_WEEKDAY,timestamp on an assumed non-trading weekday (unverified)
759718,SONALIANSH,2016-07-16,NON_TRADING_WEEKDAY,timestamp on an assumed non-trading weekday (unverified)
759762,SONALIANSH,2016-09-24,NON_TRADING_WEEKDAY,timestamp on an assumed non-trading weekday (unverified)
762441,SONALILIFE,2025-05-17,NON_TRADING_WEEKDAY,timestamp on an assumed non-trading weekday (unverified)
762447,SONALILIFE,2025-05-24,NON_TRADING_WEEKDAY,timestamp on an assumed non-trading weekday (unverified)
763706,SONALIPAPR,2025-05-17,NON_TRADING_WEEKDAY,timestamp on an assumed non-trading weekday (unverified)
763712,SONALIPAPR,2025-05-24,NON_TRADING_WEEKDAY,timestamp on an assumed non-trading weekday (unverified)
764775,SONARBAINS,2016-07-16,NON_TRADING_WEEKDAY,timestamp on an assumed non-trading weekday (unverified)
764819,SONARBAINS,2016-09-24,NON_TRADING_WEEKDAY,timestamp on an assumed non-trading weekday (unverified)
767455,SONARGAON,2016-07-16,NON_TRADING_WEEKDAY,timestamp on an assumed non-trading weekday (unverified)
767499,SONARGAON,2016-09-24,NON_TRADING_WEEKDAY,timestamp on an assumed non-trading weekday (unverified)
770086,SOUTHEASTB,2016-07-16,NON_TRADING_WEEKDAY,timestamp on an assumed non-trading weekday (unverified)
770130,SOUTHEASTB,2016-09-24,NON_TRADING_WEEKDAY,timestamp on an assumed non-trading weekday (unverified)
772775,SPCERAMICS,2016-07-16,NON_TRADING_WEEKDAY,timestamp on an assumed non-trading weekday (unverified)
772819,SPCERAMICS,2016-09-24,NON_TRADING_WEEKDAY,timestamp on an assumed non-trading weekday (unverified)
774969,SPCL,2016-07-16,NON_TRADING_WEEKDAY,timestamp on an assumed non-trading weekday (unverified)
775013,SPCL,2016-09-24,NON_TRADING_WEEKDAY,timestamp on an assumed non-trading weekday (unverified)
777630,SQUARETEXT,2016-07-16,NON_TRADING_WEEKDAY,timestamp on an assumed non-trading weekday (unverified)
777673,SQUARETEXT,2016-09-24,NON_TRADING_WEEKDAY,timestamp on an assumed non-trading weekday (unverified)
780279,SQURPHARMA,2016-07-16,NON_TRADING_WEEKDAY,timestamp on an assumed non-trading weekday (unverified)
780323,SQURPHARMA,2016-09-24,NON_TRADING_WEEKDAY,timestamp on an assumed non-trading weekday (unverified)
782366,SQURPHARMA,2025-05-17,NON_TRADING_WEEKDAY,timestamp on an assumed non-trading weekday (unverified)
782372,SQURPHARMA,2025-05-24,NON_TRADING_WEEKDAY,timestamp on an assumed non-trading weekday (unverified)
783974,SSSTEEL,2025-05-17,NON_TRADING_WEEKDAY,timestamp on an assumed non-trading weekday (unverified)
783980,SSSTEEL,2025-05-24,NON_TRADING_WEEKDAY,timestamp on an assumed non-trading weekday (unverified)
784949,STANCERAM,2016-07-16,NON_TRADING_WEEKDAY,timestamp on an assumed non-trading weekday (unverified)
784993,STANCERAM,2016-09-24,NON_TRADING_WEEKDAY,timestamp on an assumed non-trading weekday (unverified)
787562,STANDARINS,2016-07-16,NON_TRADING_WEEKDAY,timestamp on an assumed non-trading weekday (unverified)
787606,STANDARINS,2016-09-24,NON_TRADING_WEEKDAY,timestamp on an assumed non-trading weekday (unverified)
790189,STANDBANKL,2016-07-16,NON_TRADING_WEEKDAY,timestamp on an assumed non-trading weekday (unverified)
790233,STANDBANKL,2016-09-24,NON_TRADING_WEEKDAY,timestamp on an assumed non-trading weekday (unverified)
792444,STYLECRAFT,2016-07-16,NON_TRADING_WEEKDAY,timestamp on an assumed non-trading weekday (unverified)
792487,STYLECRAFT,2016-09-24,NON_TRADING_WEEKDAY,timestamp on an assumed non-trading weekday (unverified)
795144,SUMITPOWER,2016-07-16,NON_TRADING_WEEKDAY,timestamp on an assumed non-trading weekday (unverified)
797719,SUNLIFEINS,2016-07-16,NON_TRADING_WEEKDAY,timestamp on an assumed non-trading weekday (unverified)
797762,SUNLIFEINS,2016-09-24,NON_TRADING_WEEKDAY,timestamp on an assumed non-trading weekday (unverified)
800336,TAKAFULINS,2016-07-16,NON_TRADING_WEEKDAY,timestamp on an assumed non-trading weekday (unverified)
800380,TAKAFULINS,2016-09-24,NON_TRADING_WEEKDAY,timestamp on an assumed non-trading weekday (unverified)
803009,TALLUSPIN,2016-07-16,NON_TRADING_WEEKDAY,timestamp on an assumed non-trading weekday (unverified)
803053,TALLUSPIN,2016-09-24,NON_TRADING_WEEKDAY,timestamp on an assumed non-trading weekday (unverified)
805583,TAMIJTEX,2025-05-17,NON_TRADING_WEEKDAY,timestamp on an assumed non-trading weekday (unverified)
805589,TAMIJTEX,2025-05-24,NON_TRADING_WEEKDAY,timestamp on an assumed non-trading weekday (unverified)
805947,TECHNODRUG,2025-05-17,NON_TRADING_WEEKDAY,timestamp on an assumed non-trading weekday (unverified)
805953,TECHNODRUG,2025-05-24,NON_TRADING_WEEKDAY,timestamp on an assumed non-trading weekday (unverified)
806592,TILIL,2025-05-17,NON_TRADING_WEEKDAY,timestamp on an assumed non-trading weekday (unverified)
806598,TILIL,2025-05-24,NON_TRADING_WEEKDAY,timestamp on an assumed non-trading weekday (unverified)
807663,TITASGAS,2016-07-16,NON_TRADING_WEEKDAY,timestamp on an assumed non-trading weekday (unverified)
807707,TITASGAS,2016-09-24,NON_TRADING_WEEKDAY,timestamp on an assumed non-trading weekday (unverified)
809661,TOSRIFA,2016-07-16,NON_TRADING_WEEKDAY,timestamp on an assumed non-trading weekday (unverified)
809705,TOSRIFA,2016-09-24,NON_TRADING_WEEKDAY,timestamp on an assumed non-trading weekday (unverified)
812326,TRUSTBANK,2016-07-16,NON_TRADING_WEEKDAY,timestamp on an assumed non-trading weekday (unverified)
812370,TRUSTBANK,2016-09-24,NON_TRADING_WEEKDAY,timestamp on an assumed non-trading weekday (unverified)
814514,TUNGHAI,2016-07-16,NON_TRADING_WEEKDAY,timestamp on an assumed non-trading weekday (unverified)
814558,TUNGHAI,2016-09-24,NON_TRADING_WEEKDAY,timestamp on an assumed non-trading weekday (unverified)
817073,UCB,2016-07-16,NON_TRADING_WEEKDAY,timestamp on an assumed non-trading weekday (unverified)
817117,UCB,2016-09-24,NON_TRADING_WEEKDAY,timestamp on an assumed non-trading weekday (unverified)
819728,UNILEVERCL,2016-07-16,NON_TRADING_WEEKDAY,timestamp on an assumed non-trading weekday (unverified)
819772,UNILEVERCL,2016-09-24,NON_TRADING_WEEKDAY,timestamp on an assumed non-trading weekday (unverified)
822301,UNIONBANK,2025-05-17,NON_TRADING_WEEKDAY,timestamp on an assumed non-trading weekday (unverified)
822307,UNIONBANK,2025-05-24,NON_TRADING_WEEKDAY,timestamp on an assumed non-trading weekday (unverified)
823319,UNIONCAP,2016-07-16,NON_TRADING_WEEKDAY,timestamp on an assumed non-trading weekday (unverified)
823363,UNIONCAP,2016-09-24,NON_TRADING_WEEKDAY,timestamp on an assumed non-trading weekday (unverified)
825906,UNIONINS,2025-05-17,NON_TRADING_WEEKDAY,timestamp on an assumed non-trading weekday (unverified)
825912,UNIONINS,2025-05-24,NON_TRADING_WEEKDAY,timestamp on an assumed non-trading weekday (unverified)
826978,UNIQUEHRL,2016-07-16,NON_TRADING_WEEKDAY,timestamp on an assumed non-trading weekday (unverified)
827022,UNIQUEHRL,2016-09-24,NON_TRADING_WEEKDAY,timestamp on an assumed non-trading weekday (unverified)
829655,UNITEDFIN,2016-07-16,NON_TRADING_WEEKDAY,timestamp on an assumed non-trading weekday (unverified)
829699,UNITEDFIN,2016-09-24,NON_TRADING_WEEKDAY,timestamp on an assumed non-trading weekday (unverified)
832201,UNITEDINS,2016-07-16,NON_TRADING_WEEKDAY,timestamp on an assumed non-trading weekday (unverified)
832245,UNITEDINS,2016-09-24,NON_TRADING_WEEKDAY,timestamp on an assumed non-trading weekday (unverified)
834239,UPGDCL,2016-07-16,NON_TRADING_WEEKDAY,timestamp on an assumed non-trading weekday (unverified)
834283,UPGDCL,2016-09-24,NON_TRADING_WEEKDAY,timestamp on an assumed non-trading weekday (unverified)
836900,USMANIAGL,2016-07-16,NON_TRADING_WEEKDAY,timestamp on an assumed non-trading weekday (unverified)
836944,USMANIAGL,2016-09-24,NON_TRADING_WEEKDAY,timestamp on an assumed non-trading weekday (unverified)
839570,UTTARABANK,2016-07-16,NON_TRADING_WEEKDAY,timestamp on an assumed non-trading weekday (unverified)
839614,UTTARABANK,2016-09-24,NON_TRADING_WEEKDAY,timestamp on an assumed non-trading weekday (unverified)
842275,UTTARAFIN,2016-07-16,NON_TRADING_WEEKDAY,timestamp on an assumed non-trading weekday (unverified)
842319,UTTARAFIN,2016-09-24,NON_TRADING_WEEKDAY,timestamp on an assumed non-trading weekday (unverified)
846709,VFSTDL,2025-05-17,NON_TRADING_WEEKDAY,timestamp on an assumed non-trading weekday (unverified)
846715,VFSTDL,2025-05-24,NON_TRADING_WEEKDAY,timestamp on an assumed non-trading weekday (unverified)
847925,WALTONHIL,2025-05-17,NON_TRADING_WEEKDAY,timestamp on an assumed non-trading weekday (unverified)
847931,WALTONHIL,2025-05-24,NON_TRADING_WEEKDAY,timestamp on an assumed non-trading weekday (unverified)
848603,WATACHEM,2016-07-16,NON_TRADING_WEEKDAY,timestamp on an assumed non-trading weekday (unverified)
848647,WATACHEM,2016-09-24,NON_TRADING_WEEKDAY,timestamp on an assumed non-trading weekday (unverified)
850572,WEBCOATS,2025-05-17,NON_TRADING_WEEKDAY,timestamp on an assumed non-trading weekday (unverified)
850578,WEBCOATS,2025-05-24,NON_TRADING_WEEKDAY,timestamp on an assumed non-trading weekday (unverified)
851152,WMSHIPYARD,2016-07-16,NON_TRADING_WEEKDAY,timestamp on an assumed non-trading weekday (unverified)
851196,WMSHIPYARD,2016-09-24,NON_TRADING_WEEKDAY,timestamp on an assumed non-trading weekday (unverified)
853215,WONDERTOYS,2025-05-17,NON_TRADING_WEEKDAY,timestamp on an assumed non-trading weekday (unverified)
853221,WONDERTOYS,2025-05-24,NON_TRADING_WEEKDAY,timestamp on an assumed non-trading weekday (unverified)
853368,YPL,2016-09-24,NON_TRADING_WEEKDAY,timestamp on an assumed non-trading weekday (unverified)
855420,ZAHEENSPIN,2016-07-16,NON_TRADING_WEEKDAY,timestamp on an assumed non-trading weekday (unverified)
855464,ZAHEENSPIN,2016-09-24,NON_TRADING_WEEKDAY,timestamp on an assumed non-trading weekday (unverified)
858050,ZAHINTEX,2016-07-16,NON_TRADING_WEEKDAY,timestamp on an assumed non-trading weekday (unverified)
858094,ZAHINTEX,2016-09-24,NON_TRADING_WEEKDAY,timestamp on an assumed non-trading weekday (unverified)
860402,ZEALBANGLA,2016-07-16,NON_TRADING_WEEKDAY,timestamp on an assumed non-trading weekday (unverified)
860446,ZEALBANGLA,2016-09-24,NON_TRADING_WEEKDAY,timestamp on an assumed non-trading weekday (unverified)
