symbol,year,rows,days
1JANATAMF,2015,1008,42
1JANATAMF,2016,7704,283
1JANATAMF,2017,11282,247
1JANATAMF,2018,4528,240
1JANATAMF,2019,7486,236
1JANATAMF,2020,10881,185
1JANATAMF,2021,18474,239
1JANATAMF,2022,9727,239
1JANATAMF,2023,838,215
1JANATAMF,2024,703,18
1STPRIMFMF,2015,1087,42
1STPRIMFMF,2016,6820,284
1STPRIMFMF,2017,10348,247
1STPRIMFMF,2018,7425,240
1STPRIMFMF,2019,16224,236
1STPRIMFMF,2020,18356,196
1STPRIMFMF,2021,19011,239
1STPRIMFMF,2022,9540,238
1STPRIMFMF,2023,11564,240
1STPRIMFMF,2024,3834,22
AAMRANET,2017,6694,62
AAMRANET,2018,20603,240
AAMRANET,2019,11470,236
AAMRANET,2020,13317,192
AAMRANET,2021,20456,239
AAMRANET,2022,34893,242
AAMRANET,2023,43878,243
AAMRANET,2024,3405,22
AAMRATECH,2015,1841,41
AAMRATECH,2016,15135,284
AAMRATECH,2017,19037,247
AAMRATECH,2018,12369,240
AAMRATECH,2019,6870,236
AAMRATECH,2020,6809,191
AAMRATECH,2021,15174,239
AAMRATECH,2022,38129,243
AAMRATECH,2023,28032,243
AAMRATECH,2024,1716,22
ABB1STMF,2015,609,42
ABB1STMF,2016,4476,284
ABB1STMF,2017,10562,247
ABB1STMF,2018,4793,240
ABB1STMF,2019,4758,236
ABB1STMF,2020,11490,181
ABB1STMF,2021,16446,239
ABB1STMF,2022,4826,232
ABB1STMF,2023,890,188
ABB1STMF,2024,616,22
ABBANK,2015,2660,42
ABBANK,2016,19269,284
ABBANK,2017,25689,246
ABBANK,2018,15267,240
ABBANK,2019,10473,236
ABBANK,2020,16431,198
ABBANK,2021,39071,239
ABBANK,2022,19134,243
ABBANK,2023,1455,235
ABBANK,2024,1514,21
ABBLPBOND,2023,42,24
ABBLPBOND,2024,7,3
ACFL,2018,12146,95
ACFL,2019,17822,236
ACFL,2020,13169,189
ACFL,2021,21041,238
ACFL,2022,13051,236
ACFL,2023,488,181
ACFL,2024,461,18
ACHIASF,2022,2919,68
ACHIASF,2023,5745,233
ACHIASF,2024,347,19
ACI,2015,3132,42
ACI,2016,18159,283
ACI,2017,18032,247
ACI,2018,17423,240
ACI,2019,15616,236
ACI,2020,16903,198
ACI,2021,26033,239
ACI,2022,24541,243
ACI,2023,1431,229
ACI,2024,988,22
ACIFORMULA,2015,2118,42
ACIFORMULA,2016,18022,283
ACIFORMULA,2017,15111,247
ACIFORMULA,2018,8935,240
ACIFORMULA,2019,7250,236
ACIFORMULA,2020,9531,197
ACIFORMULA,2021,13347,239
ACIFORMULA,2022,26447,242
ACIFORMULA,2023,7781,229
ACIFORMULA,2024,679,21
ACMELAB,2016,14891,140
ACMELAB,2017,21045,247
ACMELAB,2018,12525,240
ACMELAB,2019,12080,236
ACMELAB,2020,15799,197
ACMELAB,2021,25832,239
ACMELAB,2022,31860,243
ACMELAB,2023,13392,243
ACMELAB,2024,1611,22
ACMEPL,2021,6399,34
ACMEPL,2022,38301,235
ACMEPL,2023,525,163
ACMEPL,2024,1709,21
ACTIVEFINE,2015,2810,42
ACTIVEFINE,2016,18036,283
ACTIVEFINE,2017,21415,247
ACTIVEFINE,2018,21612,240
ACTIVEFINE,2019,24531,236
ACTIVEFINE,2020,21704,199
ACTIVEFINE,2021,43461,239
ACTIVEFINE,2022,29085,237
ACTIVEFINE,2023,628,189
ACTIVEFINE,2024,1349,18
ADNTEL,2020,29289,189
ADNTEL,2021,26900,239
ADNTEL,2022,27572,243
ADNTEL,2023,36619,243
ADNTEL,2024,1921,22
ADVENT,2018,16538,169
ADVENT,2019,21528,236
ADVENT,2020,14488,192
ADVENT,2021,28673,228
ADVENT,2022,32871,242
ADVENT,2023,37686,243
ADVENT,2024,4117,22
AFCAGRO,2015,2481,42
AFCAGRO,2016,16306,283
AFCAGRO,2017,16338,247
AFCAGRO,2018,11263,239
AFCAGRO,2019,10287,236
AFCAGRO,2020,8260,190
AFCAGRO,2021,25944,236
AFCAGRO,2022,17763,236
AFCAGRO,2023,464,131
AFCAGRO,2024,748,15
AFTABAUTO,2015,3423,41
AFTABAUTO,2016,19611,284
AFTABAUTO,2017,16973,247
AFTABAUTO,2018,9611,240
AFTABAUTO,2019,9852,236
AFTABAUTO,2020,11531,195
AFTABAUTO,2021,18479,239
AFTABAUTO,2022,13406,243
AFTABAUTO,2023,17424,242
AFTABAUTO,2024,4170,22
AGNISYSL,2015,2551,42
AGNISYSL,2016,15832,284
AGNISYSL,2017,20639,247
AGNISYSL,2018,16820,240
AGNISYSL,2019,12846,236
AGNISYSL,2020,16867,194
AGNISYSL,2021,26590,239
AGNISYSL,2022,36621,243
AGNISYSL,2023,35499,243
AGNISYSL,2024,3061,22
AGRANINS,2015,358,42
AGRANINS,2016,2960,279
AGRANINS,2017,3536,247
AGRANINS,2018,2213,237
AGRANINS,2019,21570,236
AGRANINS,2020,20534,195
AGRANINS,2021,35278,238
AGRANINS,2022,13746,240
AGRANINS,2023,16277,240
AGRANINS,2024,2086,22
AIBL1STIMF,2015,363,42
AIBL1STIMF,2016,2204,269
AIBL1STIMF,2017,3095,245
AIBL1STIMF,2018,1227,225
AIBL1STIMF,2019,1540,219
AIBL1STIMF,2020,4778,173
AIBL1STIMF,2021,10644,239
AIBL1STIMF,2022,3191,231
AIBL1STIMF,2023,1073,179
AIBL1STIMF,2024,1346,22
AIL,2017,13,1
AIL,2018,24699,239
AIL,2019,29961,236
AIL,2020,16227,187
AIL,2021,22553,233
AIL,2022,12832,223
AIL,2023,24878,168
AIL,2024,2303,22
AL-HAJTEX,2015,3719,42
AL-HAJTEX,2016,21733,284
AL-HAJTEX,2017,20950,247
AL-HAJTEX,2018,15963,240
AL-HAJTEX,2019,26177,235
AL-HAJTEX,2020,6290,181
AL-HAJTEX,2021,22893,238
AL-HAJTEX,2022,21540,235
AL-HAJTEX,2023,20624,237
AL-HAJTEX,2024,829,18
ALARABANK,2015,2927,42
ALARABANK,2016,15438,283
ALARABANK,2017,21542,247
ALARABANK,2018,11062,240
ALARABANK,2019,8912,236
ALARABANK,2020,9482,198
ALARABANK,2021,15559,239
ALARABANK,2022,6618,242
ALARABANK,2023,3578,240
ALARABANK,2024,474,22
ALIF,2015,1797,41
ALIF,2016,21895,283
ALIF,2017,23312,246
ALIF,2018,20924,239
ALIF,2019,23026,236
ALIF,2020,17520,197
ALIF,2021,46005,239
ALIF,2022,33658,242
ALIF,2023,4271,210
ALIF,2024,1365,17
ALLTEX,2015,2847,41
ALLTEX,2016,19768,283
ALLTEX,2017,7071,246
ALLTEX,2018,4778,239
ALLTEX,2019,6950,234
ALLTEX,2020,3937,194
ALLTEX,2021,13459,239
ALLTEX,2022,20614,219
ALLTEX,2023,4300,202
ALLTEX,2024,944,18
AMANFEED,2015,3753,41
AMANFEED,2016,22388,284
AMANFEED,2017,15951,247
AMANFEED,2018,18743,240
AMANFEED,2019,21781,236
AMANFEED,2020,12384,192
AMANFEED,2021,37027,239
AMANFEED,2022,31013,242
AMANFEED,2023,768,195
AMANFEED,2024,1279,18
AMBEEPHA,2015,942,42
AMBEEPHA,2016,12129,283
AMBEEPHA,2017,8399,247
AMBEEPHA,2018,15412,240
AMBEEPHA,2019,14589,236
AMBEEPHA,2020,7981,197
AMBEEPHA,2021,9805,238
AMBEEPHA,2022,12389,243
AMBEEPHA,2023,17119,243
AMBEEPHA,2024,1426,22
AMCL(PRAN),2015,1619,41
AMCL(PRAN),2016,10126,284
AMCL(PRAN),2017,6988,247
AMCL(PRAN),2018,8810,240
AMCL(PRAN),2019,4895,236
AMCL(PRAN),2020,2997,196
AMCL(PRAN),2021,10819,234
AMCL(PRAN),2022,25205,243
AMCL(PRAN),2023,17691,243
AMCL(PRAN),2024,708,22
AMPL,2023,3840,133
AMPL,2024,556,19
ANLIMAYARN,2015,1569,42
ANLIMAYARN,2016,14233,284
ANLIMAYARN,2017,13955,247
ANLIMAYARN,2018,14174,240
ANLIMAYARN,2019,17955,236
ANLIMAYARN,2020,16255,197
ANLIMAYARN,2021,23563,239
ANLIMAYARN,2022,13621,241
ANLIMAYARN,2023,14146,243
ANLIMAYARN,2024,2984,22
ANWARGALV,2015,2527,41
ANWARGALV,2016,15126,284
ANWARGALV,2017,13620,247
ANWARGALV,2018,20696,240
ANWARGALV,2019,16902,236
ANWARGALV,2020,17182,184
ANWARGALV,2021,21374,239
ANWARGALV,2022,28876,243
ANWARGALV,2023,5468,231
ANWARGALV,2024,51,19
AOL,2020,8897,46
AOL,2021,33581,239
AOL,2022,16943,240
AOL,2023,3779,215
AOL,2024,1788,19
AOPLC,2024,522,14
APEXFOODS,2015,2443,42
APEXFOODS,2016,17543,284
APEXFOODS,2017,12614,247
APEXFOODS,2018,15291,240
APEXFOODS,2019,11863,234
APEXFOODS,2020,9552,173
APEXFOODS,2021,13919,233
APEXFOODS,2022,30873,243
APEXFOODS,2023,37016,243
APEXFOODS,2024,2340,22
APEXFOOT,2015,890,42
APEXFOOT,2016,10620,284
APEXFOOT,2017,8689,247
APEXFOOT,2018,7884,240
APEXFOOT,2019,5236,236
APEXFOOT,2020,4136,184
APEXFOOT,2021,7630,221
APEXFOOT,2022,23744,243
APEXFOOT,2023,33467,243
APEXFOOT,2024,2035,22
APEXSPINN,2015,2289,42
APEXSPINN,2016,14024,284
APEXSPINN,2017,8294,247
APEXSPINN,2018,12336,240
APEXSPINN,2019,7170,234
APEXSPINN,2020,6091,174
APEXSPINN,2021,7296,208
APEXSPINN,2022,19950,235
APEXSPINN,2023,16304,243
APEXSPINN,2024,938,22
APEXTANRY,2015,2480,42
APEXTANRY,2016,13707,279
APEXTANRY,2017,7902,247
APEXTANRY,2018,11521,240
APEXTANRY,2019,9656,236
APEXTANRY,2020,4398,189
APEXTANRY,2021,5671,208
APEXTANRY,2022,14158,224
APEXTANRY,2023,10475,241
APEXTANRY,2024,489,22
APEXWEAV,2022,3047,69
APEXWEAV,2023,5222,232
APEXWEAV,2024,435,19
APOLOISPAT,2015,3495,42
APOLOISPAT,2016,22341,284
APOLOISPAT,2017,25133,247
APOLOISPAT,2018,19469,240
APOLOISPAT,2019,17813,237
APOLOISPAT,2020,17144,198
APOLOISPAT,2021,40225,240
APOLOISPAT,2022,21423,239
APOLOISPAT,2023,1166,190
APOLOISPAT,2024,1099,19
APSCLBOND,2020,343,40
APSCLBOND,2021,532,165
APSCLBOND,2022,128,83
APSCLBOND,2023,21,10
ARAMIT,2015,1197,42
ARAMIT,2016,12278,283
ARAMIT,2017,7889,247
ARAMIT,2018,15292,240
ARAMIT,2019,10763,236
ARAMIT,2020,7243,190
ARAMIT,2021,12713,239
ARAMIT,2022,15590,243
ARAMIT,2023,13881,243
ARAMIT,2024,471,22
ARAMITCEM,2015,2471,42
ARAMITCEM,2016,12092,283
ARAMITCEM,2017,14492,247
ARAMITCEM,2018,3501,240
ARAMITCEM,2019,3286,235
ARAMITCEM,2020,2837,190
ARAMITCEM,2021,16587,239
ARAMITCEM,2022,17100,239
ARAMITCEM,2023,16943,242
ARAMITCEM,2024,2646,22
ARGONDENIM,2015,1759,42
ARGONDENIM,2016,15037,284
ARGONDENIM,2017,21633,247
ARGONDENIM,2018,14190,240
ARGONDENIM,2019,8725,236
ARGONDENIM,2020,10762,181
ARGONDENIM,2021,19463,226
ARGONDENIM,2022,11393,228
ARGONDENIM,2023,6925,182
ARGONDENIM,2024,1081,21
ASIAINS,2015,653,42
ASIAINS,2016,4329,282
ASIAINS,2017,3579,247
ASIAINS,2018,1606,228
ASIAINS,2019,19997,236
ASIAINS,2020,18065,198
ASIAINS,2021,20036,239
ASIAINS,2022,37435,243
ASIAINS,2023,23428,241
ASIAINS,2024,2382,22
ASIAPACINS,2015,272,42
ASIAPACINS,2016,2418,279
ASIAPACINS,2017,2625,240
ASIAPACINS,2018,4429,221
ASIAPACINS,2019,11261,236
ASIAPACINS,2020,17159,190
ASIAPACINS,2021,25836,239
ASIAPACINS,2022,12145,243
ASIAPACINS,2023,18744,243
ASIAPACINS,2024,1976,22
ATCSLGF,2015,781,43
ATCSLGF,2016,4228,283
ATCSLGF,2017,4805,246
ATCSLGF,2018,3584,240
ATCSLGF,2019,11147,235
ATCSLGF,2020,13115,198
ATCSLGF,2021,14778,239
ATCSLGF,2022,6542,207
ATCSLGF,2023,2857,93
ATCSLGF,2024,2407,22
ATLASBANG,2015,2177,42
ATLASBANG,2016,14251,284
ATLASBANG,2017,7389,247
ATLASBANG,2018,10912,240
ATLASBANG,2019,12351,236
ATLASBANG,2020,3499,183
ATLASBANG,2021,4431,205
ATLASBANG,2022,6530,223
ATLASBANG,2023,101,71
ATLASBANG,2024,196,12
AZIZPIPES,2015,495,42
AZIZPIPES,2016,3150,272
AZIZPIPES,2017,5521,245
AZIZPIPES,2018,18676,240
AZIZPIPES,2019,14579,234
AZIZPIPES,2020,14823,195
AZIZPIPES,2021,22354,237
AZIZPIPES,2022,16577,242
AZIZPIPES,2023,28638,243
AZIZPIPES,2024,3284,22
BANGAS,2015,2683,41
BANGAS,2016,14055,284
BANGAS,2017,7755,247
BANGAS,2018,10901,240
BANGAS,2019,28715,236
BANGAS,2020,19640,197
BANGAS,2021,16718,237
BANGAS,2022,21004,238
BANGAS,2023,25396,243
BANGAS,2024,1871,22
BANKASIA,2015,764,41
BANKASIA,2016,6044,283
BANKASIA,2017,14968,247
BANKASIA,2018,8545,240
BANKASIA,2019,9143,236
BANKASIA,2020,5562,197
BANKASIA,2021,10044,238
BANKASIA,2022,4194,232
BANKASIA,2023,1133,209
BANKASIA,2024,301,22
BARKAPOWER,2015,2740,42
BARKAPOWER,2016,16613,284
BARKAPOWER,2017,23909,247
BARKAPOWER,2018,15941,240
BARKAPOWER,2019,14390,236
BARKAPOWER,2020,18306,196
BARKAPOWER,2021,39078,239
BARKAPOWER,2022,19912,237
BARKAPOWER,2023,351,164
BARKAPOWER,2024,728,12
BATASHOE,2015,443,39
BATASHOE,2016,4096,282
BATASHOE,2017,5388,246
BATASHOE,2018,3284,238
BATASHOE,2019,10295,236
BATASHOE,2020,5606,197
BATASHOE,2021,7850,233
BATASHOE,2022,5615,240
BATASHOE,2023,2621,241
BATASHOE,2024,175,20
BATBC,2015,418,41
BATBC,2016,3740,279
BATBC,2017,3088,241
BATBC,2018,3097,239
BATBC,2019,31007,236
BATBC,2020,30238,197
BATBC,2021,57601,238
BATBC,2022,44900,242
BATBC,2023,6682,243
BATBC,2024,493,22
BAYLEASING,2015,1635,42
BAYLEASING,2016,11033,283
BAYLEASING,2017,13377,247
BAYLEASING,2018,5433,240
BAYLEASING,2019,5640,236
BAYLEASING,2020,9789,186
BAYLEASING,2021,31121,239
BAYLEASING,2022,26960,228
BAYLEASING,2023,162,95
BAYLEASING,2024,1064,13
BBS,2015,3040,42
BBS,2016,20688,284
BBS,2017,24028,247
BBS,2018,17648,240
BBS,2019,13646,236
BBS,2020,13315,192
BBS,2021,19886,239
BBS,2022,39354,243
BBS,2023,4676,226
BBS,2024,1486,19
BBSCABLES,2017,11589,103
BBSCABLES,2018,28714,240
BBSCABLES,2019,32932,236
BBSCABLES,2020,23480,198
BBSCABLES,2021,35555,238
BBSCABLES,2022,29621,243
BBSCABLES,2023,1098,210
BBSCABLES,2024,1293,20
BDAUTOCA,2015,672,41
BDAUTOCA,2016,5704,283
BDAUTOCA,2017,13797,247
BDAUTOCA,2018,16029,211
BDAUTOCA,2019,26372,234
BDAUTOCA,2020,14530,194
BDAUTOCA,2021,11857,217
BDAUTOCA,2022,15152,233
BDAUTOCA,2023,24238,243
BDAUTOCA,2024,1507,22
BDCOM,2015,1602,42
BDCOM,2016,16242,284
BDCOM,2017,19331,247
BDCOM,2018,17206,240
BDCOM,2019,17057,236
BDCOM,2020,17007,197
BDCOM,2021,24745,239
BDCOM,2022,43287,243
BDCOM,2023,40997,243
BDCOM,2024,3518,22
BDFINANCE,2015,1840,42
BDFINANCE,2016,17782,284
BDFINANCE,2017,21986,247
BDFINANCE,2018,16278,240
BDFINANCE,2019,15645,236
BDFINANCE,2020,20353,194
BDFINANCE,2021,36207,237
BDFINANCE,2022,14463,228
BDFINANCE,2023,152,88
BDFINANCE,2024,435,10
BDLAMPS,2015,2181,42
BDLAMPS,2016,10424,284
BDLAMPS,2017,8431,247
BDLAMPS,2018,13790,240
BDLAMPS,2019,14689,236
BDLAMPS,2020,11686,196
BDLAMPS,2021,27613,239
BDLAMPS,2022,32933,242
BDLAMPS,2023,7359,194
BDLAMPS,2024,799,18
BDPAINTS,2022,1858,68
BDPAINTS,2023,6552,232
BDPAINTS,2024,592,19
BDTHAI,2015,3063,42
BDTHAI,2016,22467,283
BDTHAI,2017,22853,247
BDTHAI,2018,22348,240
BDTHAI,2019,15644,236
BDTHAI,2020,15630,175
BDTHAI,2021,40529,239
BDTHAI,2022,21648,233
BDTHAI,2023,23492,243
BDTHAI,2024,5468,22
BDTHAIFOOD,2022,40032,225
BDTHAIFOOD,2023,14924,210
BDTHAIFOOD,2024,1332,18
BDWELDING,2015,2954,42
BDWELDING,2016,11585,282
BDWELDING,2017,11897,247
BDWELDING,2018,7974,241
BDWELDING,2019,6347,237
BDWELDING,2020,10967,198
BDWELDING,2021,14081,240
BDWELDING,2022,20314,244
BDWELDING,2023,16229,244
BDWELDING,2024,699,22
BEACHHATCH,2015,2290,42
BEACHHATCH,2016,12380,284
BEACHHATCH,2017,10546,247
BEACHHATCH,2018,7840,240
BEACHHATCH,2019,9455,237
BEACHHATCH,2020,8058,184
BEACHHATCH,2021,16415,232
BEACHHATCH,2022,15548,239
BEACHHATCH,2023,36851,243
BEACHHATCH,2024,4104,22
BEACONPHAR,2015,1736,42
BEACONPHAR,2016,13061,284
BEACONPHAR,2017,20299,247
BEACONPHAR,2018,10123,240
BEACONPHAR,2019,20360,236
BEACONPHAR,2020,21141,192
BEACONPHAR,2021,30318,239
BEACONPHAR,2022,21952,243
BEACONPHAR,2023,8062,191
BEACONPHAR,2024,2169,21
BENGALBISC,2022,1836,71
BENGALBISC,2023,2215,227
BENGALBISC,2024,129,19
BENGALWTL,2015,2284,42
BENGALWTL,2016,16660,283
BENGALWTL,2017,13874,247
BENGALWTL,2018,9581,240
BENGALWTL,2019,9011,236
BENGALWTL,2020,8271,181
BENGALWTL,2021,15076,235
BENGALWTL,2022,18039,243
BENGALWTL,2023,33984,243
BENGALWTL,2024,2349,22
BERGERPBL,2015,249,39
BERGERPBL,2016,1886,255
BERGERPBL,2017,1205,219
BERGERPBL,2018,13421,229
BERGERPBL,2019,20162,236
BERGERPBL,2020,11098,198
BERGERPBL,2021,17990,239
BERGERPBL,2022,5086,241
BERGERPBL,2023,6209,243
BERGERPBL,2024,1321,22
BEXGSUKUK,2022,7480,233
BEXGSUKUK,2023,1194,211
BEXGSUKUK,2024,167,18
BEXIMCO,2015,4066,42
BEXIMCO,2016,25810,284
BEXIMCO,2017,27386,247
BEXIMCO,2018,27935,240
BEXIMCO,2019,31076,236
BEXIMCO,2020,36282,198
BEXIMCO,2021,58977,237
BEXIMCO,2022,54948,243
BEXIMCO,2023,2353,236
BEXIMCO,2024,105,20
BGIC,2015,841,42
BGIC,2016,5701,283
BGIC,2017,5957,247
BGIC,2018,2631,240
BGIC,2019,7419,236
BGIC,2020,14386,191
BGIC,2021,24457,239
BGIC,2022,10929,243
BGIC,2023,11939,243
BGIC,2024,629,22
BIFC,2015,604,41
BIFC,2016,2735,281
BIFC,2017,3535,246
BIFC,2018,1751,234
BIFC,2019,2191,236
BIFC,2020,2381,169
BIFC,2021,5284,237
BIFC,2022,5452,233
BIFC,2023,470,115
BIFC,2024,198,16
BNICL,2016,13197,180
BNICL,2017,12572,247
BNICL,2018,7711,240
BNICL,2019,21068,236
BNICL,2020,20330,193
BNICL,2021,13654,239
BNICL,2022,24516,243
BNICL,2023,23382,243
BNICL,2024,1956,22
BPML,2018,14950,119
BPML,2019,24825,236
BPML,2020,14859,194
BPML,2021,19601,239
BPML,2022,41036,243
BPML,2023,45913,243
BPML,2024,4276,22
BPPL,2021,25664,110
BPPL,2022,30266,236
BPPL,2023,432,178
BPPL,2024,1320,19
BRACBANK,2015,2197,42
BRACBANK,2016,14989,284
BRACBANK,2017,22034,247
BRACBANK,2018,23196,239
BRACBANK,2019,26518,236
BRACBANK,2020,29020,198
BRACBANK,2021,34888,239
BRACBANK,2022,22355,243
BRACBANK,2023,2844,242
BRACBANK,2024,2227,22
BSC,2015,3067,42
BSC,2016,24174,284
BSC,2017,26043,246
BSC,2018,20290,239
BSC,2019,31665,236
BSC,2020,24450,195
BSC,2021,33605,240
BSC,2022,54808,242
BSC,2023,44968,243
BSC,2024,3670,22
BSCCL,2015,3565,42
BSCCL,2016,23743,284
BSCCL,2017,18384,247
BSCCL,2018,13232,240
BSCCL,2019,34693,236
BSCCL,2020,32237,198
BSCCL,2021,35656,239
BSCCL,2022,23521,243
BSCCL,2023,1351,231
BSCCL,2024,1168,21
BSRMLTD,2015,3352,43
BSRMLTD,2016,24276,282
BSRMLTD,2017,13320,246
BSRMLTD,2018,19704,240
BSRMLTD,2019,12813,235
BSRMLTD,2020,11006,193
BSRMLTD,2021,26942,238
BSRMLTD,2022,16538,242
BSRMLTD,2023,713,202
BSRMLTD,2024,180,19
BSRMSTEEL,2015,3754,42
BSRMSTEEL,2016,19189,282
BSRMSTEEL,2017,13929,246
BSRMSTEEL,2018,8529,240
BSRMSTEEL,2019,6165,236
BSRMSTEEL,2020,9250,196
BSRMSTEEL,2021,22036,238
BSRMSTEEL,2022,14041,240
BSRMSTEEL,2023,2628,222
BSRMSTEEL,2024,599,19
BXPHARMA,2015,3949,42
BXPHARMA,2016,21432,283
BXPHARMA,2017,22787,247
BXPHARMA,2018,17170,240
BXPHARMA,2019,14784,236
BXPHARMA,2020,33823,198
BXPHARMA,2021,49575,239
BXPHARMA,2022,38073,243
BXPHARMA,2023,5426,237
BXPHARMA,2024,1686,22
CAPITECGBF,2023,7484,51
CAPITECGBF,2024,2947,22
CAPMBDBLMF,2017,3956,237
CAPMBDBLMF,2018,2756,232
CAPMBDBLMF,2019,5174,214
CAPMBDBLMF,2020,8104,182
CAPMBDBLMF,2021,17498,239
CAPMBDBLMF,2022,5371,207
CAPMBDBLMF,2023,4024,170
CAPMBDBLMF,2024,774,22
CAPMIBBLMF,2018,7385,196
CAPMIBBLMF,2019,10478,236
CAPMIBBLMF,2020,12544,182
CAPMIBBLMF,2021,21682,239
CAPMIBBLMF,2022,8144,202
CAPMIBBLMF,2023,13759,243
CAPMIBBLMF,2024,1971,22
CENTRALINS,2015,268,39
CENTRALINS,2016,2362,275
CENTRALINS,2017,2543,246
CENTRALINS,2018,969,216
CENTRALINS,2019,10037,236
CENTRALINS,2020,14666,198
CENTRALINS,2021,25272,239
CENTRALINS,2022,9086,243
CENTRALINS,2023,8878,243
CENTRALINS,2024,1334,22
CENTRALPHL,2015,2692,42
CENTRALPHL,2016,18541,284
CENTRALPHL,2017,23797,247
CENTRALPHL,2018,17653,240
CENTRALPHL,2019,18787,236
CENTRALPHL,2020,20996,198
CENTRALPHL,2021,29041,238
CENTRALPHL,2022,22064,242
CENTRALPHL,2023,29999,243
CENTRALPHL,2024,5225,22
CITYBANK,2015,2831,42
CITYBANK,2016,18241,280
CITYBANK,2017,26049,247
CITYBANK,2018,22085,240
CITYBANK,2019,24917,236
CITYBANK,2020,23548,197
CITYBANK,2021,39224,239
CITYBANK,2022,20568,243
CITYBANK,2023,3284,242
CITYBANK,2024,1206,22
CITYGENINS,2015,706,42
CITYGENINS,2016,9771,284
CITYGENINS,2017,10730,247
CITYGENINS,2018,4870,240
CITYGENINS,2019,21067,236
CITYGENINS,2020,21771,194
CITYGENINS,2021,32634,239
CITYGENINS,2022,16491,243
CITYGENINS,2023,18472,243
CITYGENINS,2024,929,22
CLICL,2022,7361,44
CLICL,2023,31821,243
CLICL,2024,2065,22
CNATEX,2015,3302,42
CNATEX,2016,19403,283
CNATEX,2017,23915,248
CNATEX,2018,10307,241
CNATEX,2019,9051,237
CNATEX,2020,9372,198
CNATEX,2021,24389,240
CNATEX,2022,12858,232
CNATEX,2023,8889,175
CNATEX,2024,1668,22
CONFIDCEM,2015,1611,42
CONFIDCEM,2016,13566,283
CONFIDCEM,2017,18454,246
CONFIDCEM,2018,16110,240
CONFIDCEM,2019,16676,236
CONFIDCEM,2020,22406,199
CONFIDCEM,2021,37511,238
CONFIDCEM,2022,17771,242
CONFIDCEM,2023,2428,214
CONFIDCEM,2024,909,17
CONTININS,2015,449,41
CONTININS,2016,5550,283
CONTININS,2017,5927,247
CONTININS,2018,3902,236
CONTININS,2019,17564,236
CONTININS,2020,21124,183
CONTININS,2021,33839,239
CONTININS,2022,13472,240
CONTININS,2023,26191,243
CONTININS,2024,3931,22
COPPERTECH,2019,12158,95
COPPERTECH,2020,16832,185
COPPERTECH,2021,20273,238
COPPERTECH,2022,32867,241
COPPERTECH,2023,964,171
COPPERTECH,2024,1514,17
CROWNCEMNT,2022,3524,166
CROWNCEMNT,2023,3572,136
CROWNCEMNT,2024,667,22
CRYSTALINS,2020,64,8
CRYSTALINS,2021,31442,239
CRYSTALINS,2022,13495,243
CRYSTALINS,2023,26969,243
CRYSTALINS,2024,2892,22
CVOPRL,2015,3511,42
CVOPRL,2016,23171,284
CVOPRL,2017,17871,247
CVOPRL,2018,20771,240
CVOPRL,2019,23368,236
CVOPRL,2020,12175,190
CVOPRL,2021,25038,217
CVOPRL,2022,33526,237
CVOPRL,2023,29164,221
CVOPRL,2024,3067,22
DACCADYE,2015,1894,42
DACCADYE,2016,15995,284
DACCADYE,2017,8379,247
DACCADYE,2018,5627,241
DACCADYE,2019,3475,235
DACCADYE,2020,6457,198
DACCADYE,2021,21587,239
DACCADYE,2022,27158,235
DACCADYE,2023,15835,236
DACCADYE,2024,2099,22
DAFODILCOM,2015,1513,42
DAFODILCOM,2016,17309,284
DAFODILCOM,2017,16647,247
DAFODILCOM,2018,14141,240
DAFODILCOM,2019,11868,236
DAFODILCOM,2020,8901,168
DAFODILCOM,2021,5814,229
DAFODILCOM,2022,1980,217
DAFODILCOM,2023,8085,161
DAFODILCOM,2024,535,22
DBH,2015,1481,41
DBH,2016,16099,284
DBH,2017,12648,247
DBH,2018,3912,240
DBH,2019,8490,236
DBH,2020,9355,188
DBH,2021,19561,238
DBH,2022,12941,241
DBH,2023,949,214
DBH,2024,887,22
DBH1STMF,2015,710,42
DBH1STMF,2016,4579,283
DBH1STMF,2017,4018,247
DBH1STMF,2018,1996,240
DBH1STMF,2019,2856,235
DBH1STMF,2020,6671,182
DBH1STMF,2021,10045,238
DBH1STMF,2022,3121,228
DBH1STMF,2023,593,139
DBH1STMF,2024,1265,22
DBLPBOND,2023,10,6
DBLPBOND,2024,1,1
DELTALIFE,2015,3503,42
DELTALIFE,2016,16399,285
DELTALIFE,2017,14337,247
DELTALIFE,2018,11672,239
DELTALIFE,2019,6974,236
DELTALIFE,2020,10357,193
DELTALIFE,2021,31961,240
DELTALIFE,2022,40972,244
DELTALIFE,2023,27490,242
DELTALIFE,2024,1417,22
DELTASPINN,2015,1994,41
DELTASPINN,2016,14779,283
DELTASPINN,2017,19443,247
DELTASPINN,2018,11320,241
DELTASPINN,2019,6267,237
DELTASPINN,2020,7506,196
DELTASPINN,2021,31618,239
DELTASPINN,2022,18241,229
DELTASPINN,2023,3415,170
DELTASPINN,2024,1228,22
DESCO,2015,2140,41
DESCO,2016,11159,284
DESCO,2017,15145,247
DESCO,2018,6195,240
DESCO,2019,8198,236
DESCO,2020,5550,195
DESCO,2021,11606,239
DESCO,2022,9331,242
DESCO,2023,472,147
DESCO,2024,409,18
DESHBANDHU,2015,1795,42
DESHBANDHU,2016,11735,284
DESHBANDHU,2017,12177,247
DESHBANDHU,2018,16298,240
DESHBANDHU,2019,11007,236
DESHBANDHU,2020,13282,187
DESHBANDHU,2021,29175,239
DESHBANDHU,2022,23910,241
DESHBANDHU,2023,32193,243
DESHBANDHU,2024,4592,21
DGIC,2021,21545,180
DGIC,2022,17722,243
DGIC,2023,24991,243
DGIC,2024,3216,22
DHAKABANK,2015,1302,42
DHAKABANK,2016,9283,284
DHAKABANK,2017,16551,247
DHAKABANK,2018,15936,240
DHAKABANK,2019,15597,236
DHAKABANK,2020,9473,198
DHAKABANK,2021,19675,239
DHAKABANK,2022,8527,242
DHAKABANK,2023,2043,231
DHAKABANK,2024,609,22
DHAKAINS,2015,354,41
DHAKAINS,2016,3436,278
DHAKAINS,2017,4231,246
DHAKAINS,2018,3073,239
DHAKAINS,2019,14021,236
DHAKAINS,2020,18183,193
DHAKAINS,2021,24986,239
DHAKAINS,2022,9221,235
DHAKAINS,2023,21415,243
DHAKAINS,2024,1424,22
DOMINAGE,2020,3251,19
DOMINAGE,2021,39981,239
DOMINAGE,2022,15869,232
DOMINAGE,2023,12941,233
DOMINAGE,2024,3045,22
DOREENPWR,2016,19121,194
DOREENPWR,2017,24144,247
DOREENPWR,2018,18521,240
DOREENPWR,2019,20791,236
DOREENPWR,2020,14327,188
DOREENPWR,2021,27134,239
DOREENPWR,2022,26925,241
DOREENPWR,2023,506,175
DOREENPWR,2024,943,15
DSHGARME,2015,2212,42
DSHGARME,2016,11846,284
DSHGARME,2017,11030,247
DSHGARME,2018,15580,240
DSHGARME,2019,11288,236
DSHGARME,2020,8171,197
DSHGARME,2021,19066,239
DSHGARME,2022,17920,233
DSHGARME,2023,12645,236
DSHGARME,2024,410,22
DSSL,2016,16783,208
DSSL,2017,20537,247
DSSL,2018,25473,238
DSSL,2019,29070,236
DSSL,2020,22820,193
DSSL,2021,40619,238
DSSL,2022,31583,232
DSSL,2023,3172,195
DSSL,2024,1352,18
DULAMIACOT,2015,173,38
DULAMIACOT,2016,1005,222
DULAMIACOT,2017,3510,229
DULAMIACOT,2018,4947,240
DULAMIACOT,2019,4788,232
DULAMIACOT,2020,4882,187
DULAMIACOT,2021,4604,236
DULAMIACOT,2022,4306,223
DULAMIACOT,2023,658,116
DULAMIACOT,2024,101,13
DUTCHBANGL,2015,650,41
DUTCHBANGL,2016,4889,283
DUTCHBANGL,2017,10819,247
DUTCHBANGL,2018,11741,240
DUTCHBANGL,2019,23467,236
DUTCHBANGL,2020,12608,195
DUTCHBANGL,2021,26933,239
DUTCHBANGL,2022,14629,243
DUTCHBANGL,2023,2416,231
DUTCHBANGL,2024,1183,22
EASTERNINS,2015,302,41
EASTERNINS,2016,2564,276
EASTERNINS,2017,2804,246
EASTERNINS,2018,1993,239
EASTERNINS,2019,19498,236
EASTERNINS,2020,12824,188
EASTERNINS,2021,16248,239
EASTERNINS,2022,23964,243
EASTERNINS,2023,23208,241
EASTERNINS,2024,3113,22
EASTLAND,2015,611,40
EASTLAND,2016,4719,283
EASTLAND,2017,5731,247
EASTLAND,2018,3015,239
EASTLAND,2019,15371,236
EASTLAND,2020,18238,197
EASTLAND,2021,27661,239
EASTLAND,2022,11995,241
EASTLAND,2023,13790,243
EASTLAND,2024,2285,22
EASTRNLUB,2015,197,34
EASTRNLUB,2016,12626,284
EASTRNLUB,2017,5955,247
EASTRNLUB,2018,16752,240
EASTRNLUB,2019,17077,236
EASTRNLUB,2020,10793,198
EASTRNLUB,2021,17053,239
EASTRNLUB,2022,25635,242
EASTRNLUB,2023,22449,243
EASTRNLUB,2024,1572,22
EBL,2015,688,42
EBL,2016,6042,283
EBL,2017,13355,247
EBL,2018,8248,240
EBL,2019,7136,236
EBL,2020,3451,191
EBL,2021,14955,239
EBL,2022,8643,243
EBL,2023,2396,241
EBL,2024,1166,22
EBL1STMF,2015,605,42
EBL1STMF,2016,5093,283
EBL1STMF,2017,6513,247
EBL1STMF,2018,2219,239
EBL1STMF,2019,2922,236
EBL1STMF,2020,8241,190
EBL1STMF,2021,9504,239
EBL1STMF,2022,2570,189
EBL1STMF,2023,197,95
EBL1STMF,2024,268,14
EBLNRBMF,2015,410,41
EBLNRBMF,2016,1771,264
EBLNRBMF,2017,5648,247
EBLNRBMF,2018,1388,234
EBLNRBMF,2019,1948,229
EBLNRBMF,2020,6377,180
EBLNRBMF,2021,12456,239
EBLNRBMF,2022,6956,229
EBLNRBMF,2023,965,191
EBLNRBMF,2024,564,21
ECABLES,2015,318,39
ECABLES,2016,12075,282
ECABLES,2017,9275,247
ECABLES,2018,11617,240
ECABLES,2019,21225,236
ECABLES,2020,8354,194
ECABLES,2021,8357,228
ECABLES,2022,18987,243
ECABLES,2023,20659,240
ECABLES,2024,808,17
EGEN,2021,21974,203
EGEN,2022,16446,243
EGEN,2023,5767,202
EGEN,2024,1320,18
EHL,2015,1951,41
EHL,2016,15390,284
EHL,2017,15829,247
EHL,2018,11484,240
EHL,2019,19414,236
EHL,2020,10624,198
EHL,2021,19157,239
EHL,2022,40793,243
EHL,2023,48498,243
EHL,2024,4093,22
EIL,2020,20191,88
EIL,2021,33185,239
EIL,2022,15856,241
EIL,2023,22227,240
EIL,2024,4185,22
EMERALDOIL,2015,3664,42
EMERALDOIL,2016,22848,284
EMERALDOIL,2017,18723,248
EMERALDOIL,2018,6234,241
EMERALDOIL,2019,8534,237
EMERALDOIL,2020,4751,196
EMERALDOIL,2021,18639,240
EMERALDOIL,2022,18536,241
EMERALDOIL,2023,37737,241
EMERALDOIL,2024,5015,22
ENVOYTEX,2015,1948,41
ENVOYTEX,2016,11048,284
ENVOYTEX,2017,10711,247
ENVOYTEX,2018,7405,240
ENVOYTEX,2019,5474,236
ENVOYTEX,2020,4255,191
ENVOYTEX,2021,8204,239
ENVOYTEX,2022,10335,223
ENVOYTEX,2023,823,107
ENVOYTEX,2024,466,11
EPGL,2021,41286,227
EPGL,2022,22353,243
EPGL,2023,8525,202
EPGL,2024,921,15
ESQUIRENIT,2019,21182,170
ESQUIRENIT,2020,16419,182
ESQUIRENIT,2021,21279,239
ESQUIRENIT,2022,14375,239
ESQUIRENIT,2023,211,102
ESQUIRENIT,2024,566,12
ETL,2016,9281,116
ETL,2017,21102,246
ETL,2018,15017,240
ETL,2019,8721,236
ETL,2020,11050,176
ETL,2021,23083,232
ETL,2022,11883,224
ETL,2023,12275,194
ETL,2024,4760,22
EXIM1STMF,2015,35,16
EXIM1STMF,2016,2101,222
EXIM1STMF,2017,3138,245
EXIM1STMF,2018,1309,234
EXIM1STMF,2019,3654,232
EXIM1STMF,2020,9518,194
EXIM1STMF,2021,17150,239
EXIM1STMF,2022,6221,236
EXIM1STMF,2023,526,170
EXIM1STMF,2024,398,20
EXIMBANK,2015,2922,42
EXIMBANK,2016,20063,283
EXIMBANK,2017,25739,247
EXIMBANK,2018,17855,240
EXIMBANK,2019,18334,236
EXIMBANK,2020,16841,198
EXIMBANK,2021,30083,238
EXIMBANK,2022,16545,243
EXIMBANK,2023,3659,240
EXIMBANK,2024,1299,21
FAMILYTEX,2015,2738,42
FAMILYTEX,2016,18032,284
FAMILYTEX,2017,21645,247
FAMILYTEX,2018,15484,240
FAMILYTEX,2019,15488,236
FAMILYTEX,2020,11173,196
FAMILYTEX,2021,24350,240
FAMILYTEX,2022,7400,230
FAMILYTEX,2023,567,168
FAMILYTEX,2024,1114,20
FARCHEM,2015,3845,42
FARCHEM,2016,22530,284
FARCHEM,2017,22052,247
FARCHEM,2018,17319,240
FARCHEM,2019,17123,236
FARCHEM,2020,15083,196
FARCHEM,2021,29393,238
FARCHEM,2022,22807,240
FARCHEM,2023,14734,222
FARCHEM,2024,826,22
FAREASTFIN,2015,1318,42
FAREASTFIN,2016,9822,283
FAREASTFIN,2017,17802,247
FAREASTFIN,2018,5724,240
FAREASTFIN,2019,4300,236
FAREASTFIN,2020,3527,174
FAREASTFIN,2021,8382,240
FAREASTFIN,2022,3313,205
FAREASTFIN,2023,220,66
FAREASTFIN,2024,210,16
FAREASTLIF,2015,939,42
FAREASTLIF,2016,7633,285
FAREASTLIF,2017,7363,247
FAREASTLIF,2018,8234,240
FAREASTLIF,2019,7538,236
FAREASTLIF,2020,8384,182
FAREASTLIF,2021,15630,237
FAREASTLIF,2022,30320,244
FAREASTLIF,2023,15678,198
FAREASTLIF,2024,1391,18
FASFIN,2015,1121,42
FASFIN,2016,9100,284
FASFIN,2017,20344,247
FASFIN,2018,18425,240
FASFIN,2019,21578,236
FASFIN,2020,17774,195
FASFIN,2021,25644,239
FASFIN,2022,14396,231
FASFIN,2023,4188,190
FASFIN,2024,2380,22
FBFIF,2015,125,32
FBFIF,2016,2128,235
FBFIF,2017,9892,247
FBFIF,2018,4762,240
FBFIF,2019,5441,235
FBFIF,2020,15566,195
FBFIF,2021,23400,239
FBFIF,2022,9517,243
FBFIF,2023,3381,230
FBFIF,2024,1186,22
FEDERALINS,2015,1235,42
FEDERALINS,2016,10810,283
FEDERALINS,2017,11299,247
FEDERALINS,2018,6411,240
FEDERALINS,2019,24849,236
FEDERALINS,2020,24329,191
FEDERALINS,2021,36374,239
FEDERALINS,2022,13272,241
FEDERALINS,2023,16945,242
FEDERALINS,2024,1941,22
FEKDIL,2015,1623,41
FEKDIL,2016,14196,284
FEKDIL,2017,14567,247
FEKDIL,2018,13558,240
FEKDIL,2019,13123,236
FEKDIL,2020,11260,186
FEKDIL,2021,24305,239
FEKDIL,2022,21410,240
FEKDIL,2023,16731,226
FEKDIL,2024,1165,22
FINEFOODS,2015,387,42
FINEFOODS,2016,4760,282
FINEFOODS,2017,19240,247
FINEFOODS,2018,24657,240
FINEFOODS,2019,20687,236
FINEFOODS,2020,22952,195
FINEFOODS,2021,26005,239
FINEFOODS,2022,23829,243
FINEFOODS,2023,23467,243
FINEFOODS,2024,1370,22
FIRSTFIN,2015,935,42
FIRSTFIN,2016,5354,283
FIRSTFIN,2017,7347,247
FIRSTFIN,2018,2458,239
FIRSTFIN,2019,2721,236
FIRSTFIN,2020,2024,160
FIRSTFIN,2021,7782,238
FIRSTFIN,2022,3862,237
FIRSTFIN,2023,1100,133
FIRSTFIN,2024,567,21
FIRSTSBANK,2015,2141,42
FIRSTSBANK,2016,16419,284
FIRSTSBANK,2017,23084,247
FIRSTSBANK,2018,14167,240
FIRSTSBANK,2019,18511,236
FIRSTSBANK,2020,15719,197
FIRSTSBANK,2021,39439,238
FIRSTSBANK,2022,28280,243
FIRSTSBANK,2023,2138,239
FIRSTSBANK,2024,1409,22
FORTUNE,2016,5521,49
FORTUNE,2017,24492,247
FORTUNE,2018,24804,240
FORTUNE,2019,36933,236
FORTUNE,2020,24836,195
FORTUNE,2021,44374,239
FORTUNE,2022,32478,237
FORTUNE,2023,604,190
FORTUNE,2024,1949,16
FUWANGCER,2015,1501,42
FUWANGCER,2016,19762,284
FUWANGCER,2017,19465,246
FUWANGCER,2018,16761,240
FUWANGCER,2019,13150,236
FUWANGCER,2020,14997,194
FUWANGCER,2021,33801,239
FUWANGCER,2022,28651,241
FUWANGCER,2023,14149,203
FUWANGCER,2024,4172,22
FUWANGFOOD,2015,2397,42
FUWANGFOOD,2016,16645,284
FUWANGFOOD,2017,22888,247
FUWANGFOOD,2018,22582,240
FUWANGFOOD,2019,18961,236
FUWANGFOOD,2020,20982,196
FUWANGFOOD,2021,34510,239
FUWANGFOOD,2022,33408,233
FUWANGFOOD,2023,31442,217
FUWANGFOOD,2024,5167,22
GBBPOWER,2015,2089,42
GBBPOWER,2016,14863,284
GBBPOWER,2017,18020,247
GBBPOWER,2018,11425,240
GBBPOWER,2019,9404,236
GBBPOWER,2020,14559,193
GBBPOWER,2021,38462,239
GBBPOWER,2022,24531,240
GBBPOWER,2023,8712,238
GBBPOWER,2024,1475,22
GEMINISEA,2015,1376,41
GEMINISEA,2016,15641,284
GEMINISEA,2017,16796,247
GEMINISEA,2018,23108,240
GEMINISEA,2019,20324,236
GEMINISEA,2020,9270,192
GEMINISEA,2021,16815,220
GEMINISEA,2022,43945,243
GEMINISEA,2023,51383,242
GEMINISEA,2024,4758,22
GENEXIL,2019,22016,210
GENEXIL,2020,18586,185
GENEXIL,2021,27347,225
GENEXIL,2022,48559,242
GENEXIL,2023,47187,243
GENEXIL,2024,4246,22
GENNEXT,2015,2805,42
GENNEXT,2016,17819,283
GENNEXT,2017,24373,247
GENNEXT,2018,19560,240
GENNEXT,2019,16482,234
GENNEXT,2020,12042,197
GENNEXT,2021,25389,239
GENNEXT,2022,17810,243
GENNEXT,2023,24296,243
GENNEXT,2024,2491,22
GHAIL,2015,1996,42
GHAIL,2016,18726,282
GHAIL,2017,18796,247
GHAIL,2018,18226,240
GHAIL,2019,15235,234
GHAIL,2020,18420,195
GHAIL,2021,25787,236
GHAIL,2022,21168,237
GHAIL,2023,7329,182
GHAIL,2024,998,22
GHCL,2015,829,42
GHCL,2016,10955,284
GHCL,2017,9218,247
GHCL,2018,8201,240
GHCL,2019,4001,236
GHCL,2020,4665,178
GHCL,2021,8352,236
GHCL,2022,7002,212
GHCL,2023,142,73
GHCL,2024,371,12
GIB,2022,1261,31
GIB,2023,4525,243
GIB,2024,2260,22
GLDNJMF,2022,292,47
GLDNJMF,2023,1643,123
GLDNJMF,2024,3739,22
GLOBALINS,2015,943,41
GLOBALINS,2016,5024,284
GLOBALINS,2017,4632,247
GLOBALINS,2018,5004,240
GLOBALINS,2019,26377,236
GLOBALINS,2020,23513,187
GLOBALINS,2021,33256,239
GLOBALINS,2022,21219,242
GLOBALINS,2023,21476,242
GLOBALINS,2024,1825,22
GOLDENSON,2015,2809,42
GOLDENSON,2016,18878,284
GOLDENSON,2017,16000,247
GOLDENSON,2018,6206,240
GOLDENSON,2019,6329,236
GOLDENSON,2020,8141,191
GOLDENSON,2021,36908,239
GOLDENSON,2022,25733,221
GOLDENSON,2023,276,126
GOLDENSON,2024,1002,15
GP,2015,3245,42
GP,2016,18744,284
GP,2017,20698,246
GP,2018,23455,238
GP,2019,30974,235
GP,2020,29484,197
GP,2021,33584,238
GP,2022,29759,242
GP,2023,5912,243
GP,2024,445,22
GPHISPAT,2015,1187,42
GPHISPAT,2016,17986,283
GPHISPAT,2017,17705,247
GPHISPAT,2018,10573,240
GPHISPAT,2019,6947,236
GPHISPAT,2020,10336,190
GPHISPAT,2021,37033,239
GPHISPAT,2022,41349,243
GPHISPAT,2023,1766,230
GPHISPAT,2024,1697,21
GQBALLPEN,2015,1948,41
GQBALLPEN,2016,10916,284
GQBALLPEN,2017,13977,247
GQBALLPEN,2018,10562,240
GQBALLPEN,2019,10714,236
GQBALLPEN,2020,17887,194
GQBALLPEN,2021,25376,239
GQBALLPEN,2022,18534,234
GQBALLPEN,2023,23208,243
GQBALLPEN,2024,3322,22
GRAMEENS2,2015,1005,42
GRAMEENS2,2016,7601,284
GRAMEENS2,2017,8674,247
GRAMEENS2,2018,4369,240
GRAMEENS2,2019,5065,236
GRAMEENS2,2020,14557,194
GRAMEENS2,2021,20970,239
GRAMEENS2,2022,4688,223
GRAMEENS2,2023,786,143
GRAMEENS2,2024,692,22
GREENDELMF,2015,912,42
GREENDELMF,2016,5690,283
GREENDELMF,2017,4459,247
GREENDELMF,2018,2502,240
GREENDELMF,2019,3613,236
GREENDELMF,2020,8299,189
GREENDELMF,2021,15733,239
GREENDELMF,2022,3951,218
GREENDELMF,2023,261,128
GREENDELMF,2024,363,16
GREENDELT,2015,876,42
GREENDELT,2016,3801,281
GREENDELT,2017,3102,242
GREENDELT,2018,2016,233
GREENDELT,2019,2258,232
GREENDELT,2020,7597,174
GREENDELT,2021,24489,239
GREENDELT,2022,13802,241
GREENDELT,2023,14966,240
GREENDELT,2024,1474,22
GSPFINANCE,2015,2119,42
GSPFINANCE,2016,15822,284
GSPFINANCE,2017,17787,247
GSPFINANCE,2018,14946,240
GSPFINANCE,2019,18625,236
GSPFINANCE,2020,19472,193
GSPFINANCE,2021,40375,239
GSPFINANCE,2022,24858,221
GSPFINANCE,2023,229,89
GSPFINANCE,2024,427,14
HAKKANIPUL,2015,2641,42
HAKKANIPUL,2016,15681,284
HAKKANIPUL,2017,17025,247
HAKKANIPUL,2018,6443,240
HAKKANIPUL,2019,15270,236
HAKKANIPUL,2020,24305,180
HAKKANIPUL,2021,22135,235
HAKKANIPUL,2022,28518,243
HAKKANIPUL,2023,26235,243
HAKKANIPUL,2024,2085,21
HEIDELBCEM,2015,1449,42
HEIDELBCEM,2016,10929,284
HEIDELBCEM,2017,10865,247
HEIDELBCEM,2018,6707,240
HEIDELBCEM,2019,9474,236
HEIDELBCEM,2020,5248,187
HEIDELBCEM,2021,12189,238
HEIDELBCEM,2022,6308,239
HEIDELBCEM,2023,20645,215
HEIDELBCEM,2024,1618,22
HFL,2015,1666,41
HFL,2016,15361,284
HFL,2017,15877,247
HFL,2018,15583,240
HFL,2019,8638,236
HFL,2020,8825,192
HFL,2021,18088,239
HFL,2022,23502,239
HFL,2023,10675,237
HFL,2024,641,22
HIMADRI,2022,412,2
HIMADRI,2023,352,92
HIMADRI,2024,87,15
HRTEX,2015,810,42
HRTEX,2016,8896,283
HRTEX,2017,12260,247
HRTEX,2018,17296,240
HRTEX,2019,14567,236
HRTEX,2020,12076,185
HRTEX,2021,18378,239
HRTEX,2022,17196,225
HRTEX,2023,1774,114
HRTEX,2024,567,10
HWAWELLTEX,2015,569,42
HWAWELLTEX,2016,3575,279
HWAWELLTEX,2017,4831,246
HWAWELLTEX,2018,3022,240
HWAWELLTEX,2019,1662,233
HWAWELLTEX,2020,1374,192
HWAWELLTEX,2021,4116,227
HWAWELLTEX,2022,8058,241
HWAWELLTEX,2023,10578,243
HWAWELLTEX,2024,431,22
IBNSINA,2015,2277,42
IBNSINA,2016,15751,280
IBNSINA,2017,14407,247
IBNSINA,2018,17387,240
IBNSINA,2019,12297,236
IBNSINA,2020,8250,198
IBNSINA,2021,11758,239
IBNSINA,2022,8063,243
IBNSINA,2023,3324,237
IBNSINA,2024,572,21
IBP,2018,7649,47
IBP,2019,29140,236
IBP,2020,25868,198
IBP,2021,28350,238
IBP,2022,28241,242
IBP,2023,10844,232
IBP,2024,3470,22
ICB,2015,2304,42
ICB,2016,12268,284
ICB,2017,20589,247
ICB,2018,14902,240
ICB,2019,11155,236
ICB,2020,14129,197
ICB,2021,27324,239
ICB,2022,15722,243
ICB,2023,705,183
ICB,2024,544,20
ICB3RDNRB,2015,647,42
ICB3RDNRB,2016,5020,283
ICB3RDNRB,2017,6873,247
ICB3RDNRB,2018,2502,240
ICB3RDNRB,2019,3391,236
ICB3RDNRB,2020,9734,191
ICB3RDNRB,2021,8016,239
ICB3RDNRB,2022,3106,207
ICB3RDNRB,2023,658,104
ICB3RDNRB,2024,1072,22
ICBAGRANI1,2017,943,59
ICBAGRANI1,2018,1745,208
ICBAGRANI1,2019,5455,225
ICBAGRANI1,2020,9089,198
ICBAGRANI1,2021,4565,238
ICBAGRANI1,2022,1304,172
ICBAGRANI1,2023,222,46
ICBAGRANI1,2024,457,21
ICBAMCL2ND,2015,406,42
ICBAMCL2ND,2016,2848,279
ICBAMCL2ND,2017,4074,247
ICBAMCL2ND,2018,1520,234
ICBAMCL2ND,2019,5255,236
ICBAMCL2ND,2020,6458,186
ICBAMCL2ND,2021,9170,239
ICBAMCL2ND,2022,4108,205
ICBAMCL2ND,2023,697,88
ICBAMCL2ND,2024,549,22
ICBEPMF1S1,2015,490,42
ICBEPMF1S1,2016,3625,284
ICBEPMF1S1,2017,6917,247
ICBEPMF1S1,2018,2954,240
ICBEPMF1S1,2019,5408,236
ICBEPMF1S1,2020,9492,198
ICBEPMF1S1,2021,6165,239
ICBEPMF1S1,2022,2111,180
ICBEPMF1S1,2023,384,54
ICBEPMF1S1,2024,772,22
ICBIBANK,2015,757,42
ICBIBANK,2016,5913,284
ICBIBANK,2017,10704,247
ICBIBANK,2018,5474,240
ICBIBANK,2019,3700,236
ICBIBANK,2020,5092,197
ICBIBANK,2021,16221,239
ICBIBANK,2022,7664,235
ICBIBANK,2023,187,111
ICBIBANK,2024,506,16
ICBSONALI1,2015,179,39
ICBSONALI1,2016,1917,261
ICBSONALI1,2017,3340,242
ICBSONALI1,2018,780,196
ICBSONALI1,2019,2414,202
ICBSONALI1,2020,5176,190
ICBSONALI1,2021,4142,239
ICBSONALI1,2022,1362,190
ICBSONALI1,2023,411,41
ICBSONALI1,2024,1744,22
ICICL,2022,170,9
ICICL,2023,37436,243
ICICL,2024,3591,22
IDLC,2015,2496,42
IDLC,2016,14254,283
IDLC,2017,21860,247
IDLC,2018,14041,240
IDLC,2019,12978,236
IDLC,2020,9924,191
IDLC,2021,29914,239
IDLC,2022,20541,243
IDLC,2023,990,215
IDLC,2024,680,19
IFADAUTOS,2015,3929,43
IFADAUTOS,2016,22902,283
IFADAUTOS,2017,24276,245
IFADAUTOS,2018,24848,240
IFADAUTOS,2019,24652,236
IFADAUTOS,2020,18614,196
IFADAUTOS,2021,35075,239
IFADAUTOS,2022,21730,243
IFADAUTOS,2023,648,201
IFADAUTOS,2024,1082,19
IFIC,2015,2003,42
IFIC,2016,13372,285
IFIC,2017,24415,246
IFIC,2018,17395,240
IFIC,2019,24186,234
IFIC,2020,24655,197
IFIC,2021,54179,238
IFIC,2022,40436,243
IFIC,2023,3887,242
IFIC,2024,2255,22
IFIC1STMF,2015,531,41
IFIC1STMF,2016,4340,283
IFIC1STMF,2017,6929,247
IFIC1STMF,2018,3171,240
IFIC1STMF,2019,4376,236
IFIC1STMF,2020,7693,191
IFIC1STMF,2021,15032,239
IFIC1STMF,2022,5623,234
IFIC1STMF,2023,461,187
IFIC1STMF,2024,518,21
IFILISLMF1,2015,639,42
IFILISLMF1,2016,5176,284
IFILISLMF1,2017,6035,247
IFILISLMF1,2018,2926,240
IFILISLMF1,2019,3136,236
IFILISLMF1,2020,5363,183
IFILISLMF1,2021,5870,239
IFILISLMF1,2022,2224,202
IFILISLMF1,2023,383,94
IFILISLMF1,2024,2176,22
ILFSL,2015,1429,42
ILFSL,2016,10349,284
ILFSL,2017,19073,247
ILFSL,2018,17596,240
ILFSL,2019,16591,236
ILFSL,2020,16425,191
ILFSL,2021,22039,239
ILFSL,2022,13036,238
ILFSL,2023,3313,188
ILFSL,2024,2481,22
IMAMBUTTON,2015,347,42
IMAMBUTTON,2016,3031,274
IMAMBUTTON,2017,6082,246
IMAMBUTTON,2018,6187,240
IMAMBUTTON,2019,4550,236
IMAMBUTTON,2020,4425,185
IMAMBUTTON,2021,7154,240
IMAMBUTTON,2022,8554,185
IMAMBUTTON,2023,16988,240
IMAMBUTTON,2024,1652,21
INDEXAGRO,2021,23062,174
INDEXAGRO,2022,21767,243
INDEXAGRO,2023,1481,156
INDEXAGRO,2024,691,14
INTECH,2015,949,41
INTECH,2016,13259,284
INTECH,2017,17627,247
INTECH,2018,23998,238
INTECH,2019,25091,234
INTECH,2020,11698,189
INTECH,2021,21604,239
INTECH,2022,16407,243
INTECH,2023,17074,241
INTECH,2024,2992,22
INTRACO,2018,17124,147
INTRACO,2019,21389,236
INTRACO,2020,16013,187
INTRACO,2021,31277,239
INTRACO,2022,37998,241
INTRACO,2023,49446,242
INTRACO,2024,4820,22
IPDC,2015,2848,42
IPDC,2016,18224,283
IPDC,2017,15330,247
IPDC,2018,13767,239
IPDC,2019,13265,235
IPDC,2020,9846,187
IPDC,2021,27581,239
IPDC,2022,23961,234
IPDC,2023,361,137
IPDC,2024,1061,12
ISLAMIBANK,2015,2099,42
ISLAMIBANK,2016,18469,284
ISLAMIBANK,2017,25517,247
ISLAMIBANK,2018,15963,240
ISLAMIBANK,2019,14665,236
ISLAMIBANK,2020,14467,198
ISLAMIBANK,2021,21020,239
ISLAMIBANK,2022,12920,243
ISLAMIBANK,2023,3720,231
ISLAMIBANK,2024,44,17
ISLAMICFIN,2015,2225,42
ISLAMICFIN,2016,14287,284
ISLAMICFIN,2017,19592,247
ISLAMICFIN,2018,9436,240
ISLAMICFIN,2019,11141,236
ISLAMICFIN,2020,14780,197
ISLAMICFIN,2021,33445,239
ISLAMICFIN,2022,18763,241
ISLAMICFIN,2023,1008,181
ISLAMICFIN,2024,1024,21
ISLAMIINS,2015,630,42
ISLAMIINS,2016,4151,283
ISLAMIINS,2017,10168,247
ISLAMIINS,2018,5818,240
ISLAMIINS,2019,13787,236
ISLAMIINS,2020,20077,196
ISLAMIINS,2021,32401,239
ISLAMIINS,2022,15905,243
ISLAMIINS,2023,12050,241
ISLAMIINS,2024,738,22
ISNLTD,2015,759,42
ISNLTD,2016,2031,267
ISNLTD,2017,4462,246
ISNLTD,2018,8298,238
ISNLTD,2019,8823,234
ISNLTD,2020,21830,194
ISNLTD,2021,19292,239
ISNLTD,2022,23767,243
ISNLTD,2023,19945,243
ISNLTD,2024,2338,22
ITC,2016,23615,279
ITC,2017,14633,247
ITC,2018,14080,240
ITC,2019,14091,236
ITC,2020,14649,187
ITC,2021,18649,239
ITC,2022,21078,243
ITC,2023,38961,242
ITC,2024,3698,22
JAMUNABANK,2015,1416,42
JAMUNABANK,2016,10163,284
JAMUNABANK,2017,15462,247
JAMUNABANK,2018,12318,240
JAMUNABANK,2019,14532,236
JAMUNABANK,2020,10573,197
JAMUNABANK,2021,23846,239
JAMUNABANK,2022,9132,242
JAMUNABANK,2023,3509,240
JAMUNABANK,2024,1656,22
JAMUNAOIL,2015,2194,41
JAMUNAOIL,2016,15671,284
JAMUNAOIL,2017,14291,247
JAMUNAOIL,2018,8566,240
JAMUNAOIL,2019,11444,236
JAMUNAOIL,2020,7649,198
JAMUNAOIL,2021,10554,239
JAMUNAOIL,2022,7519,242
JAMUNAOIL,2023,9170,243
JAMUNAOIL,2024,879,22
JANATAINS,2015,430,41
JANATAINS,2016,3826,283
JANATAINS,2017,4276,247
JANATAINS,2018,3112,240
JANATAINS,2019,14960,236
JANATAINS,2020,17686,179
JANATAINS,2021,25972,239
JANATAINS,2022,12424,240
JANATAINS,2023,21374,242
JANATAINS,2024,2573,22
JHRML,2022,42286,181
JHRML,2023,44144,243
JHRML,2024,3595,22
JMISMDL,2015,1849,42
JMISMDL,2016,13822,284
JMISMDL,2017,16419,246
JMISMDL,2018,16836,240
JMISMDL,2019,34534,234
JMISMDL,2020,19004,198
JMISMDL,2021,26884,239
JMISMDL,2022,23079,243
JMISMDL,2023,1501,203
JMISMDL,2024,1063,15
JUTESPINN,2015,233,38
JUTESPINN,2016,1194,210
JUTESPINN,2017,2293,229
JUTESPINN,2018,4269,239
JUTESPINN,2019,2511,227
JUTESPINN,2020,3113,190
JUTESPINN,2021,4385,234
JUTESPINN,2022,7118,242
JUTESPINN,2023,6271,243
JUTESPINN,2024,402,22
KARNAPHULI,2015,565,42
KARNAPHULI,2016,5062,282
KARNAPHULI,2017,5813,247
KARNAPHULI,2018,3162,240
KARNAPHULI,2019,13881,236
KARNAPHULI,2020,19530,189
KARNAPHULI,2021,27676,239
KARNAPHULI,2022,14017,243
KARNAPHULI,2023,22494,243
KARNAPHULI,2024,4361,22
KBPPWBIL,2015,2702,42
KBPPWBIL,2016,20850,284
KBPPWBIL,2017,20587,247
KBPPWBIL,2018,14376,240
KBPPWBIL,2019,9533,234
KBPPWBIL,2020,9620,180
KBPPWBIL,2021,24043,239
KBPPWBIL,2022,16650,231
KBPPWBIL,2023,36544,243
KBPPWBIL,2024,4300,22
KBSEED,2022,2390,69
KBSEED,2023,3113,229
KBSEED,2024,409,19
KDSALTD,2015,4127,42
KDSALTD,2016,22187,282
KDSALTD,2017,14435,247
KDSALTD,2018,17648,240
KDSALTD,2019,18329,236
KDSALTD,2020,14136,193
KDSALTD,2021,20721,239
KDSALTD,2022,31447,243
KDSALTD,2023,1094,148
KDSALTD,2024,874,15
KEYACOSMET,2015,3202,41
KEYACOSMET,2016,23521,285
KEYACOSMET,2017,26072,247
KEYACOSMET,2018,24078,240
KEYACOSMET,2019,13160,237
KEYACOSMET,2020,21544,199
KEYACOSMET,2021,43925,239
KEYACOSMET,2022,35695,244
KEYACOSMET,2023,13221,244
KEYACOSMET,2024,1429,22
KFL,2022,2412,66
KFL,2023,6911,231
KFL,2024,890,19
KOHINOOR,2015,320,37
KOHINOOR,2016,6184,279
KOHINOOR,2017,6491,247
KOHINOOR,2018,7345,240
KOHINOOR,2019,7205,236
KOHINOOR,2020,5406,171
KOHINOOR,2021,9732,205
KOHINOOR,2022,19262,243
KOHINOOR,2023,24714,243
KOHINOOR,2024,3208,22
KPCL,2015,3516,42
KPCL,2016,19595,283
KPCL,2017,19079,247
KPCL,2018,22472,238
KPCL,2019,32680,236
KPCL,2020,27216,197
KPCL,2021,32703,237
KPCL,2022,19657,242
KPCL,2023,603,178
KPCL,2024,76,16
KPPL,2015,2021,42
KPPL,2016,8495,283
KPPL,2017,9820,247
KPPL,2018,10997,240
KPPL,2019,7976,236
KPPL,2020,10115,191
KPPL,2021,18672,223
KPPL,2022,10992,237
KPPL,2023,25347,214
KPPL,2024,5033,22
KTL,2018,4785,30
KTL,2019,27856,236
KTL,2020,22392,197
KTL,2021,30494,239
KTL,2022,20640,228
KTL,2023,367,152
KTL,2024,640,18
LANKABAFIN,2015,2748,42
LANKABAFIN,2016,22664,282
LANKABAFIN,2017,27447,245
LANKABAFIN,2018,24861,240
LANKABAFIN,2019,24992,236
LANKABAFIN,2020,27335,198
LANKABAFIN,2021,55337,238
LANKABAFIN,2022,31695,243
LANKABAFIN,2023,987,225
LANKABAFIN,2024,1631,19
LEGACYFOOT,2015,3060,42
LEGACYFOOT,2016,14959,284
LEGACYFOOT,2017,10384,247
LEGACYFOOT,2018,21577,210
LEGACYFOOT,2019,37388,235
LEGACYFOOT,2020,16496,190
LEGACYFOOT,2021,16246,228
LEGACYFOOT,2022,12516,222
LEGACYFOOT,2023,37762,241
LEGACYFOOT,2024,2714,22
LHBL,2015,4004,42
LHBL,2016,25252,280
LHBL,2017,24531,245
LHBL,2018,22529,240
LHBL,2019,22790,235
LHBL,2020,29498,198
LHBL,2021,54304,239
LHBL,2022,50898,241
LHBL,2023,35098,243
LHBL,2024,4239,22
LIBRAINFU,2015,270,36
LIBRAINFU,2016,12427,284
LIBRAINFU,2017,10165,247
LIBRAINFU,2018,16262,240
LIBRAINFU,2019,21577,237
LIBRAINFU,2020,6993,196
LIBRAINFU,2021,15752,239
LIBRAINFU,2022,12473,217
LIBRAINFU,2023,21166,241
LIBRAINFU,2024,2881,22
LINDEBD,2015,1491,42
LINDEBD,2016,13594,280
LINDEBD,2017,6293,246
LINDEBD,2018,5647,240
LINDEBD,2019,12217,236
LINDEBD,2020,11588,197
LINDEBD,2021,17049,239
LINDEBD,2022,19594,243
LINDEBD,2023,960,224
LINDEBD,2024,622,18
LOVELLO,2021,35320,210
LOVELLO,2022,36799,242
LOVELLO,2023,4425,224
LOVELLO,2024,1025,21
LRBDL,2021,36971,192
LRBDL,2022,30486,243
LRBDL,2023,13517,239
LRBDL,2024,1916,21
LRGLOBMF1,2015,1245,41
LRGLOBMF1,2016,3638,283
LRGLOBMF1,2017,3402,247
LRGLOBMF1,2018,1028,200
LRGLOBMF1,2019,3924,209
LRGLOBMF1,2020,4818,179
LRGLOBMF1,2021,12098,239
LRGLOBMF1,2022,6318,234
LRGLOBMF1,2023,540,189
LRGLOBMF1,2024,331,18
MAKSONSPIN,2015,1819,42
MAKSONSPIN,2016,11165,283
MAKSONSPIN,2017,13590,247
MAKSONSPIN,2018,16064,240
MAKSONSPIN,2019,13299,236
MAKSONSPIN,2020,14598,189
MAKSONSPIN,2021,44627,239
MAKSONSPIN,2022,37520,242
MAKSONSPIN,2023,2468,198
MAKSONSPIN,2024,1479,18
MALEKSPIN,2015,1153,42
MALEKSPIN,2016,10866,284
MALEKSPIN,2017,13105,247
MALEKSPIN,2018,7112,240
MALEKSPIN,2019,12516,236
MALEKSPIN,2020,9726,182
MALEKSPIN,2021,32977,239
MALEKSPIN,2022,35901,243
MALEKSPIN,2023,5387,215
MALEKSPIN,2024,1347,21
MAMUNAGRO,2022,1664,69
MAMUNAGRO,2023,5445,227
MAMUNAGRO,2024,568,19
MARICO,2015,560,42
MARICO,2016,4201,275
MARICO,2017,6377,246
MARICO,2018,3094,235
MARICO,2019,10721,233
MARICO,2020,7727,194
MARICO,2021,15029,236
MARICO,2022,7729,240
MARICO,2023,6294,243
MARICO,2024,1379,22
MASTERAGRO,2022,3279,68
MASTERAGRO,2023,5721,233
MASTERAGRO,2024,641,19
MATINSPINN,2015,991,42
MATINSPINN,2016,6229,283
MATINSPINN,2017,9093,247
MATINSPINN,2018,2515,239
MATINSPINN,2019,1644,234
MATINSPINN,2020,1382,181
MATINSPINN,2021,19587,235
MATINSPINN,2022,26621,239
MATINSPINN,2023,311,136
MATINSPINN,2024,1048,13
MBL1STMF,2015,897,42
MBL1STMF,2016,4179,283
MBL1STMF,2017,1960,240
MBL1STMF,2018,526,159
MBL1STMF,2019,2730,233
MBL1STMF,2020,8214,186
MBL1STMF,2021,11696,239
MBL1STMF,2022,3603,223
MBL1STMF,2023,1153,162
MBL1STMF,2024,433,22
MEGCONMILK,2015,398,38
MEGCONMILK,2016,2388,278
MEGCONMILK,2017,5815,247
MEGCONMILK,2018,7242,240
MEGCONMILK,2019,4934,234
MEGCONMILK,2020,3198,190
MEGCONMILK,2021,7265,238
MEGCONMILK,2022,7714,197
MEGCONMILK,2023,7593,240
MEGCONMILK,2024,207,19
MEGHNACEM,2015,1224,42
MEGHNACEM,2016,8890,284
MEGHNACEM,2017,4270,246
MEGHNACEM,2018,7429,240
MEGHNACEM,2019,5589,236
MEGHNACEM,2020,3323,171
MEGHNACEM,2021,6879,202
MEGHNACEM,2022,6505,243
MEGHNACEM,2023,7728,243
MEGHNACEM,2024,1421,21
MEGHNAINS,2022,6363,135
MEGHNAINS,2023,31183,242
MEGHNAINS,2024,3393,22
MEGHNALIFE,2015,1828,42
MEGHNALIFE,2016,8826,284
MEGHNALIFE,2017,6128,247
MEGHNALIFE,2018,6785,240
MEGHNALIFE,2019,12515,236
MEGHNALIFE,2020,12360,186
MEGHNALIFE,2021,21915,239
MEGHNALIFE,2022,15213,243
MEGHNALIFE,2023,44536,243
MEGHNALIFE,2024,4427,22
MEGHNAPET,2015,153,37
MEGHNAPET,2016,2032,251
MEGHNAPET,2017,5664,247
MEGHNAPET,2018,6375,240
MEGHNAPET,2019,3313,233
MEGHNAPET,2020,3104,192
MEGHNAPET,2021,6880,239
MEGHNAPET,2022,6500,199
MEGHNAPET,2023,13515,242
MEGHNAPET,2024,946,22
MERCANBANK,2015,1491,42
MERCANBANK,2016,11374,284
MERCANBANK,2017,22518,247
MERCANBANK,2018,19373,240
MERCANBANK,2019,18343,236
MERCANBANK,2020,13895,197
MERCANBANK,2021,33360,239
MERCANBANK,2022,22799,243
MERCANBANK,2023,6475,238
MERCANBANK,2024,1148,22
MERCINS,2015,391,42
MERCINS,2016,4409,274
MERCINS,2017,7938,246
MERCINS,2018,7120,240
MERCINS,2019,10984,236
MERCINS,2020,18643,187
MERCINS,2021,24591,239
MERCINS,2022,6376,238
MERCINS,2023,10881,238
MERCINS,2024,896,22
METROSPIN,2015,1051,41
METROSPIN,2016,6059,283
METROSPIN,2017,7692,247
METROSPIN,2018,13619,240
METROSPIN,2019,11480,236
METROSPIN,2020,12210,193
METROSPIN,2021,30423,239
METROSPIN,2022,29740,243
METROSPIN,2023,27367,241
METROSPIN,2024,1534,21
MHSML,2015,2057,41
MHSML,2016,16351,284
MHSML,2017,17494,247
MHSML,2018,9743,240
MHSML,2019,7574,236
MHSML,2020,10247,176
MHSML,2021,23975,238
MHSML,2022,20724,224
MHSML,2023,705,117
MHSML,2024,716,10
MIDASFIN,2015,368,41
MIDASFIN,2016,3132,277
MIDASFIN,2017,8608,247
MIDASFIN,2018,12103,240
MIDASFIN,2019,12914,236
MIDASFIN,2020,11515,179
MIDASFIN,2021,23321,238
MIDASFIN,2022,8822,226
MIDASFIN,2023,6968,232
MIDASFIN,2024,2395,22
MIDLANDBNK,2023,24408,184
MIDLANDBNK,2024,3770,22
MIRACLEIND,2015,3235,41
MIRACLEIND,2016,20489,284
MIRACLEIND,2017,19194,247
MIRACLEIND,2018,23127,240
MIRACLEIND,2019,20102,236
MIRACLEIND,2020,23977,188
MIRACLEIND,2021,34553,240
MIRACLEIND,2022,21580,238
MIRACLEIND,2023,31107,244
MIRACLEIND,2024,3812,22
MIRAKHTER,2021,37267,217
MIRAKHTER,2022,22511,242
MIRAKHTER,2023,8457,231
MIRAKHTER,2024,1397,22
MITHUNKNIT,2015,3143,41
MITHUNKNIT,2016,19623,284
MITHUNKNIT,2017,18814,247
MITHUNKNIT,2018,5943,239
MITHUNKNIT,2019,3864,237
MITHUNKNIT,2020,2995,193
MITHUNKNIT,2021,9216,239
MITHUNKNIT,2022,5785,217
MITHUNKNIT,2023,260,128
MITHUNKNIT,2024,546,14
MJLBD,2015,3581,42
MJLBD,2016,24177,283
MJLBD,2017,22493,247
MJLBD,2018,15749,240
MJLBD,2019,14859,236
MJLBD,2020,12100,197
MJLBD,2021,20668,239
MJLBD,2022,13813,241
MJLBD,2023,7068,243
MJLBD,2024,818,22
MKFOOTWEAR,2023,2928,98
MKFOOTWEAR,2024,451,19
MLDYEING,2018,9794,70
MLDYEING,2019,18797,236
MLDYEING,2020,9690,193
MLDYEING,2021,27890,209
MLDYEING,2022,16726,234
MLDYEING,2023,292,141
MLDYEING,2024,1076,19
MONNOAGML,2015,332,40
MONNOAGML,2016,5263,283
MONNOAGML,2017,6222,246
MONNOAGML,2018,10803,199
MONNOAGML,2019,34825,236
MONNOAGML,2020,20840,197
MONNOAGML,2021,15564,212
MONNOAGML,2022,22941,243
MONNOAGML,2023,34223,243
MONNOAGML,2024,3159,22
MONNOCERA,2015,1993,41
MONNOCERA,2016,9383,284
MONNOCERA,2017,13623,247
MONNOCERA,2018,27182,240
MONNOCERA,2019,40070,233
MONNOCERA,2020,25686,198
MONNOCERA,2021,23257,224
MONNOCERA,2022,33704,243
MONNOCERA,2023,34450,242
MONNOCERA,2024,3593,22
MONNOFABR,2021,12941,131
MONNOFABR,2022,22652,238
MONNOFABR,2023,344,140
MONNOFABR,2024,981,11
MONOSPOOL,2021,8659,131
MONOSPOOL,2022,36290,243
MONOSPOOL,2023,39077,242
MONOSPOOL,2024,3161,22
MOSTFAMETL,2022,3177,70
MOSTFAMETL,2023,4659,231
MOSTFAMETL,2024,409,19
MPETROLEUM,2015,2223,41
MPETROLEUM,2016,13980,284
MPETROLEUM,2017,10718,247
MPETROLEUM,2018,7633,240
MPETROLEUM,2019,15237,236
MPETROLEUM,2020,10424,199
MPETROLEUM,2021,15942,239
MPETROLEUM,2022,11517,241
MPETROLEUM,2023,8613,243
MPETROLEUM,2024,860,21
MTB,2015,1177,42
MTB,2016,8401,284
MTB,2017,10222,247
MTB,2018,5182,239
MTB,2019,4323,236
MTB,2020,3192,186
MTB,2021,8071,234
MTB,2022,4359,242
MTB,2023,1179,204
MTB,2024,435,22
NAHEEACP,2017,476,4
NAHEEACP,2018,22922,240
NAHEEACP,2019,12588,236
NAHEEACP,2020,19414,184
NAHEEACP,2021,17842,227
NAHEEACP,2022,28196,240
NAHEEACP,2023,237,130
NAHEEACP,2024,1430,10
NATLIFEINS,2015,1089,41
NATLIFEINS,2016,4847,278
NATLIFEINS,2017,5476,245
NATLIFEINS,2018,10782,240
NATLIFEINS,2019,14027,236
NATLIFEINS,2020,5063,198
NATLIFEINS,2021,4720,234
NATLIFEINS,2022,3794,206
NATLIFEINS,2023,779,105
NATLIFEINS,2024,317,16
NAVANACNG,2015,2740,42
NAVANACNG,2016,16144,284
NAVANACNG,2017,16552,247
NAVANACNG,2018,13572,240
NAVANACNG,2019,11072,236
NAVANACNG,2020,7089,187
NAVANACNG,2021,11322,239
NAVANACNG,2022,12485,243
NAVANACNG,2023,17381,243
NAVANACNG,2024,2120,22
NAVANAPHAR,2022,10863,51
NAVANAPHAR,2023,44788,242
NAVANAPHAR,2024,3748,22
NBL,2015,2781,42
NBL,2016,21324,284
NBL,2017,27381,247
NBL,2018,22705,240
NBL,2019,24263,236
NBL,2020,23104,199
NBL,2021,46460,239
NBL,2022,23239,228
NBL,2023,521,191
NBL,2024,1252,17
NCCBANK,2015,2239,42
NCCBANK,2016,14749,284
NCCBANK,2017,20870,247
NCCBANK,2018,11030,239
NCCBANK,2019,11194,236
NCCBANK,2020,12424,197
NCCBANK,2021,25503,239
NCCBANK,2022,13154,242
NCCBANK,2023,1496,225
NCCBANK,2024,863,22
NCCBLMF1,2015,677,42
NCCBLMF1,2016,3231,278
NCCBLMF1,2017,1613,220
NCCBLMF1,2018,1609,219
NCCBLMF1,2019,4131,229
NCCBLMF1,2020,7454,166
NCCBLMF1,2021,9269,239
NCCBLMF1,2022,3712,243
NCCBLMF1,2023,2106,206
NCCBLMF1,2024,1210,22
NEWLINE,2019,15291,139
NEWLINE,2020,17898,176
NEWLINE,2021,17611,239
NEWLINE,2022,2149,235
NEWLINE,2023,208,199
NEWLINE,2024,134,8
NFML,2015,2976,42
NFML,2016,21812,284
NFML,2017,19864,247
NFML,2018,12541,240
NFML,2019,15664,236
NFML,2020,21138,191
NFML,2021,42151,239
NFML,2022,19145,235
NFML,2023,29520,243
NFML,2024,2651,22
NHFIL,2015,1744,42
NHFIL,2016,15656,284
NHFIL,2017,11844,247
NHFIL,2018,15662,240
NHFIL,2019,18786,236
NHFIL,2020,17451,192
NHFIL,2021,33219,239
NHFIL,2022,35614,243
NHFIL,2023,12542,201
NHFIL,2024,920,20
NIALCO,2022,2340,71
NIALCO,2023,5217,231
NIALCO,2024,512,19
NITOLINS,2015,315,42
NITOLINS,2016,2138,273
NITOLINS,2017,2687,239
NITOLINS,2018,1212,210
NITOLINS,2019,12914,236
NITOLINS,2020,21802,193
NITOLINS,2021,30238,239
NITOLINS,2022,8517,229
NITOLINS,2023,9197,243
NITOLINS,2024,779,21
NORTHERN,2015,1642,42
NORTHERN,2016,12234,284
NORTHERN,2017,14950,246
NORTHERN,2018,16173,240
NORTHERN,2019,14001,236
NORTHERN,2020,24021,195
NORTHERN,2021,15276,238
NORTHERN,2022,11715,241
NORTHERN,2023,11528,242
NORTHERN,2024,259,20
NORTHRNINS,2015,478,41
NORTHRNINS,2016,5058,283
NORTHRNINS,2017,4108,247
NORTHRNINS,2018,4006,239
NORTHRNINS,2019,15343,235
NORTHRNINS,2020,25022,199
NORTHRNINS,2021,27798,239
NORTHRNINS,2022,8242,240
NORTHRNINS,2023,6641,243
NORTHRNINS,2024,731,22
NPOLYMER,2015,2470,42
NPOLYMER,2016,15958,284
NPOLYMER,2017,16960,247
NPOLYMER,2018,13366,240
NPOLYMER,2019,29308,236
NPOLYMER,2020,24873,195
NPOLYMER,2021,26286,225
NPOLYMER,2022,31135,243
NPOLYMER,2023,4530,212
NPOLYMER,2024,1745,20
NRBCBANK,2021,38924,185
NRBCBANK,2022,24567,239
NRBCBANK,2023,859,207
NRBCBANK,2024,1355,20
NTC,2015,117,29
NTC,2016,7764,275
NTC,2017,14908,247
NTC,2018,13599,240
NTC,2019,13798,236
NTC,2020,5067,197
NTC,2021,4945,239
NTC,2022,17103,242
NTC,2023,11213,242
NTC,2024,225,22
NTLTUBES,2015,2065,41
NTLTUBES,2016,18374,284
NTLTUBES,2017,23024,247
NTLTUBES,2018,23608,240
NTLTUBES,2019,32877,236
NTLTUBES,2020,24921,197
NTLTUBES,2021,22644,229
NTLTUBES,2022,20844,236
NTLTUBES,2023,11709,211
NTLTUBES,2024,1033,22
NURANI,2017,12677,142
NURANI,2018,22217,240
NURANI,2019,22916,236
NURANI,2020,11236,183
NURANI,2021,21341,238
NURANI,2022,10920,228
NURANI,2023,372,167
NURANI,2024,532,14
OAL,2015,3552,42
OAL,2016,24146,284
OAL,2017,20278,247
OAL,2018,15726,240
OAL,2019,14599,236
OAL,2020,12633,192
OAL,2021,26692,239
OAL,2022,21477,233
OAL,2023,26153,235
OAL,2024,5368,22
OIMEX,2017,4020,37
OIMEX,2018,21911,239
OIMEX,2019,17959,236
OIMEX,2020,12032,183
OIMEX,2021,17124,223
OIMEX,2022,11862,234
OIMEX,2023,26509,238
OIMEX,2024,2028,22
OLYMPIC,2015,2522,41
OLYMPIC,2016,17993,284
OLYMPIC,2017,15160,247
OLYMPIC,2018,13720,240
OLYMPIC,2019,16427,236
OLYMPIC,2020,11542,197
OLYMPIC,2021,20792,239
OLYMPIC,2022,35110,243
OLYMPIC,2023,31374,243
OLYMPIC,2024,1547,22
ONEBANKLTD,2015,2626,42
ONEBANKLTD,2016,15458,280
ONEBANKLTD,2017,22643,247
ONEBANKLTD,2018,13231,240
ONEBANKLTD,2019,13075,236
ONEBANKLTD,2020,12902,197
ONEBANKLTD,2021,33081,238
ONEBANKLTD,2022,28330,243
ONEBANKLTD,2023,2255,36
ONEBANKPLC,2015,2626,42
ONEBANKPLC,2016,15458,280
ONEBANKPLC,2017,22642,247
ONEBANKPLC,2018,13231,240
ONEBANKPLC,2019,13075,236
ONEBANKPLC,2020,12902,197
ONEBANKPLC,2021,33081,238
ONEBANKPLC,2022,28330,243
ONEBANKPLC,2023,5307,236
ONEBANKPLC,2024,1040,22
ORIONINFU,2015,2839,41
ORIONINFU,2016,22736,284
ORIONINFU,2017,15222,247
ORIONINFU,2018,12909,240
ORIONINFU,2019,15455,235
ORIONINFU,2020,23208,193
ORIONINFU,2021,26427,226
ORIONINFU,2022,37199,243
ORIONINFU,2023,51050,243
ORIONINFU,2024,5178,22
ORIONPHARM,2015,2706,42
ORIONPHARM,2016,20489,284
ORIONPHARM,2017,18638,247
ORIONPHARM,2018,8884,240
ORIONPHARM,2019,10197,236
ORIONPHARM,2020,27727,195
ORIONPHARM,2021,50377,239
ORIONPHARM,2022,54596,243
ORIONPHARM,2023,18209,242
ORIONPHARM,2024,367,22
ORYZAAGRO,2022,2805,70
ORYZAAGRO,2023,5312,233
ORYZAAGRO,2024,1007,19
PADMALIFE,2015,787,41
PADMALIFE,2016,4135,283
PADMALIFE,2017,7505,247
PADMALIFE,2018,11252,240
PADMALIFE,2019,4244,236
PADMALIFE,2020,3746,186
PADMALIFE,2021,16958,238
PADMALIFE,2022,29002,243
PADMALIFE,2023,13247,223
PADMALIFE,2024,752,19
PADMAOIL,2015,2012,41
PADMAOIL,2016,13354,283
PADMAOIL,2017,12332,247
PADMAOIL,2018,6947,240
PADMAOIL,2019,6816,236
PADMAOIL,2020,8158,198
PADMAOIL,2021,9735,239
PADMAOIL,2022,6806,241
PADMAOIL,2023,2075,228
PADMAOIL,2024,469,19
PAPERPROC,2021,12333,131
PAPERPROC,2022,45293,242
PAPERPROC,2023,37654,242
PAPERPROC,2024,2339,22
PARAMOUNT,2015,490,42
PARAMOUNT,2016,5303,282
PARAMOUNT,2017,6053,247
PARAMOUNT,2018,5205,239
PARAMOUNT,2019,20443,236
PARAMOUNT,2020,13596,197
PARAMOUNT,2021,29416,239
PARAMOUNT,2022,13969,239
PARAMOUNT,2023,22364,243
PARAMOUNT,2024,2499,22
PDL,2017,19035,220
PDL,2018,18883,240
PDL,2019,19613,236
PDL,2020,13827,190
PDL,2021,31217,238
PDL,2022,24584,234
PDL,2023,13693,234
PDL,2024,4834,22
PENINSULA,2015,2392,42
PENINSULA,2016,17616,284
PENINSULA,2017,21405,247
PENINSULA,2018,22180,240
PENINSULA,2019,21703,236
PENINSULA,2020,17428,183
PENINSULA,2021,29490,239
PENINSULA,2022,32774,242
PENINSULA,2023,3346,219
PENINSULA,2024,1098,15
PEOPLESINS,2015,572,41
PEOPLESINS,2016,3304,283
PEOPLESINS,2017,3668,247
PEOPLESINS,2018,2150,238
PEOPLESINS,2019,9659,236
PEOPLESINS,2020,21673,187
PEOPLESINS,2021,33632,239
PEOPLESINS,2022,20492,233
PEOPLESINS,2023,18901,241
PEOPLESINS,2024,1949,22
PF1STMF,2015,397,42
PF1STMF,2016,3544,283
PF1STMF,2017,4607,247
PF1STMF,2018,1730,239
PF1STMF,2019,9487,234
PF1STMF,2020,15944,197
PF1STMF,2021,15580,239
PF1STMF,2022,7856,215
PF1STMF,2023,2630,108
PF1STMF,2024,661,22
PHARMAID,2015,1910,39
PHARMAID,2016,13847,284
PHARMAID,2017,15444,247
PHARMAID,2018,25157,240
PHARMAID,2019,25539,236
PHARMAID,2020,17212,197
PHARMAID,2021,24416,239
PHARMAID,2022,28820,243
PHARMAID,2023,361,150
PHARMAID,2024,967,11
PHENIXINS,2015,545,41
PHENIXINS,2016,4276,283
PHENIXINS,2017,2954,243
PHENIXINS,2018,1824,230
PHENIXINS,2019,8327,236
PHENIXINS,2020,12229,198
PHENIXINS,2021,22978,239
PHENIXINS,2022,7951,233
PHENIXINS,2023,10198,243
PHENIXINS,2024,1274,22
PHOENIXFIN,2015,1985,42
PHOENIXFIN,2016,12677,283
PHOENIXFIN,2017,14355,247
PHOENIXFIN,2018,4947,240
PHOENIXFIN,2019,4388,235
PHOENIXFIN,2020,2962,175
PHOENIXFIN,2021,11237,235
PHOENIXFIN,2022,11025,214
PHOENIXFIN,2023,126,78
PHOENIXFIN,2024,649,13
PHPMF1,2015,1136,42
PHPMF1,2016,9080,283
PHPMF1,2017,12609,247
PHPMF1,2018,4546,240
PHPMF1,2019,7788,236
PHPMF1,2020,10118,196
PHPMF1,2021,18021,239
PHPMF1,2022,7559,235
PHPMF1,2023,611,186
PHPMF1,2024,588,21
PIONEERINS,2015,443,39
PIONEERINS,2016,3728,280
PIONEERINS,2017,4681,247
PIONEERINS,2018,3964,238
PIONEERINS,2019,8720,236
PIONEERINS,2020,25102,195
PIONEERINS,2021,34029,239
PIONEERINS,2022,15430,239
PIONEERINS,2023,17436,243
PIONEERINS,2024,1103,22
POPULAR1MF,2015,1148,42
POPULAR1MF,2016,9038,284
POPULAR1MF,2017,13557,247
POPULAR1MF,2018,6004,240
POPULAR1MF,2019,6969,236
POPULAR1MF,2020,9510,195
POPULAR1MF,2021,16489,239
POPULAR1MF,2022,7448,227
POPULAR1MF,2023,491,174
POPULAR1MF,2024,656,20
POPULARLIF,2015,1515,41
POPULARLIF,2016,8518,284
POPULARLIF,2017,7120,247
POPULARLIF,2018,7593,240
POPULARLIF,2019,3030,225
POPULARLIF,2020,3352,164
POPULARLIF,2021,14043,199
POPULARLIF,2022,14652,243
POPULARLIF,2023,27023,243
POPULARLIF,2024,1850,22
POWERGRID,2015,1937,42
POWERGRID,2016,16978,284
POWERGRID,2017,12361,247
POWERGRID,2018,7891,240
POWERGRID,2019,16587,236
POWERGRID,2020,9183,197
POWERGRID,2021,44099,239
POWERGRID,2022,31037,243
POWERGRID,2023,554,188
POWERGRID,2024,1713,19
PRAGATIINS,2015,310,40
PRAGATIINS,2016,2760,275
PRAGATIINS,2017,2789,246
PRAGATIINS,2018,4130,240
PRAGATIINS,2019,5173,236
PRAGATIINS,2020,12694,184
PRAGATIINS,2021,23155,239
PRAGATIINS,2022,11970,243
PRAGATIINS,2023,13592,243
PRAGATIINS,2024,669,22
PRAGATILIF,2015,1626,42
PRAGATILIF,2016,6417,281
PRAGATILIF,2017,4749,246
PRAGATILIF,2018,7576,240
PRAGATILIF,2019,12603,231
PRAGATILIF,2020,8442,189
PRAGATILIF,2021,12644,200
PRAGATILIF,2022,12826,241
PRAGATILIF,2023,26306,243
PRAGATILIF,2024,1635,22
PREMIERBAN,2015,1979,42
PREMIERBAN,2016,15092,284
PREMIERBAN,2017,23123,247
PREMIERBAN,2018,16915,240
PREMIERBAN,2019,27498,236
PREMIERBAN,2020,19502,197
PREMIERBAN,2021,35203,238
PREMIERBAN,2022,24692,243
PREMIERBAN,2023,13256,243
PREMIERBAN,2024,2712,22
PREMIERCEM,2015,1650,41
PREMIERCEM,2016,13434,284
PREMIERCEM,2017,5143,247
PREMIERCEM,2018,2200,238
PREMIERCEM,2019,1565,219
PREMIERCEM,2020,1622,150
PREMIERCEM,2021,13484,225
PREMIERCEM,2022,14809,238
PREMIERCEM,2023,16748,226
PREMIERCEM,2024,1974,22
PREMIERLEA,2015,793,42
PREMIERLEA,2016,12710,284
PREMIERLEA,2017,19192,247
PREMIERLEA,2018,9337,240
PREMIERLEA,2019,13610,236
PREMIERLEA,2020,7945,182
PREMIERLEA,2021,22519,239
PREMIERLEA,2022,8607,224
PREMIERLEA,2023,1689,152
PREMIERLEA,2024,1130,20
PRIME1ICBA,2015,376,41
PRIME1ICBA,2016,3532,283
PRIME1ICBA,2017,3928,247
PRIME1ICBA,2018,1993,238
PRIME1ICBA,2019,4090,236
PRIME1ICBA,2020,6395,198
PRIME1ICBA,2021,4891,239
PRIME1ICBA,2022,1534,168
PRIME1ICBA,2023,412,64
PRIME1ICBA,2024,1918,22
PRIMEBANK,2015,1313,42
PRIMEBANK,2016,6745,283
PRIMEBANK,2017,16643,247
PRIMEBANK,2018,11087,240
PRIMEBANK,2019,7997,236
PRIMEBANK,2020,4420,197
PRIMEBANK,2021,21411,239
PRIMEBANK,2022,8123,243
PRIMEBANK,2023,5252,243
PRIMEBANK,2024,814,22
PRIMEFIN,2015,1547,42
PRIMEFIN,2016,7786,283
PRIMEFIN,2017,8808,247
PRIMEFIN,2018,4364,240
PRIMEFIN,2019,5249,236
PRIMEFIN,2020,8573,177
PRIMEFIN,2021,30520,239
PRIMEFIN,2022,18169,240
PRIMEFIN,2023,2131,143
PRIMEFIN,2024,1246,18
PRIMEINSUR,2015,384,42
PRIMEINSUR,2016,3562,280
PRIMEINSUR,2017,3825,247
PRIMEINSUR,2018,3598,240
PRIMEINSUR,2019,14509,236
PRIMEINSUR,2020,10476,192
PRIMEINSUR,2021,20216,239
PRIMEINSUR,2022,11374,201
PRIMEINSUR,2023,186,77
PRIMEINSUR,2024,623,9
PRIMELIFE,2015,1265,42
PRIMELIFE,2016,5974,285
PRIMELIFE,2017,4364,247
PRIMELIFE,2018,5385,240
PRIMELIFE,2019,7074,235
PRIMELIFE,2020,5370,177
PRIMELIFE,2021,10156,238
PRIMELIFE,2022,13096,240
PRIMELIFE,2023,19258,237
PRIMELIFE,2024,1044,21
PRIMETEX,2015,889,42
PRIMETEX,2016,9561,284
PRIMETEX,2017,8863,247
PRIMETEX,2018,16447,240
PRIMETEX,2019,15768,236
PRIMETEX,2020,10491,186
PRIMETEX,2021,14712,239
PRIMETEX,2022,19496,221
PRIMETEX,2023,2351,170
PRIMETEX,2024,852,21
PROGRESLIF,2015,148,38
PROGRESLIF,2016,1182,244
PROGRESLIF,2017,1221,199
PROGRESLIF,2018,1877,232
PROGRESLIF,2019,4737,234
PROGRESLIF,2020,13038,188
PROGRESLIF,2021,12987,201
PROGRESLIF,2022,8761,228
PROGRESLIF,2023,9477,218
PROGRESLIF,2024,365,21
PROVATIINS,2015,486,42
PROVATIINS,2016,4492,283
PROVATIINS,2017,6935,247
PROVATIINS,2018,7985,239
PROVATIINS,2019,23957,236
PROVATIINS,2020,20655,194
PROVATIINS,2021,13444,239
PROVATIINS,2022,24927,242
PROVATIINS,2023,11836,223
PROVATIINS,2024,1744,22
PTL,2015,1658,42
PTL,2016,15622,284
PTL,2017,20776,247
PTL,2018,18224,240
PTL,2019,16493,236
PTL,2020,20911,186
PTL,2021,34875,239
PTL,2022,22521,238
PTL,2023,3449,230
PTL,2024,1233,19
PUBALIBANK,2015,1813,42
PUBALIBANK,2016,12067,284
PUBALIBANK,2017,17571,247
PUBALIBANK,2018,10020,240
PUBALIBANK,2019,9853,236
PUBALIBANK,2020,6251,197
PUBALIBANK,2021,11492,239
PUBALIBANK,2022,7716,243
PUBALIBANK,2023,5367,242
PUBALIBANK,2024,731,22
PURABIGEN,2015,735,42
PURABIGEN,2016,7183,284
PURABIGEN,2017,12516,246
PURABIGEN,2018,6063,240
PURABIGEN,2019,20621,236
PURABIGEN,2020,23937,190
PURABIGEN,2021,37224,239
PURABIGEN,2022,17671,243
PURABIGEN,2023,20548,242
PURABIGEN,2024,2375,22
QUASEMIND,2015,3797,42
QUASEMIND,2016,24496,284
QUASEMIND,2017,18498,247
QUASEMIND,2018,14212,240
QUASEMIND,2019,15681,236
QUASEMIND,2020,21363,188
QUASEMIND,2021,23102,239
QUASEMIND,2022,24207,225
QUASEMIND,2023,154,79
QUASEMIND,2024,939,12
QUEENSOUTH,2018,18166,190
QUEENSOUTH,2019,13974,236
QUEENSOUTH,2020,10993,179
QUEENSOUTH,2021,26286,236
QUEENSOUTH,2022,33223,235
QUEENSOUTH,2023,1424,197
QUEENSOUTH,2024,1111,15
RAHIMAFOOD,2020,450,3
RAHIMAFOOD,2021,32549,239
RAHIMAFOOD,2022,32033,243
RAHIMAFOOD,2023,14383,232
RAHIMAFOOD,2024,1241,20
RAHIMTEXT,2015,815,42
RAHIMTEXT,2016,9458,284
RAHIMTEXT,2017,9947,247
RAHIMTEXT,2018,12683,240
RAHIMTEXT,2019,12529,236
RAHIMTEXT,2020,5096,168
RAHIMTEXT,2021,6931,200
RAHIMTEXT,2022,7365,223
RAHIMTEXT,2023,3807,212
RAHIMTEXT,2024,270,21
RAKCERAMIC,2015,2996,42
RAKCERAMIC,2016,19061,284
RAKCERAMIC,2017,22095,247
RAKCERAMIC,2018,15134,240
RAKCERAMIC,2019,13366,236
RAKCERAMIC,2020,9334,198
RAKCERAMIC,2021,26592,239
RAKCERAMIC,2022,33684,241
RAKCERAMIC,2023,870,197
RAKCERAMIC,2024,1248,19
RANFOUNDRY,2015,1875,42
RANFOUNDRY,2016,10637,283
RANFOUNDRY,2017,12549,247
RANFOUNDRY,2018,11721,240
RANFOUNDRY,2019,7483,235
RANFOUNDRY,2020,4434,191
RANFOUNDRY,2021,9215,228
RANFOUNDRY,2022,24305,243
RANFOUNDRY,2023,13772,243
RANFOUNDRY,2024,772,22
RDFOOD,2015,1225,42
RDFOOD,2016,11885,282
RDFOOD,2017,19671,247
RDFOOD,2018,20150,240
RDFOOD,2019,14737,236
RDFOOD,2020,15438,193
RDFOOD,2021,25355,239
RDFOOD,2022,24544,236
RDFOOD,2023,34679,239
RDFOOD,2024,2786,22
RECKITTBEN,2015,255,39
RECKITTBEN,2016,1829,262
RECKITTBEN,2017,1780,206
RECKITTBEN,2018,5470,238
RECKITTBEN,2019,18783,236
RECKITTBEN,2020,12655,197
RECKITTBEN,2021,13809,239
RECKITTBEN,2022,6842,240
RECKITTBEN,2023,2055,231
RECKITTBEN,2024,572,22
REGENTTEX,2015,1406,14
REGENTTEX,2016,22898,283
REGENTTEX,2017,22774,247
REGENTTEX,2018,17676,240
REGENTTEX,2019,17101,235
REGENTTEX,2020,11643,186
REGENTTEX,2021,20967,238
REGENTTEX,2022,10886,226
REGENTTEX,2023,381,111
REGENTTEX,2024,697,13
RELIANCE1,2015,314,40
RELIANCE1,2016,2373,276
RELIANCE1,2017,2997,244
RELIANCE1,2018,1149,218
RELIANCE1,2019,4762,234
RELIANCE1,2020,8305,193
RELIANCE1,2021,8044,239
RELIANCE1,2022,1810,205
RELIANCE1,2023,1677,157
RELIANCE1,2024,2200,22
RELIANCINS,2015,147,35
RELIANCINS,2016,2067,269
RELIANCINS,2017,2340,242
RELIANCINS,2018,1753,240
RELIANCINS,2019,4244,235
RELIANCINS,2020,9183,197
RELIANCINS,2021,17210,239
RELIANCINS,2022,9125,243
RELIANCINS,2023,14539,243
RELIANCINS,2024,1540,22
RENATA,2015,1205,42
RENATA,2016,10155,283
RENATA,2017,8560,246
RENATA,2018,8309,240
RENATA,2019,12173,236
RENATA,2020,11927,196
RENATA,2021,16611,239
RENATA,2022,13714,242
RENATA,2023,1356,228
RENATA,2024,71,18
RENWICKJA,2015,291,39
RENWICKJA,2016,6658,277
RENWICKJA,2017,6061,247
RENWICKJA,2018,10724,240
RENWICKJA,2019,13454,234
RENWICKJA,2020,4247,181
RENWICKJA,2021,6602,199
RENWICKJA,2022,4554,212
RENWICKJA,2023,4582,230
RENWICKJA,2024,219,20
REPUBLIC,2015,520,41
REPUBLIC,2016,6006,283
REPUBLIC,2017,4526,245
REPUBLIC,2018,8249,234
REPUBLIC,2019,17962,236
REPUBLIC,2020,22876,198
REPUBLIC,2021,34490,239
REPUBLIC,2022,11445,240
REPUBLIC,2023,19995,243
REPUBLIC,2024,3108,22
RINGSHINE,2019,1979,11
RINGSHINE,2020,21535,197
RINGSHINE,2021,34297,239
RINGSHINE,2022,26709,237
RINGSHINE,2023,670,184
RINGSHINE,2024,1237,14
RNSPIN,2015,1862,42
RNSPIN,2016,14442,285
RNSPIN,2017,23351,246
RNSPIN,2018,16466,240
RNSPIN,2019,18493,234
RNSPIN,2020,9800,196
RNSPIN,2021,21321,239
RNSPIN,2022,13988,234
RNSPIN,2023,1595,195
RNSPIN,2024,709,22
ROBI,2020,810,5
ROBI,2021,56041,237
ROBI,2022,33926,243
ROBI,2023,2967,240
ROBI,2024,248,22
RSRMSTEEL,2015,2992,42
RSRMSTEEL,2016,18326,284
RSRMSTEEL,2017,22777,246
RSRMSTEEL,2018,18867,239
RSRMSTEEL,2019,16200,235
RSRMSTEEL,2020,13786,193
RSRMSTEEL,2021,22969,238
RSRMSTEEL,2022,16193,244
RSRMSTEEL,2023,13058,244
RSRMSTEEL,2024,2037,22
RUNNERAUTO,2019,17353,142
RUNNERAUTO,2020,15705,188
RUNNERAUTO,2021,18309,239
RUNNERAUTO,2022,12233,228
RUNNERAUTO,2023,334,146
RUNNERAUTO,2024,565,11
RUPALIBANK,2015,1263,42
RUPALIBANK,2016,7400,284
RUPALIBANK,2017,15937,247
RUPALIBANK,2018,20039,240
RUPALIBANK,2019,15178,236
RUPALIBANK,2020,9200,191
RUPALIBANK,2021,19518,238
RUPALIBANK,2022,7430,230
RUPALIBANK,2023,16567,207
RUPALIBANK,2024,4640,22
RUPALIINS,2015,572,42
RUPALIINS,2016,6545,284
RUPALIINS,2017,8011,247
RUPALIINS,2018,5138,240
RUPALIINS,2019,20362,236
RUPALIINS,2020,22767,188
RUPALIINS,2021,38920,239
RUPALIINS,2022,18228,241
RUPALIINS,2023,20552,243
RUPALIINS,2024,3664,22
RUPALILIFE,2015,1514,42
RUPALILIFE,2016,12380,283
RUPALILIFE,2017,7950,247
RUPALILIFE,2018,16578,240
RUPALILIFE,2019,24881,236
RUPALILIFE,2020,24108,191
RUPALILIFE,2021,25781,239
RUPALILIFE,2022,18877,243
RUPALILIFE,2023,42376,243
RUPALILIFE,2024,3948,22
SADHESIVE,2022,1601,68
SADHESIVE,2023,2734,227
SADHESIVE,2024,214,19
SAFKOSPINN,2015,1914,42
SAFKOSPINN,2016,11455,284
SAFKOSPINN,2017,15026,247
SAFKOSPINN,2018,16463,240
SAFKOSPINN,2019,15247,236
SAFKOSPINN,2020,6921,175
SAFKOSPINN,2021,21334,239
SAFKOSPINN,2022,21854,221
SAFKOSPINN,2023,3337,190
SAFKOSPINN,2024,731,17
SAIFPOWER,2015,3719,41
SAIFPOWER,2016,21168,283
SAIFPOWER,2017,25783,246
SAIFPOWER,2018,20658,240
SAIFPOWER,2019,16915,236
SAIFPOWER,2020,18323,197
SAIFPOWER,2021,51772,239
SAIFPOWER,2022,42901,242
SAIFPOWER,2023,1566,200
SAIFPOWER,2024,1461,18
SAIHAMCOT,2015,1263,42
SAIHAMCOT,2016,11492,284
SAIHAMCOT,2017,15206,247
SAIHAMCOT,2018,13983,240
SAIHAMCOT,2019,18399,236
SAIHAMCOT,2020,11402,178
SAIHAMCOT,2021,22284,216
SAIHAMCOT,2022,18490,238
SAIHAMCOT,2023,809,149
SAIHAMCOT,2024,667,11
SAIHAMTEX,2015,945,42
SAIHAMTEX,2016,7464,284
SAIHAMTEX,2017,16224,247
SAIHAMTEX,2018,13357,240
SAIHAMTEX,2019,6808,236
SAIHAMTEX,2020,11592,185
SAIHAMTEX,2021,19765,228
SAIHAMTEX,2022,18142,227
SAIHAMTEX,2023,3796,194
SAIHAMTEX,2024,818,17
SALAMCRST,2015,1928,42
SALAMCRST,2016,14787,281
SALAMCRST,2017,12637,247
SALAMCRST,2018,11684,240
SALAMCRST,2019,10325,236
SALAMCRST,2020,8615,185
SALAMCRST,2021,18650,239
SALAMCRST,2022,17804,227
SALAMCRST,2023,114,72
SALAMCRST,2024,584,12
SALVOCHEM,2015,1959,42
SALVOCHEM,2016,15682,284
SALVOCHEM,2017,21028,247
SALVOCHEM,2018,17187,240
SALVOCHEM,2019,10930,234
SALVOCHEM,2020,9021,190
SALVOCHEM,2021,29107,239
SALVOCHEM,2022,26933,242
SALVOCHEM,2023,397,148
SALVOCHEM,2024,1443,14
SAMATALETH,2015,182,35
SAMATALETH,2016,1326,222
SAMATALETH,2017,4894,230
SAMATALETH,2018,6305,240
SAMATALETH,2019,9484,236
SAMATALETH,2020,11485,188
SAMATALETH,2021,11093,187
SAMATALETH,2022,11249,240
SAMATALETH,2023,16382,243
SAMATALETH,2024,1416,22
SAMORITA,2015,2835,41
SAMORITA,2016,12669,284
SAMORITA,2017,12407,247
SAMORITA,2018,9368,240
SAMORITA,2019,6270,236
SAMORITA,2020,8870,189
SAMORITA,2021,14176,238
SAMORITA,2022,24506,243
SAMORITA,2023,22197,242
SAMORITA,2024,3860,22
SANDHANINS,2015,1026,42
SANDHANINS,2016,8093,284
SANDHANINS,2017,8541,247
SANDHANINS,2018,8515,240
SANDHANINS,2019,14669,236
SANDHANINS,2020,20657,182
SANDHANINS,2021,33899,239
SANDHANINS,2022,17130,242
SANDHANINS,2023,18616,242
SANDHANINS,2024,3693,22
SAPORTL,2015,3230,42
SAPORTL,2016,21745,283
SAPORTL,2017,19250,247
SAPORTL,2018,13868,240
SAPORTL,2019,11055,236
SAPORTL,2020,17134,194
SAPORTL,2021,32257,239
SAPORTL,2022,32031,243
SAPORTL,2023,27019,243
SAPORTL,2024,2678,22
SBACBANK,2021,22436,96
SBACBANK,2022,24148,237
SBACBANK,2023,954,221
SBACBANK,2024,1469,21
SEAPEARL,2019,11805,109
SEAPEARL,2020,6561,139
SEAPEARL,2021,21752,166
SEAPEARL,2022,32991,243
SEAPEARL,2023,51939,242
SEAPEARL,2024,5582,22
SEMLFBSLGF,2019,11638,178
SEMLFBSLGF,2020,15708,195
SEMLFBSLGF,2021,14327,239
SEMLFBSLGF,2022,6250,228
SEMLFBSLGF,2023,1088,125
SEMLFBSLGF,2024,513,19
SEMLIBBLSF,2017,1488,204
SEMLIBBLSF,2018,2117,155
SEMLIBBLSF,2019,8712,231
SEMLIBBLSF,2020,13179,190
SEMLIBBLSF,2021,13764,239
SEMLIBBLSF,2022,3294,207
SEMLIBBLSF,2023,1480,140
SEMLIBBLSF,2024,858,22
SEMLLECMF,2016,1509,186
SEMLLECMF,2017,2406,233
SEMLLECMF,2018,5285,240
SEMLLECMF,2019,10317,234
SEMLLECMF,2020,14992,198
SEMLLECMF,2021,15145,239
SEMLLECMF,2022,7408,210
SEMLLECMF,2023,942,96
SEMLLECMF,2024,531,19
SHAHJABANK,2015,1967,42
SHAHJABANK,2016,12252,283
SHAHJABANK,2017,19718,247
SHAHJABANK,2018,13090,240
SHAHJABANK,2019,9636,236
SHAHJABANK,2020,6049,194
SHAHJABANK,2021,12169,239
SHAHJABANK,2022,8753,243
SHAHJABANK,2023,3981,239
SHAHJABANK,2024,690,22
SHASHADNIM,2015,3091,43
SHASHADNIM,2016,17587,284
SHASHADNIM,2017,15456,246
SHASHADNIM,2018,20326,240
SHASHADNIM,2019,19568,236
SHASHADNIM,2020,10964,185
SHASHADNIM,2021,17051,227
SHASHADNIM,2022,14981,224
SHASHADNIM,2023,275,113
SHASHADNIM,2024,535,11
SHEPHERD,2017,16188,200
SHEPHERD,2018,20782,240
SHEPHERD,2019,8043,236
SHEPHERD,2020,10935,191
SHEPHERD,2021,18097,223
SHEPHERD,2022,14413,219
SHEPHERD,2023,435,120
SHEPHERD,2024,542,10
SHURWID,2015,1784,42
SHURWID,2016,7602,282
SHURWID,2017,10839,246
SHURWID,2018,13690,240
SHURWID,2019,28357,235
SHURWID,2020,13337,177
SHURWID,2021,21048,213
SHURWID,2022,22838,237
SHURWID,2023,14891,240
SHURWID,2024,995,22
SHYAMPSUG,2015,83,23
SHYAMPSUG,2016,2145,205
SHYAMPSUG,2017,4652,245
SHYAMPSUG,2018,4878,240
SHYAMPSUG,2019,2497,232
SHYAMPSUG,2020,5196,188
SHYAMPSUG,2021,7049,239
SHYAMPSUG,2022,6478,217
SHYAMPSUG,2023,13662,243
SHYAMPSUG,2024,1369,22
SIBL,2015,1712,42
SIBL,2016,13770,284
SIBL,2017,17872,247
SIBL,2018,11628,240
SIBL,2019,10532,236
SIBL,2020,7963,195
SIBL,2021,17109,239
SIBL,2022,12701,241
SIBL,2023,887,221
SIBL,2024,779,22
SICL,2024,129,6
SILCOPHL,2019,14534,131
SILCOPHL,2020,18245,195
SILCOPHL,2021,22846,237
SILCOPHL,2022,22125,243
SILCOPHL,2023,9483,234
SILCOPHL,2024,849,22
SILVAPHL,2018,8874,54
SILVAPHL,2019,21446,236
SILVAPHL,2020,17892,197
SILVAPHL,2021,25131,236
SILVAPHL,2022,21404,234
SILVAPHL,2023,2542,199
SILVAPHL,2024,1102,21
SIMTEX,2015,2676,29
SIMTEX,2016,15289,284
SIMTEX,2017,13774,247
SIMTEX,2018,12763,240
SIMTEX,2019,20735,236
SIMTEX,2020,14320,183
SIMTEX,2021,20684,236
SIMTEX,2022,18209,235
SIMTEX,2023,25725,243
SIMTEX,2024,2049,22
SINGERBD,2015,3283,42
SINGERBD,2016,19978,284
SINGERBD,2017,18481,247
SINGERBD,2018,18521,240
SINGERBD,2019,24647,236
SINGERBD,2020,18776,196
SINGERBD,2021,18171,239
SINGERBD,2022,11642,240
SINGERBD,2023,3151,234
SINGERBD,2024,1413,22
SINOBANGLA,2015,2779,42
SINOBANGLA,2016,18031,280
SINOBANGLA,2017,11853,247
SINOBANGLA,2018,20373,240
SINOBANGLA,2019,23552,236
SINOBANGLA,2020,22236,190
SINOBANGLA,2021,19304,239
SINOBANGLA,2022,29020,243
SINOBANGLA,2023,34820,243
SINOBANGLA,2024,2372,21
SKICL,2021,6554,39
SKICL,2022,44463,243
SKICL,2023,31338,243
SKICL,2024,2893,22
SKTRIMS,2018,13812,110
SKTRIMS,2019,19957,236
SKTRIMS,2020,8654,175
SKTRIMS,2021,20230,181
SKTRIMS,2022,15353,237
SKTRIMS,2023,26095,243
SKTRIMS,2024,3638,22
SONALIANSH,2015,1976,42
SONALIANSH,2016,13619,284
SONALIANSH,2017,11935,247
SONALIANSH,2018,15560,240
SONALIANSH,2019,23301,236
SONALIANSH,2020,15218,192
SONALIANSH,2021,24898,239
SONALIANSH,2022,24214,243
SONALIANSH,2023,35803,243
SONALIANSH,2024,2604,22
SONALILIFE,2021,23628,118
SONALILIFE,2022,29774,243
SONALILIFE,2023,31801,242
SONALILIFE,2024,2252,22
SONALIPAPR,2020,1658,86
SONALIPAPR,2021,22231,213
SONALIPAPR,2022,37992,242
SONALIPAPR,2023,17512,227
SONALIPAPR,2024,1323,20
SONARBAINS,2015,355,41
SONARBAINS,2016,3083,281
SONARBAINS,2017,4441,244
SONARBAINS,2018,4011,240
SONARBAINS,2019,30811,236
SONARBAINS,2020,27840,181
SONARBAINS,2021,34254,239
SONARBAINS,2022,15626,242
SONARBAINS,2023,14633,238
SONARBAINS,2024,839,22
SONARGAON,2015,547,42
SONARGAON,2016,4274,282
SONARGAON,2017,4600,246
SONARGAON,2018,8672,240
SONARGAON,2019,10364,236
SONARGAON,2020,10485,168
SONARGAON,2021,13126,215
SONARGAON,2022,25809,234
SONARGAON,2023,7714,228
SONARGAON,2024,860,22
SOUTHEASTB,2015,1730,42
SOUTHEASTB,2016,11150,282
SOUTHEASTB,2017,20073,247
SOUTHEASTB,2018,12443,240
SOUTHEASTB,2019,13381,236
SOUTHEASTB,2020,13308,197
SOUTHEASTB,2021,27821,239
SOUTHEASTB,2022,14032,239
SOUTHEASTB,2023,1220,228
SOUTHEASTB,2024,1000,22
SPCERAMICS,2015,1251,42
SPCERAMICS,2016,6841,283
SPCERAMICS,2017,10209,247
SPCERAMICS,2018,10197,240
SPCERAMICS,2019,7546,236
SPCERAMICS,2020,15404,196
SPCERAMICS,2021,46057,239
SPCERAMICS,2022,38064,243
SPCERAMICS,2023,14153,200
SPCERAMICS,2024,1431,17
SPCL,2015,3675,41
SPCL,2016,24128,284
SPCL,2017,21159,247
SPCL,2018,18617,240
SPCL,2019,12705,236
SPCL,2020,14500,197
SPCL,2021,30789,239
SPCL,2022,28474,243
SPCL,2023,892,201
SPCL,2024,56,16
SQUARETEXT,2015,1364,42
SQUARETEXT,2016,9701,284
SQUARETEXT,2017,10163,247
SQUARETEXT,2018,7945,240
SQUARETEXT,2019,6448,236
SQUARETEXT,2020,4480,194
SQUARETEXT,2021,10364,239
SQUARETEXT,2022,22707,243
SQUARETEXT,2023,518,189
SQUARETEXT,2024,1030,17
SQURPHARMA,2015,3917,42
SQURPHARMA,2016,25215,284
SQURPHARMA,2017,25521,247
SQURPHARMA,2018,27546,240
SQURPHARMA,2019,34302,236
SQURPHARMA,2020,36832,197
SQURPHARMA,2021,52167,239
SQURPHARMA,2022,43411,243
SQURPHARMA,2023,24166,243
SQURPHARMA,2024,4027,22
SSSTEEL,2019,26806,224
SSSTEEL,2020,28613,195
SSSTEEL,2021,49983,238
SSSTEEL,2022,32189,241
SSSTEEL,2023,1343,212
SSSTEEL,2024,1525,22
STANCERAM,2015,1872,41
STANCERAM,2016,9719,284
STANCERAM,2017,9085,247
STANCERAM,2018,4890,240
STANCERAM,2019,21939,236
STANCERAM,2020,14451,190
STANCERAM,2021,13490,189
STANCERAM,2022,10456,223
STANCERAM,2023,9690,238
STANCERAM,2024,3023,22
STANDARINS,2015,414,42
STANDARINS,2016,2591,282
STANDARINS,2017,3311,242
STANDARINS,2018,8587,240
STANDARINS,2019,8988,236
STANDARINS,2020,17538,170
STANDARINS,2021,23337,235
STANDARINS,2022,7998,214
STANDARINS,2023,15393,227
STANDARINS,2024,3437,22
STANDBANKL,2015,1444,42
STANDBANKL,2016,11692,284
STANDBANKL,2017,18322,247
STANDBANKL,2018,8100,240
STANDBANKL,2019,8866,236
STANDBANKL,2020,7848,195
STANDBANKL,2021,22520,239
STANDBANKL,2022,9319,235
STANDBANKL,2023,1672,206
STANDBANKL,2024,700,22
STYLECRAFT,2015,151,37
STYLECRAFT,2016,3587,270
STYLECRAFT,2017,4946,246
STYLECRAFT,2018,17651,240
STYLECRAFT,2019,35755,236
STYLECRAFT,2020,25625,197
STYLECRAFT,2021,26065,239
STYLECRAFT,2022,18510,241
STYLECRAFT,2023,16437,243
STYLECRAFT,2024,920,22
SUMITPOWER,2015,3461,42
SUMITPOWER,2016,18596,251
SUMITPOWER,2017,21608,246
SUMITPOWER,2018,19735,240
SUMITPOWER,2019,18487,236
SUMITPOWER,2020,20209,196
SUMITPOWER,2021,49653,239
SUMITPOWER,2022,23436,243
SUMITPOWER,2023,1001,223
SUMITPOWER,2024,1132,20
SUNLIFEINS,2015,1599,42
SUNLIFEINS,2016,7584,284
SUNLIFEINS,2017,4326,247
SUNLIFEINS,2018,5872,240
SUNLIFEINS,2019,9350,236
SUNLIFEINS,2020,3828,169
SUNLIFEINS,2021,8351,239
SUNLIFEINS,2022,21906,243
SUNLIFEINS,2023,11485,189
SUNLIFEINS,2024,930,16
TAKAFULINS,2015,510,42
TAKAFULINS,2016,4325,284
TAKAFULINS,2017,3269,244
TAKAFULINS,2018,1369,220
TAKAFULINS,2019,7642,236
TAKAFULINS,2020,10435,190
TAKAFULINS,2021,13299,238
TAKAFULINS,2022,14935,242
TAKAFULINS,2023,9095,243
TAKAFULINS,2024,631,22
TALLUSPIN,2015,1995,41
TALLUSPIN,2016,17121,284
TALLUSPIN,2017,7312,247
TALLUSPIN,2018,6019,239
TALLUSPIN,2019,4005,237
TALLUSPIN,2020,4240,193
TALLUSPIN,2021,14177,240
TALLUSPIN,2022,10268,220
TALLUSPIN,2023,1124,131
TALLUSPIN,2024,468,19
TAMIJTEX,2021,4421,131
TAMIJTEX,2022,23471,243
TAMIJTEX,2023,10831,215
TAMIJTEX,2024,687,20
TILIL,2023,25817,157
TILIL,2024,3169,22
TITASGAS,2015,3619,41
TITASGAS,2016,22257,284
TITASGAS,2017,18625,247
TITASGAS,2018,11303,240
TITASGAS,2019,11372,236
TITASGAS,2020,12528,197
TITASGAS,2021,25617,239
TITASGAS,2022,28827,242
TITASGAS,2023,438,182
TITASGAS,2024,1221,19
TOSRIFA,2015,2625,43
TOSRIFA,2016,16052,284
TOSRIFA,2017,15773,247
TOSRIFA,2018,10668,240
TOSRIFA,2019,7980,236
TOSRIFA,2020,5941,174
TOSRIFA,2021,14772,239
TOSRIFA,2022,19502,224
TOSRIFA,2023,20903,243
TOSRIFA,2024,2277,22
TRUSTB1MF,2015,1134,42
TRUSTB1MF,2016,7597,283
TRUSTB1MF,2017,10813,247
TRUSTB1MF,2018,4966,240
TRUSTB1MF,2019,7394,236
TRUSTB1MF,2020,13828,197
TRUSTB1MF,2021,20973,239
TRUSTB1MF,2022,7781,231
TRUSTB1MF,2023,1100,210
TRUSTB1MF,2024,633,22
TRUSTBANK,2015,2507,42
TRUSTBANK,2016,13056,281
TRUSTBANK,2017,18169,247
TRUSTBANK,2018,9641,240
TRUSTBANK,2019,7863,236
TRUSTBANK,2020,6326,195
TRUSTBANK,2021,9700,239
TRUSTBANK,2022,5106,232
TRUSTBANK,2023,841,189
TRUSTBANK,2024,434,21
TUNGHAI,2015,1767,42
TUNGHAI,2016,14379,284
TUNGHAI,2017,23151,248
TUNGHAI,2018,7488,241
TUNGHAI,2019,5411,237
TUNGHAI,2020,5288,195
TUNGHAI,2021,13340,239
TUNGHAI,2022,5399,224
TUNGHAI,2023,495,117
TUNGHAI,2024,466,15
UCB,2015,1531,23
UCB,2016,19513,284
UCB,2017,22782,247
UCB,2018,12515,240
UCB,2019,12177,236
UCB,2020,9084,197
UCB,2021,22682,239
UCB,2022,10298,242
UCB,2023,1276,230
UCB,2024,1027,22
UNILEVERCL,2015,251,38
UNILEVERCL,2016,3718,275
UNILEVERCL,2017,3349,246
UNILEVERCL,2018,4544,238
UNILEVERCL,2019,9740,236
UNILEVERCL,2020,9260,194
UNILEVERCL,2021,15464,239
UNILEVERCL,2022,5776,238
UNILEVERCL,2023,8002,242
UNILEVERCL,2024,918,22
UNIONBANK,2022,34526,225
UNIONBANK,2023,2392,238
UNIONBANK,2024,2055,22
UNIONCAP,2015,828,42
UNIONCAP,2016,10934,283
UNIONCAP,2017,17798,247
UNIONCAP,2018,10293,240
UNIONCAP,2019,11493,236
UNIONCAP,2020,10932,194
UNIONCAP,2021,22881,239
UNIONCAP,2022,16588,243
UNIONCAP,2023,17291,233
UNIONCAP,2024,4086,22
UNIONINS,2022,39900,233
UNIONINS,2023,37468,243
UNIONINS,2024,3962,22
UNIQUEHRL,2015,2476,42
UNIQUEHRL,2016,16809,284
UNIQUEHRL,2017,17394,247
UNIQUEHRL,2018,17539,240
UNIQUEHRL,2019,8387,236
UNIQUEHRL,2020,5070,180
UNIQUEHRL,2021,12484,227
UNIQUEHRL,2022,38360,243
UNIQUEHRL,2023,46438,243
UNIQUEHRL,2024,3647,22
UNITEDFIN,2015,1623,43
UNITEDFIN,2016,8878,282
UNITEDFIN,2017,15882,247
UNITEDFIN,2018,6134,240
UNITEDFIN,2019,21434,236
UNITEDFIN,2020,15872,189
UNITEDFIN,2021,29250,239
UNITEDFIN,2022,12472,228
UNITEDFIN,2023,541,129
UNITEDFIN,2024,535,16
UNITEDINS,2015,197,37
UNITEDINS,2016,1980,270
UNITEDINS,2017,1653,233
UNITEDINS,2018,2219,233
UNITEDINS,2019,12238,236
UNITEDINS,2020,11679,183
UNITEDINS,2021,14761,239
UNITEDINS,2022,3993,210
UNITEDINS,2023,10561,238
UNITEDINS,2024,1338,22
UPGDCL,2015,3829,43
UPGDCL,2016,23347,283
UPGDCL,2017,20402,248
UPGDCL,2018,23697,239
UPGDCL,2019,32045,236
UPGDCL,2020,21625,195
UPGDCL,2021,37001,239
UPGDCL,2022,17057,241
UPGDCL,2023,770,211
UPGDCL,2024,663,16
USMANIAGL,2015,1400,40
USMANIAGL,2016,9829,284
USMANIAGL,2017,10011,247
USMANIAGL,2018,22159,240
USMANIAGL,2019,16595,236
USMANIAGL,2020,5082,190
USMANIAGL,2021,7191,238
USMANIAGL,2022,7166,214
USMANIAGL,2023,5787,242
USMANIAGL,2024,392,22
UTTARABANK,2015,2324,42
UTTARABANK,2016,13626,282
UTTARABANK,2017,19572,247
UTTARABANK,2018,17362,240
UTTARABANK,2019,17651,236
UTTARABANK,2020,12117,197
UTTARABANK,2021,25736,239
UTTARABANK,2022,17498,242
UTTARABANK,2023,9430,243
UTTARABANK,2024,2526,22
UTTARAFIN,2015,1959,42
UTTARAFIN,2016,10039,282
UTTARAFIN,2017,14386,247
UTTARAFIN,2018,6430,240
UTTARAFIN,2019,6456,236
UTTARAFIN,2020,6013,190
UTTARAFIN,2021,12733,231
UTTARAFIN,2022,5310,232
UTTARAFIN,2023,536,105
UTTARAFIN,2024,403,12
VAMLBDMF1,2016,1795,198
VAMLBDMF1,2017,1768,223
VAMLBDMF1,2018,638,165
VAMLBDMF1,2019,3125,186
VAMLBDMF1,2020,6470,193
VAMLBDMF1,2021,8991,239
VAMLBDMF1,2022,3231,233
VAMLBDMF1,2023,742,126
VAMLBDMF1,2024,431,20
VAMLRBBF,2016,503,17
VAMLRBBF,2017,1714,233
VAMLRBBF,2018,1318,203
VAMLRBBF,2019,5334,226
VAMLRBBF,2020,7075,194
VAMLRBBF,2021,7517,239
VAMLRBBF,2022,2777,204
VAMLRBBF,2023,447,59
VAMLRBBF,2024,536,22
VFSTDL,2018,9706,76
VFSTDL,2019,24482,236
VFSTDL,2020,16520,184
VFSTDL,2021,23021,227
VFSTDL,2022,24619,232
VFSTDL,2023,184,95
VFSTDL,2024,985,14
WALTONHIL,2020,15157,68
WALTONHIL,2021,40219,238
WALTONHIL,2022,13866,238
WALTONHIL,2023,603,188
WALTONHIL,2024,1180,16
WATACHEM,2015,1185,41
WATACHEM,2016,10932,284
WATACHEM,2017,11294,247
WATACHEM,2018,18318,240
WATACHEM,2019,25798,236
WATACHEM,2020,23647,197
WATACHEM,2021,15885,225
WATACHEM,2022,15200,240
WATACHEM,2023,577,161
WATACHEM,2024,516,12
WMSHIPYARD,2015,3373,42
WMSHIPYARD,2016,13899,285
WMSHIPYARD,2017,19373,245
WMSHIPYARD,2018,25027,239
WMSHIPYARD,2019,22254,235
WMSHIPYARD,2020,19252,193
WMSHIPYARD,2021,30504,239
WMSHIPYARD,2022,22993,239
WMSHIPYARD,2023,18535,229
WMSHIPYARD,2024,4207,22
WONDERTOYS,2022,2158,71
WONDERTOYS,2023,4159,234
WONDERTOYS,2024,144,19
YPL,2016,7120,67
YPL,2017,17006,247
YPL,2018,10772,240
YPL,2019,8720,236
YPL,2020,13372,173
YPL,2021,19064,239
YPL,2022,35349,243
YPL,2023,36322,244
YPL,2024,4657,22
YUSUFLOUR,2022,438,21
YUSUFLOUR,2023,41,29
YUSUFLOUR,2024,22,10
ZAHEENSPIN,2015,3002,42
ZAHEENSPIN,2016,17983,283
ZAHEENSPIN,2017,18986,246
ZAHEENSPIN,2018,14882,239
ZAHEENSPIN,2019,13074,236
ZAHEENSPIN,2020,10468,186
ZAHEENSPIN,2021,17718,231
ZAHEENSPIN,2022,10200,214
ZAHEENSPIN,2023,13364,214
ZAHEENSPIN,2024,1622,22
ZAHINTEX,2015,1236,41
ZAHINTEX,2016,9058,284
ZAHINTEX,2017,15104,247
ZAHINTEX,2018,9737,240
ZAHINTEX,2019,6430,234
ZAHINTEX,2020,5380,187
ZAHINTEX,2021,15856,239
ZAHINTEX,2022,7296,219
ZAHINTEX,2023,2074,123
ZAHINTEX,2024,635,19
ZEALBANGLA,2015,112,36
ZEALBANGLA,2016,3414,252
ZEALBANGLA,2017,6038,247
ZEALBANGLA,2018,3394,240
ZEALBANGLA,2019,1371,202
ZEALBANGLA,2020,3691,151
ZEALBANGLA,2021,6181,239
ZEALBANGLA,2022,4662,190
ZEALBANGLA,2023,7094,240
ZEALBANGLA,2024,510,22
